Temperature,Humidity,Moisture,Soil Type,Crop Type,Nitrogen,Potassium,Phosphorous,Fertilizer Name
26.0,52.0,38.0,Đất cát,Cây bắp,37,0,0,Urea
29.0,52.0,45.0,Đất mùn,Cây mía,12,0,36,DAP
34.0,65.0,62.0,Đất thịt tơi xốp,Cây bông,7,9,30,14-35-14
32.0,62.0,34.0,Đất đỏ bazan,Cây chè,22,0,20,28-28
28.0,54.0,46.0,Đất sét,Cây lúa,35,0,0,Urea
26.0,52.0,35.0,Đất cát,Cây đậu phộng (Lạc),12,10,13,17-17-17
25.0,50.0,64.0,Đất đỏ bazan,Cây bông,9,0,10,20-20
33.0,64.0,50.0,Đất mùn,Cây chuối,41,0,0,Urea
30.0,60.0,42.0,Đất cát,Millets,21,0,18,28-28
29.0,58.0,33.0,Đất thịt tơi xốp,Các loại hạt (hạt mè, hạt  cải),9,7,30,14-35-14
27.0,54.0,28.0,Đất sét,Các loại đậu,13,0,40,DAP
31.0,62.0,48.0,Đất cát,Cây bắp,14,15,12,17-17-17
25.0,50.0,65.0,Đất mùn,Cây bông,36,0,0,Urea
32.0,62.0,41.0,Đất sét,Cây lúa,24,0,22,28-28
26.0,52.0,31.0,Đất đỏ bazan,Khoai tây,14,0,41,DAP
31.0,62.0,49.0,Đất thịt tơi xốp,Cây mía,10,13,14,17-17-17
33.0,64.0,34.0,Đất sét,Các loại đậu,38,0,0,Urea
25.0,50.0,39.0,Đất cát,Cây đậu phộng (Lạc),21,0,19,28-28
28.0,54.0,65.0,Đất thịt tơi xốp,Cây bông,39,0,0,Urea
29.0,58.0,52.0,Đất mùn,Cây chuối,13,0,36,DAP
30.0,60.0,44.0,Đất cát,Millets,10,0,9,20-20
34.0,65.0,53.0,Đất mùn,Cây mía,12,14,12,17-17-17
35.0,68.0,33.0,Đất đỏ bazan,Cây chè,11,0,37,DAP
28.0,54.0,37.0,Đất thịt tơi xốp,Millets,36,0,0,Urea
33.0,64.0,39.0,Đất sét,Cây lúa,13,0,10,20-20
26.0,52.0,44.0,Đất cát,Cây bắp,23,0,20,28-28
30.0,60.0,63.0,Đất đỏ bazan,Cây bông,9,9,29,14-35-14
32.0,62.0,30.0,Đất mùn,Cây mía,38,0,0,Urea
37.0,70.0,32.0,Đất thịt tơi xốp,Các loại hạt (hạt mè, hạt  cải),12,0,39,DAP
26.0,52.0,36.0,Đất sét,Các loại đậu,14,0,13,20-20
29.0,58.0,40.0,Đất đỏ bazan,Khoai tây,24,0,23,28-28
30.0,60.0,27.0,Đất mùn,Cây mía,12,0,40,DAP
34.0,65.0,38.0,Đất sét,Cây lúa,39,0,0,Urea
36.0,68.0,38.0,Đất cát,Cây đậu phộng (Lạc),7,9,30,14-35-14
26.0,52.0,48.0,Đất mùn,Cây chuối,23,0,19,28-28
28.0,54.0,35.0,Đất thịt tơi xốp,Millets,41,0,0,Urea
30.0,60.0,61.0,Đất mùn,Cây bông,8,10,31,14-35-14
37.0,70.0,37.0,Đất sét,Cây lúa,12,0,41,DAP
25.0,50.0,26.0,Đất đỏ bazan,Khoai tây,15,14,11,17-17-17
29.0,58.0,34.0,Đất cát,Millets,15,0,37,DAP
27.0,54.0,30.0,Đất sét,Các loại đậu,13,0,13,20-20
30.0,60.0,58.0,Đất mùn,Cây mía,10,7,32,14-35-14
32.0,62.0,34.0,Đất đỏ bazan,Cây chè,22,0,24,28-28
34.0,65.0,60.0,Đất thịt tơi xốp,Cây mía,35,0,0,Urea
35.0,67.0,42.0,Đất cát,Cây đậu phộng (Lạc),10,0,35,DAP
38.0,70.0,48.0,Đất mùn,Cây chuối,8,8,28,14-35-14
26.0,52.0,32.0,Đất thịt tơi xốp,Các loại hạt (hạt mè, hạt  cải),12,0,8,20-20
29.0,58.0,43.0,Đất sét,Cây lúa,24,0,18,28-28
30.0,60.0,29.0,Đất đỏ bazan,Khoai tây,41,0,0,Urea
33.0,64.0,51.0,Đất cát,Cây bắp,5,9,29,14-35-14
34.0,65.0,31.0,Đất đỏ bazan,Cây chè,23,0,21,28-28
36.0,68.0,33.0,Đất thịt tơi xốp,Các loại hạt (hạt mè, hạt  cải),13,0,14,20-20
28.0,54.0,38.0,Đất sét,Các loại đậu,40,0,0,Urea
30.0,60.0,47.0,Đất cát,Cây đậu phộng (Lạc),12,0,42,DAP
31.0,62.0,63.0,Đất đỏ bazan,Cây bông,11,12,15,17-17-17
27.0,53.0,43.0,Đất thịt tơi xốp,Millets,23,0,24,28-28
34.0,65.0,54.0,Đất mùn,Cây chuối,38,0,0,Urea
29.0,58.0,37.0,Đất cát,Millets,8,0,15,20-20
25.0,50.0,56.0,Đất mùn,Cây mía,11,13,15,17-17-17
32.0,62.0,34.0,Đất đỏ bazan,Khoai tây,15,0,37,DAP
28.0,54.0,41.0,Đất sét,Cây lúa,36,0,0,Urea
30.0,60.0,49.0,Đất mùn,Cây chuối,13,0,9,20-20
34.0,65.0,64.0,Đất thịt tơi xốp,Cây bông,24,0,20,28-28
28.0,54.0,47.0,Đất cát,Cây đậu phộng (Lạc),5,18,15,10-26-26
27.0,53.0,35.0,Đất thịt tơi xốp,Các loại hạt (hạt mè, hạt  cải),37,0,0,Urea
36.0,68.0,62.0,Đất đỏ bazan,Cây bông,15,0,40,DAP
34.0,65.0,57.0,Đất thịt tơi xốp,Cây mía,9,0,13,20-20
29.0,58.0,55.0,Đất mùn,Cây mía,8,8,33,14-35-14
25.0,50.0,40.0,Đất sét,Các loại đậu,6,19,16,10-26-26
30.0,60.0,38.0,Đất cát,Millets,10,0,14,20-20
26.0,52.0,39.0,Đất sét,Các loại đậu,21,0,23,28-28
31.0,62.0,32.0,Đất đỏ bazan,Cây chè,39,0,0,Urea
34.0,65.0,48.0,Đất mùn,Cây chuối,23,0,19,28-28
27.0,53.0,34.0,Đất thịt tơi xốp,Các loại hạt (hạt mè, hạt  cải),42,0,0,Urea
33.0,64.0,31.0,Đất đỏ bazan,Khoai tây,13,0,39,DAP
29.0,58.0,42.0,Đất sét,Cây lúa,9,10,22,14-35-14
30.0,60.0,47.0,Đất cát,Cây bắp,22,0,21,28-28
27.0,53.0,59.0,Đất mùn,Cây mía,10,0,15,20-20
26.0,52.0,36.0,Đất sét,Các loại đậu,7,16,20,10-26-26
34.0,65.0,63.0,Đất đỏ bazan,Cây bông,14,0,38,DAP
28.0,54.0,43.0,Đất sét,Cây lúa,10,8,29,14-35-14
30.0,60.0,40.0,Đất cát,Millets,41,0,0,Urea
29.0,58.0,65.0,Đất thịt tơi xốp,Cây bông,14,0,35,DAP
26.0,52.0,59.0,Đất mùn,Cây mía,11,0,9,20-20
31.0,62.0,44.0,Đất cát,Cây đậu phộng (Lạc),21,0,28,28-28
35.0,67.0,28.0,Đất sét,Các loại đậu,8,7,31,14-35-14
29.0,58.0,30.0,Đất đỏ bazan,Cây chè,13,17,16,10-26-26
27.0,53.0,30.0,Đất thịt tơi xốp,Millets,35,0,0,Urea
36.0,68.0,50.0,Đất mùn,Cây chuối,12,18,19,10-26-26
29.0,58.0,61.0,Đất mùn,Cây bông,11,0,38,DAP
30.0,60.0,26.0,Đất thịt tơi xốp,Các loại hạt (hạt mè, hạt  cải),8,9,30,14-35-14
34.0,65.0,45.0,Đất sét,Cây lúa,6,19,21,10-26-26
36.0,68.0,41.0,Đất đỏ bazan,Khoai tây,41,0,0,Urea
28.0,54.0,25.0,Đất cát,Cây bắp,9,10,30,14-35-14
25.0,50.0,32.0,Đất sét,Các loại đậu,24,0,19,28-28
30.0,60.0,27.0,Đất đỏ bazan,Cây chè,4,17,17,10-26-26
38.0,72.0,51.0,Đất mùn,Cây chuối,39,0,0,Urea
36.0,60.0,43.0,Đất cát,Millets,15,0,41,DAP
29.0,58.0,57.0,Đất thịt tơi xốp,Cây mía,12,0,10,20-20
27.58,59.21,31.27,Đất mùn,Cây bông,20,2,15,DAP
27.45,66.38,50.14,Đất thịt tơi xốp,Millets,9,12,14,28-28
27.25,63.62,40.35,Đất thịt tơi xốp,Cây chuối,28,0,22,Urea
28.84,58.91,33.06,Đất sét,Millets,8,9,28,17-17-17
25.86,48.46,46.25,Đất đỏ bazan,Khoai tây,40,2,0,28-28
25.59,63.6,46.33,Đất sét,Cây bông,11,0,11,28-28
29.17,68.19,30.65,Đất cát,Các loại hạt (hạt mè, hạt  cải),6,4,14,Urea
36.05,73.59,58.17,Đất đỏ bazan,Millets,9,14,11,17-17-17
26.76,64.22,53.63,Đất cát,Khoai tây,5,8,30,28-28
27.66,53.58,40.96,Đất đỏ bazan,Cây bông,41,0,3,20-20
28.27,52.88,43.3,Đất thịt tơi xốp,Cây chuối,40,0,0,10-26-26
38.39,69.51,65.09,Đất sét,Các loại hạt (hạt mè, hạt  cải),8,1,16,Urea
28.74,56.8,54.07,Đất mùn,Cây bông,15,0,35,DAP
30.63,63.88,38.71,Đất mùn,Cây lúa,19,4,28,DAP
26.02,52.46,31.12,Đất mùn,Cây đậu phộng (Lạc),11,5,12,10-26-26
34.71,64.94,52.62,Đất cát,Các loại hạt (hạt mè, hạt  cải),9,22,21,14-35-14
23.71,51.25,30.5,Đất thịt tơi xốp,Các loại hạt (hạt mè, hạt  cải),11,0,8,17-17-17
30.63,61.45,23.18,Đất thịt tơi xốp,Cây bắp,37,2,4,17-17-17
23.63,52.62,31.03,Đất sét,Cây mía,12,13,13,14-35-14
27.65,58.09,69.07,Đất sét,Các loại hạt (hạt mè, hạt  cải),16,3,32,10-26-26
31.19,60.94,30.51,Đất thịt tơi xốp,Cây lúa,12,0,36,Urea
37.12,72.87,47.06,Đất cát,Cây chè,45,2,0,Urea
33.52,60.46,47.85,Đất thịt tơi xốp,Các loại đậu,7,15,16,DAP
29.44,59.34,55.51,Đất mùn,Cây mía,10,3,31,17-17-17
33.24,69.48,65.48,Đất sét,Cây bông,8,13,28,10-26-26
20.85,53.18,43.77,Đất mùn,Cây chè,2,20,19,Urea
38.42,73.97,50.41,Đất mùn,Cây mía,11,1,36,DAP
29.04,71.09,21.12,Đất cát,Cây bắp,34,0,3,14-35-14
23.59,55.82,62.92,Đất đỏ bazan,Cây mía,39,0,0,Urea
38.56,73.46,30.62,Đất thịt tơi xốp,Các loại đậu,11,0,32,28-28
30.87,63.94,46.2,Đất cát,Cây bông,15,0,8,Urea
25.83,51.1,59.57,Đất cát,Cây bắp,38,4,0,Urea
34.51,63.92,70.0,Đất mùn,Cây mía,14,0,35,17-17-17
31.92,62.59,27.78,Đất cát,Các loại đậu,18,0,25,DAP
28.43,58.72,43.9,Đất cát,Cây mía,13,16,11,20-20
27.53,55.04,57.07,Đất cát,Các loại đậu,4,0,14,28-28
24.53,67.4,48.49,Đất đỏ bazan,Cây lúa,8,9,18,20-20
30.82,51.91,54.23,Đất đỏ bazan,Cây chuối,15,4,33,14-35-14
32.53,59.45,20.16,Đất mùn,Cây bông,9,15,16,17-17-17
28.17,58.69,34.11,Đất cát,Cây bông,12,8,33,20-20
29.25,54.52,41.4,Đất sét,Cây lúa,35,0,0,28-28
22.26,51.36,48.36,Đất mùn,Cây chè,6,16,17,Urea
30.76,66.64,56.32,Đất đỏ bazan,Khoai tây,41,3,4,28-28
27.84,66.53,36.89,Đất mùn,Cây mía,7,11,20,Urea
29.21,64.21,54.95,Đất đỏ bazan,Cây chuối,7,11,31,14-35-14
26.01,59.52,35.75,Đất mùn,Các loại đậu,11,13,15,28-28
29.5,55.42,51.17,Đất đỏ bazan,Cây bông,23,0,23,10-26-26
32.98,62.02,33.12,Đất đỏ bazan,Cây chuối,40,0,0,10-26-26
24.24,59.04,50.07,Đất mùn,Cây đậu phộng (Lạc),38,0,1,Urea
33.54,59.28,52.09,Đất sét,Cây chuối,21,3,20,20-20
34.43,72.28,62.22,Đất sét,Khoai tây,35,4,0,17-17-17
32.19,68.94,67.37,Đất cát,Cây đậu phộng (Lạc),15,0,33,20-20
32.55,71.46,67.14,Đất sét,Các loại hạt (hạt mè, hạt  cải),5,7,32,20-20
28.38,52.02,43.83,Đất mùn,Cây chuối,13,0,38,10-26-26
25.4,43.57,38.51,Đất đỏ bazan,Cây bắp,36,0,0,28-28
33.8,52.28,53.31,Đất sét,Millets,12,15,15,28-28
28.38,47.58,34.86,Đất thịt tơi xốp,Cây lúa,20,0,20,28-28
28.37,59.8,35.35,Đất thịt tơi xốp,Các loại hạt (hạt mè, hạt  cải),23,2,16,17-17-17
30.08,73.84,41.22,Đất cát,Cây mía,1,14,22,10-26-26
34.95,64.93,62.63,Đất sét,Cây chuối,31,1,0,14-35-14
35.56,74.88,52.16,Đất sét,Cây bông,20,0,21,14-35-14
24.05,52.76,58.9,Đất cát,Các loại hạt (hạt mè, hạt  cải),7,1,7,DAP
23.42,53.65,69.68,Đất cát,Cây đậu phộng (Lạc),11,3,14,20-20
31.68,62.14,42.55,Đất thịt tơi xốp,Cây mía,17,0,31,17-17-17
31.03,69.0,49.46,Đất mùn,Cây bắp,19,0,19,20-20
31.78,44.27,45.07,Đất mùn,Cây bắp,5,8,32,DAP
22.3,60.64,40.78,Đất cát,Khoai tây,39,0,2,28-28
26.39,52.62,22.27,Đất cát,Cây bông,8,1,43,17-17-17
29.36,64.39,20.0,Đất đỏ bazan,Cây chè,13,4,39,10-26-26
26.67,47.94,34.08,Đất thịt tơi xốp,Cây mía,13,0,8,DAP
26.75,56.87,20.0,Đất sét,Cây đậu phộng (Lạc),12,6,30,17-17-17
30.64,65.77,32.86,Đất sét,Cây mía,24,0,17,17-17-17
29.89,48.59,38.0,Đất sét,Các loại đậu,26,0,21,28-28
28.61,62.22,41.53,Đất mùn,Khoai tây,8,13,18,Urea
37.09,63.72,47.99,Đất đỏ bazan,Cây mía,39,2,0,17-17-17
21.78,55.6,33.66,Đất mùn,Cây bắp,37,3,0,10-26-26
30.42,70.37,55.92,Đất đỏ bazan,Cây chuối,2,5,25,17-17-17
35.39,52.28,42.97,Đất cát,Các loại đậu,10,17,12,10-26-26
30.53,52.17,41.92,Đất thịt tơi xốp,Các loại hạt (hạt mè, hạt  cải),3,15,15,Urea
28.09,56.62,36.14,Đất mùn,Khoai tây,10,0,34,20-20
22.95,55.86,31.58,Đất thịt tơi xốp,Cây lúa,16,3,22,28-28
32.06,75.56,55.73,Đất cát,Cây chè,18,1,38,17-17-17
38.4,67.88,62.06,Đất sét,Cây bắp,11,11,16,28-28
33.59,66.16,69.67,Đất cát,Các loại đậu,12,13,27,20-20
26.47,62.91,46.87,Đất cát,Khoai tây,10,4,11,28-28
31.56,58.25,29.12,Đất mùn,Các loại hạt (hạt mè, hạt  cải),13,21,14,14-35-14
29.13,56.72,67.72,Đất sét,Khoai tây,8,13,32,17-17-17
23.35,59.98,63.83,Đất thịt tơi xốp,Các loại hạt (hạt mè, hạt  cải),36,4,0,14-35-14
26.75,58.1,39.27,Đất sét,Cây bắp,19,0,20,14-35-14
30.42,48.76,42.28,Đất đỏ bazan,Millets,41,0,1,17-17-17
24.9,51.02,31.9,Đất mùn,Khoai tây,14,13,8,17-17-17
27.31,57.3,22.41,Đất mùn,Cây chuối,34,1,0,Urea
31.5,74.7,23.25,Đất sét,Khoai tây,8,1,9,DAP
27.63,69.25,41.18,Đất mùn,Millets,19,0,26,DAP
22.59,45.7,33.13,Đất thịt tơi xốp,Cây bắp,38,0,4,14-35-14
35.97,60.1,26.8,Đất thịt tơi xốp,Cây chè,11,2,40,20-20
27.69,55.55,27.9,Đất đỏ bazan,Cây mía,26,2,22,20-20
24.27,52.43,62.34,Đất mùn,Millets,6,1,14,DAP
30.42,50.01,26.27,Đất thịt tơi xốp,Khoai tây,9,3,11,28-28
31.52,44.64,42.86,Đất đỏ bazan,Cây đậu phộng (Lạc),13,0,35,28-28
30.64,57.57,46.45,Đất đỏ bazan,Cây chuối,12,4,13,20-20
22.17,47.78,43.03,Đất sét,Cây lúa,15,0,16,28-28
36.5,65.85,42.33,Đất mùn,Cây bắp,5,10,32,10-26-26
35.13,65.69,37.76,Đất thịt tơi xốp,Cây bắp,8,4,6,28-28
24.82,53.75,47.97,Đất thịt tơi xốp,Khoai tây,6,14,10,DAP
31.24,55.88,37.05,Đất cát,Các loại hạt (hạt mè, hạt  cải),6,0,9,Urea
29.77,46.18,63.79,Đất mùn,Cây bông,5,3,14,10-26-26
25.86,46.65,32.67,Đất sét,Các loại hạt (hạt mè, hạt  cải),35,0,0,17-17-17
30.15,60.77,42.93,Đất sét,Cây bông,44,0,0,Urea
29.46,59.4,49.1,Đất sét,Khoai tây,10,0,12,28-28
29.37,64.45,64.66,Đất thịt tơi xốp,Cây bông,38,0,0,10-26-26
23.63,58.75,35.6,Đất đỏ bazan,Các loại hạt (hạt mè, hạt  cải),19,0,18,28-28
32.45,60.24,55.92,Đất cát,Millets,10,5,31,28-28
37.34,63.39,25.36,Đất đỏ bazan,Cây lúa,15,4,39,14-35-14
30.41,67.24,65.58,Đất mùn,Cây bông,3,8,34,17-17-17
31.9,55.45,59.87,Đất cát,Cây đậu phộng (Lạc),12,0,37,14-35-14
35.85,52.79,54.13,Đất sét,Cây bông,16,13,16,17-17-17
28.87,49.91,35.02,Đất đỏ bazan,Các loại đậu,20,0,23,10-26-26
26.33,50.2,45.34,Đất sét,Các loại hạt (hạt mè, hạt  cải),9,19,18,10-26-26
29.67,58.75,40.69,Đất cát,Cây mía,35,0,0,Urea
32.2,50.72,39.63,Đất sét,Khoai tây,23,0,15,28-28
29.24,62.15,51.65,Đất thịt tơi xốp,Millets,6,0,41,10-26-26
34.15,71.16,41.7,Đất đỏ bazan,Cây lúa,37,0,1,Urea
31.56,55.15,56.8,Đất đỏ bazan,Cây đậu phộng (Lạc),9,0,35,DAP
24.76,56.88,20.0,Đất sét,Các loại hạt (hạt mè, hạt  cải),9,0,36,10-26-26
34.15,63.96,47.64,Đất đỏ bazan,Cây đậu phộng (Lạc),11,0,14,14-35-14
30.7,57.71,38.36,Đất cát,Cây chuối,9,4,18,28-28
34.89,53.79,37.58,Đất đỏ bazan,Khoai tây,23,2,22,Urea
26.7,63.42,24.65,Đất cát,Cây bông,13,1,42,17-17-17
23.75,61.43,52.94,Đất thịt tơi xốp,Khoai tây,37,0,0,DAP
25.73,52.9,46.14,Đất đỏ bazan,Cây bông,21,0,18,20-20
25.36,50.91,24.39,Đất mùn,Cây chuối,13,0,10,20-20
36.35,61.89,65.38,Đất thịt tơi xốp,Cây mía,39,0,0,DAP
21.91,46.66,45.27,Đất thịt tơi xốp,Millets,24,0,21,14-35-14
26.44,65.84,50.2,Đất sét,Các loại đậu,10,0,9,28-28
28.93,50.28,20.33,Đất đỏ bazan,Cây chuối,8,0,12,Urea
30.06,53.68,70.0,Đất cát,Cây bắp,7,6,34,20-20
35.29,64.13,46.59,Đất sét,Các loại đậu,16,13,13,14-35-14
24.61,63.9,70.0,Đất mùn,Các loại đậu,41,2,0,DAP
29.38,60.44,45.57,Đất sét,Millets,19,0,22,14-35-14
30.2,51.16,32.5,Đất đỏ bazan,Cây đậu phộng (Lạc),20,0,19,DAP
32.46,68.2,64.77,Đất cát,Cây mía,11,0,9,14-35-14
24.26,53.19,67.73,Đất sét,Các loại hạt (hạt mè, hạt  cải),34,0,4,DAP
37.9,75.51,25.35,Đất sét,Khoai tây,11,0,35,DAP
31.1,55.48,46.43,Đất cát,Cây bông,34,0,2,Urea
31.75,62.4,34.97,Đất thịt tơi xốp,Cây chuối,17,0,15,Urea
27.29,57.56,53.09,Đất thịt tơi xốp,Các loại đậu,15,11,11,20-20
26.71,55.89,69.87,Đất mùn,Cây lúa,15,0,40,14-35-14
29.25,56.07,33.6,Đất thịt tơi xốp,Các loại hạt (hạt mè, hạt  cải),21,0,18,DAP
29.73,58.67,29.64,Đất đỏ bazan,Cây đậu phộng (Lạc),17,0,20,17-17-17
31.62,57.88,42.77,Đất sét,Các loại hạt (hạt mè, hạt  cải),10,12,18,14-35-14
25.93,54.07,23.84,Đất mùn,Cây bắp,8,13,12,14-35-14
26.47,55.37,59.34,Đất cát,Cây bắp,11,1,12,20-20
21.92,53.0,33.57,Đất thịt tơi xốp,Cây đậu phộng (Lạc),18,0,42,17-17-17
24.35,58.11,34.04,Đất sét,Các loại hạt (hạt mè, hạt  cải),4,0,10,28-28
29.55,45.99,50.06,Đất đỏ bazan,Cây mía,9,4,10,10-26-26
28.29,60.24,33.44,Đất thịt tơi xốp,Các loại đậu,33,0,2,DAP
31.31,73.26,70.0,Đất mùn,Các loại đậu,11,2,41,14-35-14
30.05,58.21,23.31,Đất mùn,Cây bông,43,0,0,17-17-17
31.27,62.18,32.06,Đất cát,Cây lúa,21,4,24,14-35-14
32.51,61.45,70.0,Đất mùn,Khoai tây,10,1,32,Urea
23.98,44.94,20.0,Đất cát,Các loại hạt (hạt mè, hạt  cải),14,11,13,28-28
30.28,69.29,53.16,Đất cát,Cây chè,39,1,2,10-26-26
28.02,54.85,55.71,Đất cát,Cây mía,10,9,18,20-20
28.66,56.26,39.29,Đất thịt tơi xốp,Cây mía,37,0,1,DAP
30.85,70.39,29.35,Đất thịt tơi xốp,Millets,22,0,26,10-26-26
24.51,62.55,65.83,Đất mùn,Các loại đậu,13,4,5,Urea
22.33,56.84,29.98,Đất thịt tơi xốp,Khoai tây,18,4,23,14-35-14
29.75,55.39,28.42,Đất cát,Cây chè,42,1,4,14-35-14
28.27,52.86,22.36,Đất sét,Khoai tây,41,0,2,10-26-26
33.27,67.2,40.49,Đất mùn,Cây lúa,17,0,12,10-26-26
38.53,70.2,28.94,Đất mùn,Millets,10,0,32,17-17-17
25.2,60.02,69.92,Đất cát,Các loại hạt (hạt mè, hạt  cải),8,14,31,20-20
23.66,55.66,31.32,Đất đỏ bazan,Cây chuối,38,0,2,20-20
35.01,71.58,39.2,Đất thịt tơi xốp,Cây chuối,9,0,16,14-35-14
36.92,69.78,32.64,Đất sét,Cây bắp,12,2,31,14-35-14
23.74,47.23,43.64,Đất đỏ bazan,Cây chè,18,0,19,10-26-26
30.51,48.99,28.68,Đất thịt tơi xốp,Cây chè,6,0,11,14-35-14
27.02,68.83,33.05,Đất thịt tơi xốp,Cây chè,0,16,19,Urea
27.77,42.89,59.1,Đất đỏ bazan,Cây đậu phộng (Lạc),6,2,13,Urea
39.65,63.55,47.33,Đất đỏ bazan,Cây bông,3,12,30,Urea
37.27,64.08,36.28,Đất đỏ bazan,Cây đậu phộng (Lạc),15,4,45,20-20
27.93,64.17,62.13,Đất thịt tơi xốp,Các loại đậu,7,0,6,20-20
29.95,61.75,36.58,Đất thịt tơi xốp,Cây mía,37,0,0,28-28
24.97,59.24,47.46,Đất cát,Cây lúa,26,0,21,20-20
27.68,61.68,59.47,Đất sét,Cây lúa,18,0,36,17-17-17
23.82,47.74,30.62,Đất thịt tơi xốp,Cây bông,2,20,12,17-17-17
34.57,69.61,57.23,Đất sét,Các loại đậu,38,0,0,DAP
35.1,70.14,56.12,Đất mùn,Các loại đậu,16,0,44,20-20
33.71,59.42,29.32,Đất thịt tơi xốp,Cây đậu phộng (Lạc),16,0,38,14-35-14
24.75,45.31,49.7,Đất sét,Cây bông,23,0,23,10-26-26
37.36,59.64,53.7,Đất mùn,Millets,3,12,31,10-26-26
32.22,56.29,48.76,Đất thịt tơi xốp,Cây bắp,35,0,2,10-26-26
32.35,48.81,46.33,Đất mùn,Cây lúa,31,3,0,20-20
40.0,80.0,59.99,Đất sét,Cây bông,42,0,0,10-26-26
25.85,62.32,48.82,Đất đỏ bazan,Cây bông,33,3,0,DAP
30.61,66.36,42.09,Đất đỏ bazan,Cây đậu phộng (Lạc),8,22,18,DAP
34.51,54.79,54.12,Đất mùn,Cây bắp,5,6,26,28-28
29.66,43.74,43.31,Đất đỏ bazan,Cây lúa,35,3,2,20-20
31.75,46.82,37.35,Đất đỏ bazan,Cây bắp,16,0,15,DAP
25.43,68.65,39.28,Đất đỏ bazan,Các loại hạt (hạt mè, hạt  cải),20,0,17,10-26-26
30.97,58.53,29.79,Đất mùn,Cây chuối,10,21,13,17-17-17
28.58,71.66,46.04,Đất đỏ bazan,Các loại hạt (hạt mè, hạt  cải),10,12,9,10-26-26
29.87,63.64,61.4,Đất thịt tơi xốp,Cây chuối,15,16,10,20-20
25.09,54.56,34.08,Đất đỏ bazan,Cây bắp,19,0,21,28-28
29.76,45.13,30.91,Đất đỏ bazan,Cây bông,35,2,0,DAP
31.38,69.36,35.4,Đất thịt tơi xốp,Cây chè,35,3,0,Urea
36.7,70.28,23.31,Đất cát,Khoai tây,37,0,0,10-26-26
26.91,44.27,23.76,Đất mùn,Cây đậu phộng (Lạc),18,0,45,10-26-26
30.83,53.08,47.02,Đất thịt tơi xốp,Các loại hạt (hạt mè, hạt  cải),7,0,5,DAP
31.98,55.89,57.6,Đất đỏ bazan,Cây đậu phộng (Lạc),37,4,0,17-17-17
30.46,48.84,33.31,Đất đỏ bazan,Cây lúa,23,1,25,14-35-14
29.24,54.29,47.85,Đất sét,Cây lúa,14,9,32,Urea
31.38,67.84,59.74,Đất mùn,Cây bắp,12,0,34,10-26-26
29.08,54.19,61.72,Đất sét,Cây bắp,41,0,1,14-35-14
40.0,60.8,50.41,Đất thịt tơi xốp,Cây bông,12,10,23,10-26-26
23.18,53.55,20.0,Đất thịt tơi xốp,Khoai tây,19,15,15,17-17-17
32.61,54.79,70.0,Đất thịt tơi xốp,Cây đậu phộng (Lạc),40,4,0,Urea
36.12,72.17,33.4,Đất cát,Cây lúa,9,0,37,Urea
23.88,57.05,35.25,Đất mùn,Cây đậu phộng (Lạc),40,3,0,20-20
30.78,64.7,35.01,Đất sét,Các loại đậu,14,0,12,10-26-26
36.46,65.08,43.87,Đất đỏ bazan,Cây lúa,10,8,27,10-26-26
40.0,77.61,29.53,Đất mùn,Cây mía,7,4,45,10-26-26
32.0,57.73,35.48,Đất thịt tơi xốp,Cây chuối,42,0,0,10-26-26
32.69,69.21,22.19,Đất thịt tơi xốp,Cây mía,4,10,26,20-20
29.63,45.37,21.76,Đất thịt tơi xốp,Cây mía,14,0,11,28-28
34.22,56.39,49.89,Đất đỏ bazan,Các loại đậu,25,0,19,14-35-14
36.56,76.26,36.26,Đất cát,Cây chuối,7,11,34,10-26-26
37.0,62.94,55.83,Đất mùn,Các loại đậu,35,1,0,20-20
37.66,74.6,28.6,Đất thịt tơi xốp,Millets,36,3,3,DAP
36.42,75.12,46.56,Đất cát,Khoai tây,14,2,37,DAP
29.92,50.41,62.32,Đất sét,Khoai tây,8,9,32,10-26-26
31.96,49.13,52.38,Đất mùn,Cây bắp,8,0,38,10-26-26
38.65,62.79,58.95,Đất thịt tơi xốp,Cây bông,10,0,43,20-20
24.94,50.42,55.75,Đất đỏ bazan,Cây chè,35,0,1,14-35-14
26.11,52.09,44.94,Đất thịt tơi xốp,Các loại đậu,25,4,22,Urea
39.68,75.02,51.69,Đất sét,Cây đậu phộng (Lạc),3,4,31,14-35-14
32.74,64.14,68.56,Đất đỏ bazan,Millets,12,0,39,10-26-26
25.3,50.31,45.77,Đất mùn,Cây chè,14,1,36,14-35-14
29.37,61.61,33.0,Đất mùn,Các loại hạt (hạt mè, hạt  cải),4,9,26,10-26-26
35.12,61.28,35.3,Đất đỏ bazan,Cây mía,11,0,36,Urea
31.57,46.3,28.05,Đất đỏ bazan,Cây chè,36,0,0,14-35-14
38.0,61.23,26.32,Đất thịt tơi xốp,Cây chuối,9,4,38,17-17-17
36.29,71.0,56.12,Đất thịt tơi xốp,Cây đậu phộng (Lạc),38,0,0,DAP
32.76,61.99,68.62,Đất thịt tơi xốp,Các loại đậu,13,0,38,DAP
33.01,61.9,32.87,Đất cát,Cây chuối,41,3,1,28-28
27.09,64.13,38.0,Đất thịt tơi xốp,Cây lúa,28,0,27,28-28
30.15,68.23,37.36,Đất cát,Cây chuối,11,0,9,28-28
31.12,54.41,55.18,Đất sét,Các loại hạt (hạt mè, hạt  cải),12,0,31,DAP
31.08,61.81,34.73,Đất đỏ bazan,Cây chuối,38,3,0,DAP
34.99,65.23,27.62,Đất sét,Cây bắp,1,17,13,10-26-26
28.29,46.16,41.47,Đất thịt tơi xốp,Millets,3,12,16,20-20
37.61,61.11,36.72,Đất mùn,Cây đậu phộng (Lạc),10,2,42,Urea
36.02,69.03,54.45,Đất cát,Cây đậu phộng (Lạc),21,0,22,20-20
28.58,41.09,30.84,Đất đỏ bazan,Cây chè,21,0,22,17-17-17
24.6,52.29,30.92,Đất thịt tơi xốp,Cây chè,16,0,39,DAP
29.87,56.39,37.84,Đất cát,Cây bông,13,4,6,10-26-26
29.85,47.2,57.02,Đất cát,Millets,27,0,20,10-26-26
26.12,63.44,63.43,Đất mùn,Millets,5,10,36,DAP
34.94,57.44,52.37,Đất cát,Cây chuối,5,3,5,DAP
31.59,63.18,56.9,Đất thịt tơi xốp,Cây lúa,16,4,36,10-26-26
37.33,67.17,37.59,Đất mùn,Cây bắp,11,0,42,10-26-26
24.02,45.09,67.89,Đất mùn,Cây chè,37,1,2,14-35-14
33.56,66.29,26.04,Đất sét,Cây chuối,43,2,2,14-35-14
30.78,50.3,52.95,Đất sét,Cây đậu phộng (Lạc),25,0,22,20-20
32.39,66.19,63.37,Đất sét,Khoai tây,10,7,26,10-26-26
31.26,67.75,26.57,Đất thịt tơi xốp,Cây đậu phộng (Lạc),23,2,22,Urea
38.04,69.01,42.8,Đất đỏ bazan,Khoai tây,9,8,32,10-26-26
32.73,62.66,34.5,Đất đỏ bazan,Cây lúa,12,1,44,17-17-17
27.79,60.14,41.16,Đất sét,Cây lúa,37,0,4,10-26-26
32.24,55.75,45.85,Đất thịt tơi xốp,Các loại đậu,44,0,0,20-20
31.18,60.59,20.77,Đất thịt tơi xốp,Các loại đậu,12,0,42,28-28
34.04,65.18,55.33,Đất thịt tơi xốp,Khoai tây,12,7,32,28-28
28.92,49.12,20.0,Đất thịt tơi xốp,Các loại đậu,11,14,31,17-17-17
36.08,74.86,38.71,Đất đỏ bazan,Cây chuối,8,20,21,10-26-26
32.57,62.47,37.05,Đất cát,Millets,14,3,36,Urea
32.53,51.27,44.71,Đất cát,Khoai tây,38,0,4,14-35-14
25.19,60.71,52.06,Đất đỏ bazan,Cây lúa,26,0,25,14-35-14
28.66,47.45,44.04,Đất mùn,Cây chuối,36,0,4,20-20
24.59,58.22,64.12,Đất cát,Cây lúa,9,14,12,10-26-26
25.71,59.93,51.81,Đất sét,Cây chè,8,0,37,17-17-17
28.24,54.62,35.02,Đất sét,Cây chuối,10,0,12,DAP
33.95,61.0,45.29,Đất sét,Cây bắp,18,3,17,17-17-17
33.88,59.02,35.32,Đất sét,Cây mía,11,4,27,DAP
30.87,58.93,70.0,Đất sét,Các loại hạt (hạt mè, hạt  cải),2,9,32,28-28
33.25,69.66,51.62,Đất cát,Cây bắp,36,0,4,Urea
30.25,72.59,57.4,Đất thịt tơi xốp,Các loại đậu,4,0,15,28-28
31.59,67.65,56.8,Đất cát,Các loại hạt (hạt mè, hạt  cải),7,3,42,Urea
37.68,62.61,54.72,Đất thịt tơi xốp,Khoai tây,41,0,4,Urea
30.23,70.15,26.2,Đất đỏ bazan,Các loại hạt (hạt mè, hạt  cải),19,0,33,17-17-17
30.29,58.63,51.24,Đất mùn,Khoai tây,24,0,16,17-17-17
27.47,53.06,40.0,Đất đỏ bazan,Cây lúa,8,0,40,28-28
29.05,52.0,53.16,Đất thịt tơi xốp,Cây bông,19,0,15,28-28
22.27,58.06,38.54,Đất thịt tơi xốp,Cây chè,2,16,19,28-28
26.4,57.87,57.72,Đất cát,Cây bông,36,0,2,14-35-14
24.38,52.09,25.67,Đất mùn,Cây mía,13,10,26,28-28
33.24,51.28,65.32,Đất thịt tơi xốp,Các loại đậu,5,14,29,Urea
27.41,52.54,41.48,Đất thịt tơi xốp,Cây đậu phộng (Lạc),9,0,10,Urea
32.64,77.53,39.18,Đất sét,Cây bắp,12,0,34,20-20
27.61,71.93,41.84,Đất đỏ bazan,Cây đậu phộng (Lạc),18,0,29,17-17-17
36.71,76.2,24.17,Đất cát,Cây đậu phộng (Lạc),10,0,17,14-35-14
31.72,71.9,41.1,Đất sét,Các loại hạt (hạt mè, hạt  cải),14,2,38,20-20
38.33,70.83,45.85,Đất mùn,Cây bông,1,14,17,Urea
31.36,44.29,43.74,Đất cát,Các loại đậu,10,0,40,17-17-17
31.97,57.04,39.26,Đất mùn,Cây bắp,23,0,26,10-26-26
30.86,66.38,42.56,Đất sét,Cây mía,15,0,41,14-35-14
29.81,63.42,20.0,Đất mùn,Millets,12,0,37,10-26-26
30.18,68.42,36.95,Đất sét,Cây đậu phộng (Lạc),34,2,1,17-17-17
25.23,62.86,38.43,Đất đỏ bazan,Cây bông,41,0,4,20-20
37.04,68.38,51.4,Đất đỏ bazan,Cây bắp,4,9,28,28-28
26.14,52.36,40.32,Đất sét,Cây lúa,24,0,17,14-35-14
25.71,49.13,33.26,Đất cát,Cây mía,5,10,31,14-35-14
30.12,69.25,21.43,Đất mùn,Cây lúa,39,1,4,28-28
27.34,63.01,48.83,Đất thịt tơi xốp,Cây bông,21,2,23,10-26-26
30.29,69.44,58.64,Đất sét,Các loại đậu,40,0,0,14-35-14
33.67,68.27,57.75,Đất sét,Millets,34,4,0,DAP
34.7,66.76,69.2,Đất mùn,Cây mía,7,14,16,20-20
34.38,60.73,50.97,Đất đỏ bazan,Các loại hạt (hạt mè, hạt  cải),9,11,8,DAP
33.48,62.18,48.6,Đất thịt tơi xốp,Cây chuối,9,3,13,20-20
33.6,60.98,68.08,Đất sét,Cây chè,13,10,30,14-35-14
31.74,62.32,52.3,Đất mùn,Cây mía,6,4,40,Urea
27.11,49.05,43.91,Đất thịt tơi xốp,Các loại hạt (hạt mè, hạt  cải),18,4,27,20-20
29.56,70.11,44.74,Đất cát,Cây chuối,44,0,0,20-20
33.71,58.93,43.88,Đất mùn,Cây đậu phộng (Lạc),18,0,33,DAP
21.93,44.5,63.49,Đất đỏ bazan,Cây bắp,15,1,7,14-35-14
33.53,60.05,37.18,Đất đỏ bazan,Cây bắp,12,1,40,20-20
25.31,51.61,33.05,Đất đỏ bazan,Khoai tây,17,0,40,DAP
31.78,65.4,52.23,Đất cát,Khoai tây,18,0,42,10-26-26
34.68,58.89,27.43,Đất cát,Các loại đậu,39,1,0,28-28
39.75,60.73,38.94,Đất sét,Millets,11,0,42,17-17-17
22.69,51.37,61.27,Đất cát,Các loại hạt (hạt mè, hạt  cải),8,0,19,Urea
24.06,40.2,34.24,Đất thịt tơi xốp,Cây chuối,2,19,12,10-26-26
38.25,74.83,48.66,Đất sét,Cây mía,36,0,3,17-17-17
40.0,64.51,51.07,Đất đỏ bazan,Millets,36,0,0,28-28
35.73,71.25,45.65,Đất sét,Millets,12,3,30,20-20
31.33,52.44,48.45,Đất thịt tơi xốp,Cây bắp,40,0,2,DAP
32.64,71.49,45.45,Đất thịt tơi xốp,Cây bắp,9,17,16,14-35-14
24.83,51.23,46.97,Đất đỏ bazan,Millets,19,0,18,28-28
30.57,73.76,66.01,Đất mùn,Các loại hạt (hạt mè, hạt  cải),18,0,39,17-17-17
27.61,52.18,38.91,Đất thịt tơi xốp,Cây chè,36,0,3,20-20
25.3,51.45,24.59,Đất cát,Cây đậu phộng (Lạc),9,9,32,17-17-17
31.71,58.44,35.47,Đất mùn,Các loại đậu,14,0,34,Urea
25.28,55.82,32.12,Đất sét,Cây đậu phộng (Lạc),6,12,13,10-26-26
29.97,58.25,31.86,Đất mùn,Cây mía,38,0,0,28-28
32.38,58.5,45.02,Đất đỏ bazan,Cây chuối,8,0,38,20-20
30.69,59.44,51.07,Đất cát,Cây mía,26,0,17,10-26-26
33.71,71.14,43.81,Đất sét,Millets,37,0,4,17-17-17
26.91,52.52,30.81,Đất thịt tơi xốp,Cây bông,17,3,41,28-28
29.32,51.48,40.11,Đất đỏ bazan,Cây chè,20,0,22,Urea
25.99,55.37,65.56,Đất cát,Cây chuối,9,4,12,28-28
33.65,66.5,65.99,Đất thịt tơi xốp,Cây chuối,9,8,32,DAP
29.23,55.19,29.27,Đất đỏ bazan,Cây chuối,20,2,20,28-28
25.5,65.19,38.34,Đất mùn,Các loại hạt (hạt mè, hạt  cải),40,0,2,Urea
26.92,56.83,44.88,Đất mùn,Cây chuối,34,2,3,Urea
35.51,70.33,59.14,Đất mùn,Cây lúa,40,0,0,DAP
27.1,61.29,41.14,Đất cát,Cây chè,28,3,16,10-26-26
32.66,55.25,20.0,Đất đỏ bazan,Cây lúa,0,13,16,10-26-26
35.8,55.37,57.55,Đất sét,Cây bắp,7,8,27,14-35-14
29.38,54.47,52.56,Đất cát,Cây bắp,22,0,24,14-35-14
36.66,76.82,39.74,Đất cát,Millets,7,8,30,10-26-26
32.53,60.02,29.35,Đất sét,Cây chuối,10,4,42,Urea
32.66,74.93,33.56,Đất thịt tơi xốp,Các loại đậu,13,0,12,17-17-17
34.63,63.8,24.01,Đất thịt tơi xốp,Cây bắp,11,0,38,Urea
24.84,62.63,36.65,Đất thịt tơi xốp,Các loại hạt (hạt mè, hạt  cải),7,8,28,10-26-26
29.0,44.56,33.96,Đất đỏ bazan,Millets,16,1,16,20-20
35.26,53.82,24.93,Đất đỏ bazan,Khoai tây,21,2,19,Urea
33.42,55.5,64.41,Đất thịt tơi xốp,Cây lúa,5,5,32,17-17-17
28.04,55.51,49.43,Đất cát,Cây chuối,40,0,4,28-28
34.9,61.86,35.47,Đất sét,Millets,22,4,26,20-20
22.34,53.62,38.61,Đất đỏ bazan,Cây chuối,16,1,5,17-17-17
28.11,47.2,36.8,Đất sét,Cây lúa,10,0,35,20-20
34.35,66.79,51.52,Đất thịt tơi xốp,Cây chuối,4,9,24,17-17-17
28.74,48.61,35.72,Đất đỏ bazan,Cây chè,14,3,37,14-35-14
22.56,50.58,29.13,Đất mùn,Các loại hạt (hạt mè, hạt  cải),12,0,17,20-20
26.95,50.63,43.0,Đất cát,Cây đậu phộng (Lạc),28,0,14,10-26-26
26.39,54.79,46.15,Đất cát,Cây chuối,25,0,19,DAP
30.13,72.21,35.94,Đất đỏ bazan,Khoai tây,39,3,0,14-35-14
35.71,67.62,25.16,Đất đỏ bazan,Các loại đậu,35,0,2,17-17-17
28.88,60.85,28.57,Đất sét,Cây đậu phộng (Lạc),19,0,40,10-26-26
27.05,44.74,56.64,Đất đỏ bazan,Cây mía,11,0,4,10-26-26
29.34,44.01,41.14,Đất mùn,Cây chè,42,0,0,14-35-14
39.33,67.44,37.85,Đất mùn,Cây mía,7,0,37,14-35-14
28.53,59.01,60.57,Đất sét,Khoai tây,8,0,40,28-28
23.12,58.63,37.49,Đất thịt tơi xốp,Cây bông,33,3,0,14-35-14
31.53,58.95,51.37,Đất sét,Cây lúa,17,0,21,14-35-14
33.55,60.65,58.59,Đất đỏ bazan,Cây chuối,8,2,9,20-20
30.15,64.35,67.45,Đất thịt tơi xốp,Các loại đậu,14,12,11,20-20
39.81,63.65,63.69,Đất đỏ bazan,Cây chè,11,4,37,14-35-14
34.51,52.14,70.0,Đất sét,Cây mía,4,11,26,28-28
35.66,54.44,42.29,Đất mùn,Cây mía,26,0,18,17-17-17
25.65,62.92,28.49,Đất cát,Cây đậu phộng (Lạc),44,0,2,14-35-14
28.51,44.09,28.38,Đất thịt tơi xốp,Khoai tây,36,0,0,10-26-26
30.09,54.43,60.02,Đất đỏ bazan,Cây bắp,12,0,31,17-17-17
22.27,61.81,43.11,Đất đỏ bazan,Cây lúa,10,15,20,DAP
38.38,65.51,46.26,Đất thịt tơi xốp,Cây bắp,9,18,17,28-28
32.61,50.77,63.48,Đất đỏ bazan,Khoai tây,8,0,39,Urea
26.99,47.9,45.66,Đất đỏ bazan,Cây lúa,18,0,11,10-26-26
29.77,63.41,50.3,Đất thịt tơi xốp,Millets,16,0,7,17-17-17
28.27,59.38,45.0,Đất mùn,Khoai tây,13,3,41,10-26-26
33.5,53.07,46.85,Đất đỏ bazan,Cây bông,24,0,29,17-17-17
37.95,68.37,55.82,Đất mùn,Các loại đậu,37,4,0,14-35-14
25.06,64.02,38.39,Đất thịt tơi xốp,Khoai tây,26,3,22,DAP
26.79,62.91,25.01,Đất mùn,Cây mía,14,0,35,DAP
26.72,52.56,31.72,Đất cát,Cây lúa,12,0,41,DAP
22.39,61.19,37.56,Đất thịt tơi xốp,Millets,21,4,21,14-35-14
30.98,72.26,70.0,Đất cát,Cây chuối,3,6,26,14-35-14
30.37,74.96,45.96,Đất cát,Cây bắp,3,18,20,Urea
36.58,61.79,40.55,Đất mùn,Cây bắp,16,2,44,DAP
26.45,60.78,50.52,Đất cát,Cây chuối,18,0,24,28-28
25.6,52.6,54.46,Đất đỏ bazan,Cây bắp,13,0,13,Urea
35.57,72.13,33.41,Đất đỏ bazan,Millets,35,2,0,Urea
33.06,60.37,69.48,Đất cát,Millets,12,0,39,28-28
29.39,53.28,40.12,Đất mùn,Các loại đậu,17,0,21,Urea
28.21,59.37,42.81,Đất đỏ bazan,Cây lúa,46,4,4,17-17-17
35.57,60.63,45.71,Đất thịt tơi xốp,Cây mía,7,4,31,14-35-14
37.32,76.39,48.4,Đất mùn,Cây bông,9,20,18,28-28
40.0,56.27,40.77,Đất mùn,Millets,13,2,37,Urea
39.82,70.94,30.3,Đất mùn,Các loại đậu,8,3,30,28-28
38.99,74.78,27.58,Đất thịt tơi xốp,Cây lúa,9,0,17,Urea
27.9,58.51,31.93,Đất đỏ bazan,Millets,36,3,3,20-20
33.88,68.15,42.03,Đất cát,Cây mía,9,12,32,28-28
40.0,71.79,58.99,Đất thịt tơi xốp,Cây mía,19,1,39,14-35-14
30.18,53.72,36.61,Đất đỏ bazan,Cây đậu phộng (Lạc),10,0,14,17-17-17
32.53,56.27,29.85,Đất sét,Các loại đậu,33,0,0,17-17-17
33.72,50.47,44.08,Đất thịt tơi xốp,Các loại đậu,11,0,16,10-26-26
31.86,51.97,62.52,Đất thịt tơi xốp,Cây chè,5,11,33,28-28
34.28,52.14,44.07,Đất thịt tơi xốp,Cây chè,39,4,0,10-26-26
25.94,60.8,62.34,Đất sét,Khoai tây,11,0,19,Urea
26.63,56.66,45.46,Đất đỏ bazan,Các loại đậu,23,1,21,DAP
35.09,63.88,46.21,Đất mùn,Cây bông,26,4,25,20-20
32.66,59.08,54.63,Đất đỏ bazan,Millets,14,2,9,Urea
34.76,67.48,24.8,Đất mùn,Cây chè,34,0,0,17-17-17
31.21,56.6,34.03,Đất cát,Cây chuối,18,2,40,14-35-14
34.72,67.85,69.81,Đất mùn,Cây đậu phộng (Lạc),4,4,29,Urea
23.38,55.92,50.56,Đất sét,Cây chuối,7,20,19,14-35-14
30.14,55.49,45.37,Đất sét,Các loại hạt (hạt mè, hạt  cải),34,4,0,DAP
29.71,50.93,41.83,Đất cát,Cây chuối,12,4,39,14-35-14
30.88,51.0,46.08,Đất đỏ bazan,Millets,8,5,27,28-28
31.28,68.41,27.47,Đất thịt tơi xốp,Các loại hạt (hạt mè, hạt  cải),19,0,25,10-26-26
32.92,77.29,48.08,Đất sét,Cây lúa,11,14,22,10-26-26
25.87,69.73,28.7,Đất sét,Cây chuối,16,2,40,17-17-17
30.53,63.85,56.3,Đất cát,Cây đậu phộng (Lạc),39,1,1,20-20
37.03,69.99,42.75,Đất sét,Cây lúa,39,0,0,14-35-14
37.38,70.59,66.29,Đất cát,Cây bắp,8,2,17,20-20
28.44,55.23,33.64,Đất đỏ bazan,Khoai tây,24,0,17,10-26-26
24.57,49.59,48.59,Đất cát,Khoai tây,25,0,19,17-17-17
25.23,48.23,21.3,Đất thịt tơi xốp,Cây bắp,13,17,13,Urea
30.98,60.86,33.37,Đất đỏ bazan,Các loại hạt (hạt mè, hạt  cải),12,0,44,20-20
28.45,55.92,48.02,Đất thịt tơi xốp,Cây bông,18,2,19,17-17-17
22.21,43.72,21.74,Đất sét,Các loại hạt (hạt mè, hạt  cải),14,15,14,Urea
36.2,55.53,54.66,Đất sét,Cây mía,12,1,37,10-26-26
32.48,64.01,50.17,Đất mùn,Cây chè,11,1,39,20-20
29.67,60.0,70.0,Đất đỏ bazan,Cây chè,13,3,8,Urea
30.62,59.17,45.5,Đất cát,Khoai tây,36,0,3,20-20
29.51,55.64,28.32,Đất mùn,Cây chè,16,0,33,Urea
29.64,54.26,30.97,Đất thịt tơi xốp,Cây bông,8,2,11,Urea
30.83,64.19,23.01,Đất sét,Các loại đậu,8,2,27,Urea
34.15,50.64,39.17,Đất mùn,Millets,41,0,0,17-17-17
32.54,52.1,29.86,Đất cát,Cây lúa,7,8,27,20-20
35.15,65.46,50.44,Đất đỏ bazan,Các loại đậu,24,4,19,Urea
32.88,70.34,29.01,Đất mùn,Khoai tây,7,0,41,14-35-14
32.26,57.08,42.58,Đất sét,Khoai tây,35,0,0,Urea
28.94,60.34,31.18,Đất mùn,Millets,12,4,36,17-17-17
24.61,43.14,27.28,Đất đỏ bazan,Các loại hạt (hạt mè, hạt  cải),45,1,0,28-28
32.63,71.17,55.93,Đất mùn,Millets,11,10,27,Urea
31.18,72.57,46.74,Đất mùn,Cây bắp,9,7,27,14-35-14
23.69,57.9,39.61,Đất cát,Cây bông,6,11,31,14-35-14
32.48,53.65,28.91,Đất sét,Cây chè,41,3,0,17-17-17
28.7,53.21,40.31,Đất cát,Khoai tây,26,0,14,14-35-14
32.8,71.66,44.08,Đất đỏ bazan,Các loại hạt (hạt mè, hạt  cải),12,9,14,Urea
37.65,60.86,24.45,Đất thịt tơi xốp,Cây bắp,7,0,34,10-26-26
26.1,50.4,41.08,Đất thịt tơi xốp,Các loại hạt (hạt mè, hạt  cải),3,16,17,28-28
31.22,74.54,61.36,Đất cát,Cây bắp,9,0,38,Urea
36.78,69.9,38.86,Đất đỏ bazan,Khoai tây,13,1,37,DAP
38.75,58.17,52.93,Đất mùn,Cây bắp,33,0,3,28-28
29.13,47.06,44.06,Đất đỏ bazan,Các loại đậu,1,17,12,20-20
28.65,62.64,41.6,Đất mùn,Các loại đậu,30,0,1,DAP
20.54,40.79,56.58,Đất sét,Cây bông,32,0,2,28-28
27.19,62.12,35.74,Đất đỏ bazan,Cây bông,45,0,0,Urea
29.74,53.77,40.06,Đất đỏ bazan,Cây chè,41,2,0,17-17-17
33.98,67.67,62.06,Đất thịt tơi xốp,Các loại hạt (hạt mè, hạt  cải),10,10,15,DAP
28.91,67.6,39.3,Đất đỏ bazan,Các loại đậu,9,4,12,DAP
26.09,50.03,60.84,Đất cát,Millets,10,17,15,20-20
29.22,54.96,70.0,Đất thịt tơi xốp,Khoai tây,32,0,0,10-26-26
27.68,66.84,28.69,Đất thịt tơi xốp,Các loại hạt (hạt mè, hạt  cải),9,18,20,28-28
21.94,46.3,27.7,Đất mùn,Cây mía,10,0,14,14-35-14
32.27,54.7,59.44,Đất cát,Khoai tây,9,2,39,DAP
29.59,47.26,67.15,Đất mùn,Khoai tây,36,0,0,14-35-14
38.97,61.93,48.53,Đất thịt tơi xốp,Cây chè,37,0,0,DAP
40.0,63.37,45.26,Đất cát,Cây bắp,36,0,0,14-35-14
32.81,73.39,41.77,Đất cát,Các loại đậu,6,2,36,28-28
36.48,66.13,30.41,Đất thịt tơi xốp,Cây bông,13,4,9,DAP
31.25,67.15,42.57,Đất cát,Cây chè,45,4,1,17-17-17
24.83,57.76,31.75,Đất cát,Khoai tây,17,0,23,14-35-14
29.72,53.18,42.19,Đất cát,Cây bông,19,3,33,DAP
27.26,43.94,42.1,Đất mùn,Cây lúa,22,0,21,14-35-14
34.34,55.85,27.98,Đất thịt tơi xốp,Cây chuối,39,0,0,28-28
23.7,41.13,58.8,Đất cát,Khoai tây,8,15,14,Urea
33.32,71.88,37.86,Đất mùn,Cây mía,8,4,32,20-20
27.34,55.87,43.75,Đất sét,Các loại đậu,38,0,0,10-26-26
22.71,49.95,45.22,Đất mùn,Cây chè,6,12,23,14-35-14
29.55,59.76,58.15,Đất sét,Cây chuối,12,0,12,14-35-14
33.39,53.49,50.08,Đất cát,Cây chè,13,5,17,28-28
31.64,68.77,39.39,Đất cát,Khoai tây,37,0,0,20-20
23.18,46.72,29.53,Đất thịt tơi xốp,Cây lúa,16,17,7,17-17-17
24.94,66.7,66.09,Đất cát,Các loại đậu,7,0,10,17-17-17
21.74,44.09,59.39,Đất cát,Cây đậu phộng (Lạc),10,17,19,Urea
30.28,63.74,54.26,Đất mùn,Các loại đậu,35,0,0,17-17-17
23.22,49.73,51.54,Đất sét,Các loại đậu,20,0,22,20-20
29.69,47.64,46.87,Đất sét,Khoai tây,25,3,20,14-35-14
35.79,55.43,70.0,Đất thịt tơi xốp,Cây bắp,15,7,16,DAP
38.68,77.89,35.76,Đất mùn,Cây bắp,10,11,26,14-35-14
34.07,60.31,40.04,Đất đỏ bazan,Cây đậu phộng (Lạc),13,0,40,20-20
29.16,66.79,59.72,Đất cát,Khoai tây,22,0,22,17-17-17
36.5,69.77,62.08,Đất mùn,Khoai tây,12,2,44,10-26-26
27.05,63.35,58.77,Đất đỏ bazan,Cây lúa,7,17,13,DAP
31.49,71.13,61.76,Đất thịt tơi xốp,Cây đậu phộng (Lạc),10,0,33,28-28
30.84,59.19,45.38,Đất mùn,Cây chuối,21,0,23,14-35-14
34.3,52.7,60.28,Đất cát,Cây chuối,9,8,25,20-20
31.13,73.3,29.78,Đất mùn,Cây đậu phộng (Lạc),3,3,29,DAP
28.87,58.01,36.28,Đất cát,Cây chè,28,2,20,20-20
36.02,63.58,41.22,Đất đỏ bazan,Cây chè,8,4,13,14-35-14
35.93,59.27,55.76,Đất cát,Các loại hạt (hạt mè, hạt  cải),35,4,0,DAP
32.15,54.75,62.62,Đất mùn,Cây bông,12,2,38,DAP
23.42,58.34,36.7,Đất sét,Millets,43,4,2,28-28
24.23,54.91,32.3,Đất mùn,Cây bắp,10,20,17,20-20
28.51,48.44,45.73,Đất thịt tơi xốp,Cây bông,12,1,33,Urea
32.06,55.34,56.8,Đất cát,Cây lúa,14,0,36,DAP
31.18,54.19,43.3,Đất mùn,Cây chè,40,0,0,17-17-17
33.59,54.6,51.9,Đất mùn,Cây đậu phộng (Lạc),10,0,45,Urea
30.36,59.8,70.0,Đất đỏ bazan,Millets,17,0,31,Urea
28.79,64.17,68.25,Đất cát,Cây chè,7,14,26,20-20
28.74,44.89,43.99,Đất thịt tơi xốp,Cây bông,18,1,22,14-35-14
32.33,48.88,31.39,Đất thịt tơi xốp,Cây mía,32,2,0,DAP
39.12,61.14,51.1,Đất đỏ bazan,Millets,12,20,21,Urea
34.71,54.08,46.09,Đất mùn,Millets,11,0,12,Urea
30.34,64.88,34.89,Đất cát,Cây đậu phộng (Lạc),14,0,9,17-17-17
27.59,52.12,42.52,Đất đỏ bazan,Cây chè,12,3,40,17-17-17
35.14,69.39,45.5,Đất thịt tơi xốp,Cây chuối,12,0,39,Urea
29.61,55.37,42.37,Đất sét,Cây đậu phộng (Lạc),44,0,4,10-26-26
27.8,61.15,38.19,Đất thịt tơi xốp,Cây chè,16,0,40,14-35-14
39.34,73.55,37.74,Đất cát,Cây đậu phộng (Lạc),12,1,41,10-26-26
25.49,58.9,27.75,Đất cát,Cây bắp,10,0,10,10-26-26
30.35,62.68,46.39,Đất thịt tơi xốp,Cây bông,38,0,1,20-20
29.31,65.11,40.63,Đất thịt tơi xốp,Cây chè,20,0,23,14-35-14
30.84,76.53,34.0,Đất mùn,Cây bông,11,0,39,Urea
34.51,54.23,48.09,Đất mùn,Cây mía,21,0,23,DAP
29.97,59.98,41.02,Đất mùn,Cây chè,21,2,24,10-26-26
29.54,46.05,47.43,Đất sét,Cây bắp,10,22,13,10-26-26
29.6,65.96,27.64,Đất cát,Cây bắp,18,2,21,DAP
32.18,62.78,23.55,Đất mùn,Các loại đậu,4,4,30,20-20
32.29,62.31,33.23,Đất cát,Cây chè,39,4,1,10-26-26
36.35,69.02,43.17,Đất mùn,Cây mía,11,14,18,28-28
37.33,59.48,53.07,Đất sét,Cây chuối,14,0,38,DAP
38.06,52.11,41.53,Đất sét,Khoai tây,10,4,43,14-35-14
29.52,68.99,56.83,Đất cát,Cây lúa,14,3,33,20-20
40.0,78.86,52.13,Đất sét,Cây mía,10,9,28,17-17-17
22.07,51.67,51.97,Đất sét,Cây chè,20,0,26,14-35-14
30.67,50.16,40.76,Đất thịt tơi xốp,Cây bông,14,0,10,17-17-17
25.98,62.89,61.12,Đất đỏ bazan,Các loại hạt (hạt mè, hạt  cải),11,5,34,10-26-26
29.25,53.85,33.95,Đất đỏ bazan,Cây bắp,18,1,20,14-35-14
26.51,60.56,35.77,Đất mùn,Cây đậu phộng (Lạc),10,0,9,DAP
26.7,52.31,61.77,Đất sét,Cây mía,10,6,29,DAP
25.95,62.86,51.74,Đất sét,Các loại hạt (hạt mè, hạt  cải),21,0,25,20-20
24.2,60.2,34.14,Đất mùn,Các loại hạt (hạt mè, hạt  cải),19,4,27,28-28
23.0,52.82,37.28,Đất sét,Millets,24,0,28,DAP
31.77,57.58,49.46,Đất cát,Cây mía,10,0,11,20-20
30.35,73.19,41.73,Đất cát,Khoai tây,3,21,21,17-17-17
32.72,56.31,41.59,Đất cát,Cây lúa,9,0,9,17-17-17
32.17,56.59,62.96,Đất sét,Các loại hạt (hạt mè, hạt  cải),11,10,26,28-28
29.6,58.17,40.56,Đất đỏ bazan,Millets,17,4,38,DAP
29.06,62.14,45.05,Đất đỏ bazan,Khoai tây,3,18,16,28-28
25.43,50.72,42.78,Đất sét,Cây mía,44,0,2,Urea
31.93,61.7,61.0,Đất mùn,Các loại đậu,3,11,29,17-17-17
38.76,72.35,28.4,Đất thịt tơi xốp,Các loại đậu,18,0,16,28-28
22.95,47.87,42.49,Đất đỏ bazan,Cây mía,7,14,17,14-35-14
35.14,69.77,31.06,Đất cát,Khoai tây,18,0,20,10-26-26
22.81,48.89,28.47,Đất mùn,Cây bắp,16,0,11,20-20
38.07,62.7,66.49,Đất đỏ bazan,Cây bắp,31,0,0,20-20
24.17,62.74,42.08,Đất thịt tơi xốp,Cây chuối,39,0,3,17-17-17
29.03,66.58,27.4,Đất mùn,Khoai tây,39,0,4,28-28
37.98,57.42,48.64,Đất mùn,Các loại đậu,4,0,8,10-26-26
24.2,63.32,30.41,Đất đỏ bazan,Cây mía,14,21,16,17-17-17
39.47,72.83,59.41,Đất cát,Cây chè,13,1,40,28-28
32.72,59.26,37.37,Đất mùn,Millets,38,2,4,10-26-26
23.61,40.7,39.71,Đất sét,Cây lúa,6,18,12,14-35-14
24.04,65.32,45.42,Đất sét,Khoai tây,7,0,11,20-20
26.11,65.75,70.0,Đất đỏ bazan,Cây chè,5,8,26,17-17-17
32.02,53.18,50.78,Đất cát,Cây bông,21,3,17,Urea
29.17,59.16,55.51,Đất mùn,Cây chuối,14,18,8,14-35-14
28.74,54.8,58.08,Đất thịt tơi xốp,Millets,12,0,7,14-35-14
28.05,53.77,30.81,Đất mùn,Các loại đậu,35,4,1,20-20
30.96,57.8,42.72,Đất đỏ bazan,Cây mía,39,3,0,14-35-14
32.12,70.24,29.28,Đất đỏ bazan,Cây đậu phộng (Lạc),10,0,35,20-20
31.52,56.11,29.79,Đất sét,Các loại đậu,22,2,21,Urea
39.41,63.5,41.68,Đất thịt tơi xốp,Các loại hạt (hạt mè, hạt  cải),17,0,10,10-26-26
24.4,59.68,29.94,Đất sét,Cây lúa,9,19,19,14-35-14
37.61,56.44,61.31,Đất cát,Cây bắp,6,13,31,17-17-17
26.71,59.61,29.75,Đất cát,Cây đậu phộng (Lạc),31,1,1,28-28
35.3,65.91,61.45,Đất thịt tơi xốp,Các loại đậu,38,2,4,28-28
26.25,48.11,47.36,Đất sét,Các loại hạt (hạt mè, hạt  cải),8,14,13,DAP
23.41,47.11,60.88,Đất cát,Cây bắp,34,0,0,14-35-14
26.86,58.4,49.47,Đất mùn,Millets,15,15,10,14-35-14
30.4,64.62,29.5,Đất sét,Các loại đậu,23,0,22,20-20
31.84,63.65,43.05,Đất sét,Cây lúa,9,3,10,17-17-17
35.66,67.28,53.18,Đất mùn,Cây lúa,9,15,21,10-26-26
32.88,53.21,20.0,Đất thịt tơi xốp,Cây lúa,4,9,25,17-17-17
27.68,46.99,22.43,Đất thịt tơi xốp,Cây đậu phộng (Lạc),35,2,0,17-17-17
31.06,58.96,32.69,Đất cát,Millets,13,0,41,DAP
29.43,42.86,23.41,Đất sét,Cây bông,14,16,12,DAP
33.89,55.98,45.78,Đất cát,Millets,10,7,32,20-20
37.59,73.0,62.01,Đất đỏ bazan,Khoai tây,13,0,37,10-26-26
27.06,58.24,46.67,Đất cát,Cây mía,7,13,11,20-20
32.94,59.38,30.73,Đất thịt tơi xốp,Cây lúa,38,0,0,14-35-14
28.39,51.88,59.74,Đất mùn,Các loại hạt (hạt mè, hạt  cải),6,5,33,DAP
31.18,55.41,33.33,Đất thịt tơi xốp,Cây đậu phộng (Lạc),19,2,41,17-17-17
26.88,60.42,29.07,Đất thịt tơi xốp,Cây đậu phộng (Lạc),8,20,13,20-20
28.78,46.7,36.68,Đất sét,Cây chè,21,3,22,28-28
22.15,54.75,39.9,Đất sét,Cây đậu phộng (Lạc),24,0,20,28-28
34.37,52.58,39.35,Đất đỏ bazan,Cây lúa,5,13,10,10-26-26
38.93,72.2,68.8,Đất đỏ bazan,Cây chè,16,4,36,Urea
33.86,61.51,60.88,Đất mùn,Cây mía,9,5,28,10-26-26
29.29,49.2,35.91,Đất đỏ bazan,Cây bông,16,1,40,10-26-26
26.65,61.13,36.81,Đất mùn,Cây bông,20,0,19,10-26-26
23.94,46.32,39.99,Đất thịt tơi xốp,Millets,19,4,19,Urea
30.97,58.0,39.5,Đất cát,Millets,20,0,19,20-20
30.01,51.08,29.77,Đất thịt tơi xốp,Cây chè,38,2,0,DAP
27.0,61.54,48.67,Đất cát,Cây mía,22,0,23,17-17-17
23.87,50.93,44.6,Đất sét,Các loại đậu,9,20,17,14-35-14
37.83,58.79,52.48,Đất đỏ bazan,Cây đậu phộng (Lạc),36,4,3,Urea
28.0,47.27,57.35,Đất sét,Cây chè,13,0,13,Urea
28.02,63.79,48.61,Đất mùn,Các loại hạt (hạt mè, hạt  cải),9,0,8,17-17-17
29.13,67.17,44.42,Đất thịt tơi xốp,Cây chuối,5,4,15,28-28
34.41,62.43,33.3,Đất mùn,Cây đậu phộng (Lạc),25,0,28,28-28
29.76,61.14,53.09,Đất thịt tơi xốp,Các loại đậu,3,13,32,DAP
25.61,56.5,60.49,Đất mùn,Khoai tây,13,0,40,10-26-26
22.49,46.82,30.38,Đất thịt tơi xốp,Cây chè,33,0,0,Urea
29.13,46.65,36.41,Đất mùn,Khoai tây,5,12,19,14-35-14
31.29,60.08,42.87,Đất đỏ bazan,Cây chè,18,2,28,17-17-17
38.61,69.3,41.21,Đất thịt tơi xốp,Cây lúa,39,3,0,20-20
29.54,54.01,70.0,Đất mùn,Các loại đậu,15,4,30,DAP
34.72,64.79,24.84,Đất sét,Cây bắp,24,1,16,20-20
33.47,61.96,52.46,Đất cát,Các loại đậu,14,2,29,20-20
30.67,67.01,70.0,Đất mùn,Cây mía,9,0,36,28-28
23.84,40.88,64.6,Đất thịt tơi xốp,Cây đậu phộng (Lạc),11,1,12,Urea
35.5,64.73,50.91,Đất sét,Các loại đậu,11,0,38,14-35-14
26.3,56.35,38.58,Đất mùn,Cây mía,39,0,2,14-35-14
21.44,43.3,36.7,Đất cát,Cây bông,23,0,15,17-17-17
31.67,71.83,25.15,Đất cát,Cây mía,42,0,0,20-20
34.02,65.9,36.28,Đất sét,Cây chuối,20,1,16,14-35-14
27.74,58.79,39.22,Đất thịt tơi xốp,Cây chuối,7,8,31,28-28
34.47,62.06,31.47,Đất sét,Các loại đậu,10,9,35,14-35-14
22.28,44.81,70.0,Đất sét,Các loại hạt (hạt mè, hạt  cải),8,4,9,28-28
32.67,66.69,70.0,Đất đỏ bazan,Cây mía,14,7,16,Urea
38.27,69.52,41.61,Đất thịt tơi xốp,Millets,6,0,35,DAP
34.72,55.96,37.9,Đất cát,Cây mía,9,1,18,10-26-26
24.93,55.08,70.0,Đất đỏ bazan,Cây lúa,39,1,2,Urea
29.31,44.74,47.53,Đất cát,Millets,8,10,16,DAP
37.76,59.22,56.24,Đất đỏ bazan,Các loại đậu,15,0,37,17-17-17
27.61,57.05,25.26,Đất đỏ bazan,Khoai tây,18,0,37,20-20
24.83,54.72,32.76,Đất thịt tơi xốp,Các loại hạt (hạt mè, hạt  cải),32,4,4,10-26-26
33.76,53.8,61.55,Đất thịt tơi xốp,Cây chuối,10,5,35,DAP
40.0,60.45,33.52,Đất thịt tơi xốp,Cây bông,7,0,41,17-17-17
36.02,74.78,38.64,Đất mùn,Cây đậu phộng (Lạc),18,4,20,14-35-14
29.17,58.72,20.0,Đất sét,Các loại hạt (hạt mè, hạt  cải),12,9,34,10-26-26
29.35,51.42,70.0,Đất đỏ bazan,Cây mía,37,0,0,28-28
32.78,63.54,36.29,Đất đỏ bazan,Các loại đậu,25,1,24,17-17-17
33.16,56.99,39.99,Đất đỏ bazan,Các loại đậu,16,2,9,14-35-14
32.62,52.77,37.75,Đất đỏ bazan,Cây bắp,19,3,33,Urea
32.78,73.78,36.5,Đất cát,Cây chuối,1,17,16,Urea
22.5,43.53,24.16,Đất mùn,Cây mía,38,0,0,10-26-26
30.9,58.59,38.32,Đất thịt tơi xốp,Cây đậu phộng (Lạc),13,0,40,20-20
34.54,55.21,45.01,Đất cát,Cây lúa,8,2,13,20-20
21.41,53.24,26.72,Đất mùn,Khoai tây,21,0,17,14-35-14
29.97,69.39,25.39,Đất đỏ bazan,Các loại đậu,37,4,0,10-26-26
25.29,61.48,27.71,Đất đỏ bazan,Cây lúa,7,6,32,Urea
32.78,68.98,42.07,Đất đỏ bazan,Cây bắp,6,9,30,14-35-14
27.38,50.06,24.55,Đất thịt tơi xốp,Các loại đậu,43,0,0,20-20
34.33,67.03,36.49,Đất đỏ bazan,Khoai tây,5,16,22,DAP
20.45,45.71,55.91,Đất đỏ bazan,Cây chè,40,0,0,DAP
33.66,76.53,54.93,Đất thịt tơi xốp,Millets,41,0,0,DAP
27.79,51.33,28.88,Đất mùn,Cây bắp,42,3,0,20-20
30.52,54.99,69.02,Đất mùn,Millets,43,2,0,10-26-26
28.83,64.74,44.66,Đất đỏ bazan,Cây mía,39,0,0,28-28
31.78,66.32,62.44,Đất đỏ bazan,Cây lúa,19,0,22,17-17-17
28.49,61.78,47.46,Đất cát,Cây bắp,35,0,0,14-35-14
26.7,61.16,69.76,Đất thịt tơi xốp,Cây chuối,8,5,28,17-17-17
23.59,48.13,28.61,Đất cát,Cây mía,40,0,1,DAP
32.73,67.1,34.06,Đất mùn,Cây đậu phộng (Lạc),8,0,6,28-28
33.44,67.04,56.66,Đất mùn,Các loại đậu,7,4,29,10-26-26
27.3,58.19,21.84,Đất mùn,Cây lúa,8,5,34,DAP
30.79,53.82,68.44,Đất mùn,Cây lúa,11,12,31,14-35-14
28.67,55.3,38.91,Đất sét,Khoai tây,6,20,14,10-26-26
26.88,59.5,33.0,Đất thịt tơi xốp,Cây đậu phộng (Lạc),13,1,11,14-35-14
25.28,48.16,60.97,Đất thịt tơi xốp,Cây lúa,11,0,11,28-28
39.78,59.7,70.0,Đất cát,Các loại đậu,12,4,38,DAP
25.07,48.14,38.76,Đất sét,Cây đậu phộng (Lạc),4,13,24,Urea
28.53,58.99,66.34,Đất đỏ bazan,Millets,32,4,0,14-35-14
23.38,59.24,45.99,Đất cát,Cây lúa,35,3,0,10-26-26
26.95,52.13,54.83,Đất cát,Cây chè,9,3,7,DAP
34.46,67.55,53.28,Đất thịt tơi xốp,Cây bắp,7,19,21,DAP
30.24,57.35,39.81,Đất thịt tơi xốp,Cây bắp,41,0,0,20-20
30.01,48.4,35.35,Đất sét,Cây bông,6,5,25,17-17-17
34.19,69.83,62.1,Đất cát,Cây lúa,8,9,15,20-20
32.25,50.03,66.47,Đất sét,Cây bông,10,14,28,14-35-14
33.16,66.73,50.78,Đất mùn,Cây bắp,21,0,24,28-28
37.12,70.82,39.36,Đất thịt tơi xốp,Millets,10,1,10,DAP
32.23,69.85,66.56,Đất thịt tơi xốp,Khoai tây,4,13,30,Urea
38.56,68.08,57.75,Đất cát,Cây lúa,25,2,20,10-26-26
27.12,58.16,22.74,Đất thịt tơi xốp,Cây bông,40,0,2,Urea
24.73,51.53,26.69,Đất mùn,Cây chuối,13,2,38,17-17-17
29.05,63.39,46.94,Đất mùn,Cây chuối,10,16,16,DAP
28.36,52.45,31.86,Đất đỏ bazan,Các loại đậu,24,0,15,14-35-14
37.97,57.61,56.51,Đất mùn,Cây chuối,4,9,32,DAP
31.75,49.36,57.18,Đất sét,Cây chuối,15,2,33,14-35-14
39.48,79.62,45.0,Đất đỏ bazan,Cây bắp,38,0,1,17-17-17
31.73,51.04,30.08,Đất mùn,Cây chè,10,4,37,DAP
32.2,72.21,60.57,Đất mùn,Cây đậu phộng (Lạc),35,3,0,10-26-26
33.52,56.48,24.69,Đất cát,Cây chuối,41,0,0,DAP
35.4,66.88,56.01,Đất sét,Các loại đậu,20,0,22,20-20
28.75,56.3,63.61,Đất cát,Millets,6,16,12,Urea
27.28,44.46,51.74,Đất sét,Các loại hạt (hạt mè, hạt  cải),8,0,32,14-35-14
33.78,69.12,20.23,Đất mùn,Khoai tây,42,0,1,20-20
28.26,60.74,38.67,Đất đỏ bazan,Khoai tây,11,0,34,14-35-14
32.33,64.89,54.65,Đất mùn,Khoai tây,39,4,0,Urea
39.82,68.1,26.42,Đất đỏ bazan,Cây lúa,10,3,10,17-17-17
23.86,58.39,20.05,Đất mùn,Các loại hạt (hạt mè, hạt  cải),16,3,11,17-17-17
22.59,56.96,27.15,Đất đỏ bazan,Cây đậu phộng (Lạc),16,0,45,10-26-26
25.76,66.93,23.29,Đất đỏ bazan,Khoai tây,10,2,34,DAP
24.38,52.1,61.63,Đất thịt tơi xốp,Cây chuối,6,0,17,DAP
24.99,61.19,45.63,Đất thịt tơi xốp,Cây mía,8,9,26,28-28
26.32,57.42,33.27,Đất sét,Các loại đậu,13,0,10,28-28
25.92,59.83,38.31,Đất đỏ bazan,Cây mía,5,0,7,14-35-14
35.0,75.25,35.02,Đất mùn,Cây mía,12,0,10,17-17-17
26.66,68.27,47.59,Đất cát,Cây đậu phộng (Lạc),12,0,15,10-26-26
20.3,54.28,45.3,Đất đỏ bazan,Các loại đậu,18,0,21,14-35-14
25.23,45.43,37.13,Đất thịt tơi xốp,Cây bông,37,3,0,17-17-17
30.71,56.46,43.4,Đất sét,Khoai tây,40,3,0,14-35-14
33.8,58.42,63.96,Đất sét,Cây mía,10,2,41,10-26-26
25.47,48.38,36.0,Đất thịt tơi xốp,Millets,24,0,20,10-26-26
26.75,60.71,69.47,Đất đỏ bazan,Các loại hạt (hạt mè, hạt  cải),6,5,29,17-17-17
31.97,52.19,32.94,Đất thịt tơi xốp,Các loại hạt (hạt mè, hạt  cải),40,3,0,14-35-14
30.06,63.8,35.07,Đất đỏ bazan,Cây bắp,42,0,0,14-35-14
25.45,53.33,23.38,Đất mùn,Các loại hạt (hạt mè, hạt  cải),39,3,0,Urea
38.04,64.69,48.58,Đất sét,Các loại đậu,14,9,12,DAP
40.0,75.91,41.53,Đất đỏ bazan,Khoai tây,14,0,36,DAP
26.7,49.6,42.38,Đất đỏ bazan,Cây lúa,45,0,0,17-17-17
30.02,65.59,54.31,Đất mùn,Cây đậu phộng (Lạc),6,0,13,14-35-14
30.26,44.92,59.46,Đất thịt tơi xốp,Cây bông,9,1,17,14-35-14
24.6,42.57,45.33,Đất sét,Cây lúa,3,12,20,10-26-26
30.5,56.85,37.55,Đất đỏ bazan,Cây chè,5,14,17,20-20
33.02,75.26,31.06,Đất đỏ bazan,Cây lúa,10,0,37,10-26-26
28.62,46.23,66.04,Đất đỏ bazan,Millets,10,0,12,DAP
29.99,69.45,20.0,Đất mùn,Các loại đậu,8,3,35,10-26-26
25.88,62.12,69.37,Đất thịt tơi xốp,Cây bắp,5,5,26,14-35-14
30.13,68.83,49.19,Đất sét,Cây chè,20,0,25,20-20
34.13,72.64,46.55,Đất thịt tơi xốp,Cây chè,21,0,17,Urea
32.58,55.89,49.25,Đất đỏ bazan,Các loại hạt (hạt mè, hạt  cải),10,8,36,17-17-17
31.89,67.32,55.3,Đất mùn,Cây bắp,10,18,9,17-17-17
32.95,48.92,32.88,Đất thịt tơi xốp,Millets,8,17,11,17-17-17
35.37,75.72,32.49,Đất đỏ bazan,Các loại hạt (hạt mè, hạt  cải),15,1,14,DAP
31.8,60.45,29.67,Đất thịt tơi xốp,Cây đậu phộng (Lạc),14,0,36,17-17-17
26.49,68.8,49.84,Đất sét,Millets,13,16,11,28-28
38.31,61.97,48.6,Đất cát,Cây bông,43,4,2,DAP
36.93,64.85,47.1,Đất đỏ bazan,Các loại hạt (hạt mè, hạt  cải),38,3,3,14-35-14
21.89,47.55,20.0,Đất sét,Cây bông,15,11,15,17-17-17
40.0,75.07,38.95,Đất sét,Cây mía,17,2,18,17-17-17
37.05,69.76,48.65,Đất thịt tơi xốp,Cây chè,7,7,31,17-17-17
33.03,57.67,46.12,Đất sét,Cây chè,11,0,13,DAP
30.6,60.9,57.87,Đất đỏ bazan,Cây chuối,8,0,14,Urea
32.22,60.78,34.61,Đất đỏ bazan,Cây mía,6,11,31,17-17-17
32.77,60.31,32.09,Đất mùn,Các loại hạt (hạt mè, hạt  cải),35,0,0,DAP
29.89,52.86,50.67,Đất cát,Millets,12,10,29,Urea
35.93,68.53,36.36,Đất cát,Khoai tây,13,4,40,Urea
37.85,64.18,57.45,Đất cát,Cây bông,14,0,39,Urea
24.66,47.81,24.37,Đất cát,Khoai tây,30,0,0,DAP
28.48,69.99,27.05,Đất thịt tơi xốp,Cây chè,40,0,0,DAP
35.25,55.27,39.3,Đất mùn,Cây bông,39,0,1,10-26-26
32.92,51.51,35.47,Đất thịt tơi xốp,Các loại đậu,22,0,20,28-28
39.3,71.67,43.17,Đất cát,Các loại đậu,36,3,0,Urea
30.2,43.41,40.91,Đất thịt tơi xốp,Các loại hạt (hạt mè, hạt  cải),11,3,38,Urea
32.52,64.65,24.55,Đất cát,Cây mía,21,0,24,14-35-14
26.39,58.76,26.14,Đất sét,Cây mía,39,0,0,Urea
29.87,57.28,37.3,Đất thịt tơi xốp,Các loại hạt (hạt mè, hạt  cải),17,0,32,17-17-17
33.84,67.09,53.03,Đất sét,Cây chuối,13,0,44,Urea
30.96,55.9,41.09,Đất đỏ bazan,Cây chuối,13,2,12,17-17-17
33.1,57.5,42.07,Đất sét,Cây đậu phộng (Lạc),17,0,23,20-20
26.16,59.25,36.27,Đất cát,Cây bông,36,0,0,10-26-26
32.22,68.32,47.1,Đất cát,Cây chè,15,4,10,20-20
25.96,57.58,55.01,Đất thịt tơi xốp,Cây lúa,15,0,41,14-35-14
29.98,56.89,32.9,Đất mùn,Cây bắp,36,0,0,Urea
26.5,52.28,28.61,Đất cát,Khoai tây,7,20,18,Urea
36.91,73.2,33.96,Đất đỏ bazan,Cây bắp,11,0,11,28-28
34.0,73.7,57.78,Đất cát,Cây bắp,39,4,2,20-20
27.53,51.5,38.22,Đất cát,Cây chè,25,0,14,10-26-26
35.43,50.87,44.74,Đất mùn,Khoai tây,18,0,36,DAP
32.22,54.23,47.91,Đất thịt tơi xốp,Cây đậu phộng (Lạc),7,12,25,17-17-17
26.65,56.41,66.61,Đất mùn,Cây chuối,14,0,13,14-35-14
26.9,42.45,46.23,Đất mùn,Cây chuối,8,16,11,20-20
30.49,55.56,64.02,Đất mùn,Cây chuối,11,0,34,17-17-17
26.99,44.75,36.06,Đất cát,Millets,12,3,16,Urea
26.11,58.64,22.93,Đất sét,Cây bông,40,2,0,14-35-14
32.64,56.74,45.11,Đất đỏ bazan,Cây chè,34,0,3,Urea
28.63,63.42,48.86,Đất cát,Cây chuối,21,0,18,10-26-26
22.6,60.21,36.97,Đất cát,Cây chuối,18,3,25,20-20
28.97,68.66,31.32,Đất sét,Cây lúa,39,1,1,17-17-17
32.04,68.28,40.21,Đất đỏ bazan,Cây lúa,21,3,23,14-35-14
25.6,54.32,31.26,Đất mùn,Cây đậu phộng (Lạc),14,0,42,Urea
28.9,60.24,35.76,Đất sét,Các loại hạt (hạt mè, hạt  cải),40,0,0,17-17-17
26.66,60.4,30.09,Đất sét,Các loại hạt (hạt mè, hạt  cải),33,2,4,10-26-26
33.83,61.27,70.0,Đất cát,Các loại hạt (hạt mè, hạt  cải),12,1,38,17-17-17
34.54,63.82,62.84,Đất sét,Cây bông,42,0,1,14-35-14
28.91,41.55,69.89,Đất mùn,Các loại hạt (hạt mè, hạt  cải),9,0,12,DAP
36.28,62.7,32.29,Đất sét,Các loại hạt (hạt mè, hạt  cải),37,0,0,20-20
25.51,66.21,44.24,Đất thịt tơi xốp,Cây đậu phộng (Lạc),21,2,16,17-17-17
24.4,60.18,37.67,Đất thịt tơi xốp,Các loại đậu,42,4,0,DAP
32.06,46.96,51.16,Đất cát,Cây bắp,8,8,29,14-35-14
40.0,71.75,46.13,Đất mùn,Millets,8,4,28,DAP
24.3,54.99,32.02,Đất sét,Cây đậu phộng (Lạc),4,14,20,17-17-17
29.47,59.72,59.54,Đất đỏ bazan,Cây chuối,2,13,28,28-28
36.49,69.41,58.49,Đất sét,Khoai tây,45,2,0,17-17-17
24.26,61.88,65.71,Đất sét,Cây bắp,6,4,10,DAP
27.6,56.81,32.67,Đất cát,Các loại đậu,0,14,20,DAP
23.84,61.45,20.0,Đất cát,Các loại đậu,8,12,34,28-28
31.05,59.62,35.9,Đất cát,Cây lúa,46,1,1,Urea
28.51,55.73,42.73,Đất đỏ bazan,Millets,34,0,0,Urea
36.45,68.49,26.71,Đất mùn,Cây bắp,21,1,24,10-26-26
29.8,66.69,70.0,Đất sét,Millets,11,6,30,28-28
27.41,49.33,22.31,Đất mùn,Cây đậu phộng (Lạc),30,0,0,28-28
30.29,48.59,52.49,Đất cát,Các loại đậu,20,2,24,DAP
40.0,69.41,43.69,Đất đỏ bazan,Khoai tây,12,0,45,10-26-26
26.52,49.7,59.42,Đất mùn,Cây đậu phộng (Lạc),8,0,14,Urea
29.97,57.71,70.0,Đất sét,Các loại đậu,8,7,32,17-17-17
29.01,57.85,40.02,Đất cát,Các loại đậu,16,3,41,28-28
31.5,53.39,52.53,Đất thịt tơi xốp,Cây lúa,1,13,18,17-17-17
28.83,59.28,49.24,Đất cát,Khoai tây,33,0,0,14-35-14
23.87,61.85,26.36,Đất cát,Cây lúa,44,0,4,14-35-14
36.75,69.93,42.63,Đất cát,Millets,9,4,38,Urea
34.96,53.85,35.07,Đất cát,Cây mía,42,1,0,28-28
32.9,66.62,21.84,Đất sét,Millets,39,4,2,17-17-17
24.66,59.3,31.83,Đất sét,Cây bông,37,0,0,14-35-14
28.78,65.76,64.46,Đất cát,Khoai tây,9,11,34,10-26-26
36.61,57.83,47.58,Đất cát,Cây đậu phộng (Lạc),26,1,22,Urea
30.33,61.55,45.94,Đất cát,Cây chè,13,0,40,14-35-14
24.68,45.27,47.81,Đất sét,Các loại đậu,21,0,27,DAP
20.7,52.06,31.55,Đất đỏ bazan,Cây bông,24,0,19,20-20
30.81,65.77,45.65,Đất thịt tơi xốp,Cây bắp,11,1,11,17-17-17
36.75,74.94,55.55,Đất mùn,Cây chè,37,0,0,20-20
29.68,55.32,30.31,Đất sét,Cây lúa,19,1,14,28-28
29.45,51.32,62.42,Đất mùn,Millets,13,1,10,28-28
33.28,70.59,39.69,Đất thịt tơi xốp,Cây đậu phộng (Lạc),10,13,14,Urea
28.42,49.48,38.23,Đất thịt tơi xốp,Các loại hạt (hạt mè, hạt  cải),9,11,25,14-35-14
29.18,67.41,29.21,Đất đỏ bazan,Cây lúa,8,14,17,Urea
35.39,69.31,42.02,Đất thịt tơi xốp,Millets,12,8,28,10-26-26
33.12,66.48,41.95,Đất cát,Các loại hạt (hạt mè, hạt  cải),7,0,15,10-26-26
28.27,69.62,65.41,Đất cát,Cây bông,3,10,32,14-35-14
33.61,68.82,40.58,Đất sét,Cây bắp,13,0,39,10-26-26
25.71,55.35,40.7,Đất sét,Millets,40,3,0,10-26-26
31.15,66.9,49.75,Đất cát,Cây bông,14,16,15,17-17-17
23.02,62.92,28.92,Đất thịt tơi xốp,Các loại đậu,41,1,0,DAP
25.53,52.01,43.54,Đất sét,Cây bông,8,0,12,Urea
29.52,46.94,40.51,Đất đỏ bazan,Cây bông,32,0,0,10-26-26
31.28,59.63,56.79,Đất sét,Cây bắp,10,10,16,DAP
27.39,58.57,47.88,Đất thịt tơi xốp,Các loại đậu,17,3,28,Urea
24.97,57.24,56.69,Đất cát,Cây chè,8,0,33,14-35-14
34.81,77.03,58.09,Đất đỏ bazan,Các loại đậu,36,2,0,10-26-26
30.22,68.75,58.39,Đất cát,Cây chè,12,9,14,14-35-14
27.95,52.04,60.22,Đất cát,Millets,12,1,4,10-26-26
36.68,59.35,46.12,Đất sét,Cây chuối,42,0,3,20-20
33.98,50.38,53.63,Đất cát,Cây bắp,8,6,37,17-17-17
35.25,65.6,41.85,Đất đỏ bazan,Cây bông,45,0,0,28-28
21.87,46.4,37.57,Đất cát,Cây lúa,16,1,19,28-28
21.66,44.54,59.31,Đất thịt tơi xốp,Cây chuối,38,4,1,20-20
27.7,51.81,52.3,Đất cát,Cây bắp,9,1,35,Urea
35.18,71.74,59.5,Đất thịt tơi xốp,Khoai tây,7,0,14,10-26-26
31.64,58.28,29.1,Đất cát,Cây bắp,36,3,0,10-26-26
30.89,46.85,55.84,Đất sét,Các loại đậu,3,19,16,DAP
35.7,57.43,35.8,Đất đỏ bazan,Cây bông,9,10,27,Urea
33.87,54.76,35.38,Đất mùn,Các loại đậu,26,3,21,10-26-26
37.24,59.51,60.24,Đất thịt tơi xốp,Cây mía,8,4,26,10-26-26
27.81,67.33,35.83,Đất sét,Cây lúa,25,3,19,10-26-26
38.13,56.75,55.03,Đất mùn,Cây chuối,27,3,19,14-35-14
31.88,69.26,37.67,Đất mùn,Millets,3,9,27,28-28
37.62,56.81,33.81,Đất sét,Các loại hạt (hạt mè, hạt  cải),11,0,14,10-26-26
22.41,58.55,33.15,Đất sét,Millets,9,0,14,Urea
29.65,57.73,44.42,Đất mùn,Cây bông,13,0,11,28-28
28.76,50.29,26.63,Đất mùn,Khoai tây,15,0,13,Urea
23.62,54.1,36.08,Đất thịt tơi xốp,Cây chè,17,3,39,14-35-14
33.13,65.2,62.77,Đất thịt tơi xốp,Millets,14,3,42,Urea
30.05,49.6,38.88,Đất thịt tơi xốp,Khoai tây,11,0,41,DAP
20.14,55.39,34.9,Đất cát,Khoai tây,7,20,13,17-17-17
25.12,59.64,41.7,Đất thịt tơi xốp,Cây lúa,33,2,2,20-20
33.19,62.06,52.48,Đất cát,Cây mía,12,13,8,14-35-14
34.27,61.65,38.7,Đất mùn,Cây mía,19,0,25,DAP
27.91,57.81,37.13,Đất sét,Cây mía,20,0,20,28-28
28.82,53.07,33.55,Đất sét,Cây đậu phộng (Lạc),2,23,13,20-20
26.41,53.31,47.82,Đất đỏ bazan,Khoai tây,8,0,43,17-17-17
30.4,55.73,55.43,Đất cát,Cây mía,34,1,0,14-35-14
32.51,54.93,36.01,Đất mùn,Cây lúa,21,0,18,17-17-17
26.68,58.71,31.63,Đất thịt tơi xốp,Các loại hạt (hạt mè, hạt  cải),24,0,23,10-26-26
29.79,52.4,41.74,Đất cát,Khoai tây,24,0,20,DAP
27.58,61.82,63.26,Đất cát,Cây mía,15,3,39,14-35-14
33.86,71.98,39.51,Đất sét,Các loại đậu,20,0,20,20-20
31.19,54.28,56.93,Đất thịt tơi xốp,Các loại hạt (hạt mè, hạt  cải),34,0,4,28-28
37.5,78.9,55.18,Đất mùn,Millets,4,10,27,17-17-17
24.53,51.09,51.48,Đất cát,Cây mía,13,0,40,14-35-14
34.71,71.46,27.27,Đất đỏ bazan,Cây bắp,38,0,0,20-20
28.71,61.58,39.06,Đất cát,Cây bắp,39,3,0,Urea
26.71,56.92,34.15,Đất đỏ bazan,Cây chuối,32,0,3,14-35-14
38.54,57.01,49.61,Đất thịt tơi xốp,Millets,26,0,22,17-17-17
36.76,71.56,36.82,Đất sét,Cây bông,17,1,35,DAP
30.58,51.06,30.0,Đất mùn,Millets,10,3,9,DAP
29.48,49.92,23.52,Đất thịt tơi xốp,Millets,15,0,15,14-35-14
31.21,58.81,41.61,Đất thịt tơi xốp,Cây lúa,5,5,24,28-28
34.58,58.18,59.64,Đất sét,Khoai tây,14,2,36,10-26-26
30.13,63.29,31.12,Đất đỏ bazan,Cây lúa,1,14,12,10-26-26
30.13,58.46,60.18,Đất mùn,Các loại đậu,11,0,9,DAP
24.63,53.02,36.99,Đất mùn,Cây mía,24,1,18,DAP
30.44,63.3,49.43,Đất thịt tơi xốp,Cây chè,7,0,12,Urea
26.65,56.89,50.34,Đất thịt tơi xốp,Cây bắp,6,15,19,28-28
32.06,55.75,63.43,Đất mùn,Cây chuối,41,1,0,10-26-26
29.22,51.42,31.77,Đất mùn,Cây mía,36,4,0,10-26-26
24.12,52.17,38.96,Đất mùn,Cây đậu phộng (Lạc),17,2,43,20-20
36.74,54.42,31.68,Đất thịt tơi xốp,Millets,26,0,19,28-28
34.73,70.2,55.44,Đất mùn,Millets,4,5,29,17-17-17
26.11,42.81,42.69,Đất thịt tơi xốp,Millets,17,0,14,DAP
27.48,43.68,31.29,Đất thịt tơi xốp,Các loại hạt (hạt mè, hạt  cải),38,1,0,DAP
24.26,56.62,34.63,Đất mùn,Các loại đậu,22,0,19,28-28
27.33,58.93,31.31,Đất mùn,Cây chuối,24,0,18,Urea
32.75,57.13,30.99,Đất đỏ bazan,Cây chè,8,0,36,DAP
24.32,64.62,26.9,Đất cát,Cây đậu phộng (Lạc),5,5,26,14-35-14
34.22,66.2,65.25,Đất sét,Cây lúa,8,7,32,10-26-26
26.56,61.21,46.73,Đất mùn,Cây đậu phộng (Lạc),3,18,16,DAP
30.77,60.08,39.33,Đất thịt tơi xốp,Cây mía,19,0,22,10-26-26
28.84,59.5,20.0,Đất đỏ bazan,Cây chuối,9,0,35,20-20
25.9,59.1,46.8,Đất cát,Millets,23,0,21,Urea
26.17,51.76,33.52,Đất mùn,Cây bắp,35,0,0,14-35-14
27.2,62.82,65.08,Đất sét,Cây bắp,10,0,39,Urea
29.73,48.28,26.09,Đất cát,Millets,40,3,0,28-28
32.31,63.38,48.51,Đất mùn,Cây bắp,6,8,21,DAP
36.46,63.12,40.28,Đất thịt tơi xốp,Các loại đậu,34,2,4,Urea
22.84,59.33,62.69,Đất sét,Cây chuối,10,0,7,DAP
25.4,56.88,53.51,Đất mùn,Millets,10,9,27,28-28
34.47,55.51,46.55,Đất sét,Cây bông,10,16,9,14-35-14
24.83,57.64,41.53,Đất đỏ bazan,Cây chè,23,0,23,DAP
34.99,53.45,34.55,Đất thịt tơi xốp,Khoai tây,5,0,11,28-28
35.41,55.99,30.99,Đất mùn,Cây mía,14,0,34,20-20
35.73,68.68,38.23,Đất thịt tơi xốp,Các loại hạt (hạt mè, hạt  cải),26,0,17,28-28
38.03,72.22,45.56,Đất đỏ bazan,Cây đậu phộng (Lạc),7,0,31,10-26-26
38.49,73.46,46.36,Đất mùn,Khoai tây,3,7,30,DAP
35.33,57.99,70.0,Đất sét,Khoai tây,12,4,41,DAP
27.72,44.26,20.0,Đất mùn,Cây đậu phộng (Lạc),11,12,30,Urea
32.64,48.78,46.52,Đất sét,Cây đậu phộng (Lạc),43,4,0,10-26-26
20.18,51.57,34.03,Đất cát,Cây chè,22,1,21,28-28
32.15,57.67,51.66,Đất đỏ bazan,Cây chè,9,15,7,Urea
31.33,55.22,24.37,Đất cát,Cây bông,12,0,35,Urea
25.58,54.13,29.55,Đất thịt tơi xốp,Cây mía,9,0,5,20-20
23.98,55.05,31.37,Đất sét,Khoai tây,34,1,0,20-20
32.63,64.09,48.36,Đất mùn,Cây đậu phộng (Lạc),3,22,18,DAP
30.75,52.41,37.5,Đất mùn,Cây bắp,38,2,0,Urea
27.83,48.97,45.35,Đất mùn,Cây lúa,16,0,20,20-20
29.78,57.79,45.7,Đất sét,Cây mía,7,9,29,10-26-26
27.09,53.92,37.19,Đất mùn,Cây mía,22,0,28,DAP
26.43,60.25,35.78,Đất cát,Cây mía,15,2,36,20-20
27.82,48.81,25.68,Đất thịt tơi xốp,Các loại đậu,44,1,0,17-17-17
33.4,62.87,43.1,Đất sét,Millets,23,4,21,Urea
31.47,62.21,66.18,Đất thịt tơi xốp,Cây bắp,12,8,30,Urea
31.35,67.11,31.38,Đất mùn,Các loại đậu,11,2,18,14-35-14
26.82,51.3,34.82,Đất đỏ bazan,Cây đậu phộng (Lạc),8,1,11,17-17-17
26.78,65.69,55.2,Đất cát,Cây bắp,7,7,32,10-26-26
25.92,47.69,61.97,Đất sét,Khoai tây,6,3,11,Urea
27.58,42.95,54.69,Đất cát,Cây mía,9,0,4,10-26-26
34.13,69.91,26.15,Đất cát,Cây mía,4,6,27,Urea
27.47,46.61,31.72,Đất mùn,Cây chè,8,0,14,17-17-17
37.79,66.43,53.61,Đất thịt tơi xốp,Cây bắp,13,2,8,Urea
37.81,64.17,31.59,Đất cát,Cây lúa,39,2,4,Urea
30.8,58.77,21.23,Đất cát,Cây lúa,44,3,0,28-28
28.25,54.74,70.0,Đất đỏ bazan,Cây bắp,15,8,12,17-17-17
26.16,45.71,32.82,Đất sét,Các loại đậu,36,0,2,Urea
33.66,67.43,38.06,Đất cát,Các loại đậu,41,2,0,28-28
33.31,66.96,40.72,Đất đỏ bazan,Các loại hạt (hạt mè, hạt  cải),7,5,26,20-20
34.91,57.74,67.05,Đất sét,Cây bắp,8,16,14,20-20
27.14,52.85,56.68,Đất cát,Cây chè,11,0,13,17-17-17
28.7,54.12,34.2,Đất cát,Các loại hạt (hạt mè, hạt  cải),27,0,23,DAP
29.99,45.79,31.39,Đất thịt tơi xốp,Millets,18,13,9,10-26-26
39.07,73.97,37.05,Đất mùn,Cây chè,10,10,34,10-26-26
25.64,57.81,39.15,Đất thịt tơi xốp,Các loại đậu,9,0,41,10-26-26
32.86,61.11,38.13,Đất thịt tơi xốp,Cây mía,25,0,18,DAP
35.95,56.17,51.09,Đất thịt tơi xốp,Cây chuối,9,10,12,20-20
38.15,76.07,50.5,Đất thịt tơi xốp,Cây chuối,41,0,4,Urea
27.97,61.87,53.56,Đất thịt tơi xốp,Cây bắp,9,2,28,20-20
32.21,69.43,39.24,Đất đỏ bazan,Cây chuối,12,4,40,14-35-14
35.52,75.0,62.64,Đất thịt tơi xốp,Cây bắp,16,0,34,DAP
27.25,57.18,56.38,Đất sét,Cây bắp,11,11,28,Urea
34.84,55.67,20.0,Đất thịt tơi xốp,Cây lúa,41,0,0,10-26-26
38.74,72.41,27.4,Đất đỏ bazan,Các loại đậu,11,0,38,20-20
26.87,52.34,36.12,Đất thịt tơi xốp,Cây bông,16,1,40,17-17-17
33.62,61.17,32.6,Đất sét,Cây chuối,9,0,36,28-28
31.47,70.69,49.36,Đất thịt tơi xốp,Cây bắp,10,0,37,17-17-17
20.18,49.8,27.78,Đất đỏ bazan,Cây bắp,21,0,14,17-17-17
27.16,55.4,35.51,Đất mùn,Các loại hạt (hạt mè, hạt  cải),44,0,2,10-26-26
29.22,51.72,43.95,Đất thịt tơi xốp,Cây chuối,26,0,17,Urea
31.2,50.88,26.64,Đất đỏ bazan,Cây mía,46,0,0,DAP
35.95,72.98,52.9,Đất sét,Cây chuối,3,14,16,20-20
38.86,75.86,37.69,Đất sét,Cây chè,6,2,35,14-35-14
35.31,77.47,46.4,Đất sét,Cây mía,6,11,29,28-28
30.59,56.57,30.01,Đất cát,Các loại hạt (hạt mè, hạt  cải),4,7,31,28-28
26.12,58.73,50.26,Đất sét,Cây chuối,7,8,35,28-28
25.49,50.89,63.63,Đất mùn,Cây chè,12,0,6,17-17-17
33.52,57.98,49.92,Đất thịt tơi xốp,Các loại hạt (hạt mè, hạt  cải),5,2,31,DAP
31.88,52.97,49.87,Đất thịt tơi xốp,Cây bông,26,2,22,Urea
33.94,55.33,48.3,Đất sét,Cây chè,17,4,14,Urea
27.97,47.65,45.75,Đất thịt tơi xốp,Cây lúa,8,2,39,14-35-14
29.43,65.58,51.3,Đất sét,Cây bắp,26,0,14,DAP
29.37,58.44,44.49,Đất thịt tơi xốp,Cây mía,28,0,21,10-26-26
27.43,56.68,24.36,Đất sét,Cây chuối,19,0,36,14-35-14
32.66,59.5,27.0,Đất thịt tơi xốp,Các loại đậu,33,0,4,DAP
25.17,43.89,65.91,Đất thịt tơi xốp,Khoai tây,33,2,0,Urea
27.51,55.86,41.39,Đất thịt tơi xốp,Cây đậu phộng (Lạc),14,0,37,10-26-26
26.81,58.78,49.15,Đất sét,Các loại hạt (hạt mè, hạt  cải),14,2,10,28-28
29.29,69.9,43.81,Đất thịt tơi xốp,Cây bắp,28,0,21,Urea
32.07,63.03,39.38,Đất cát,Cây bắp,42,3,0,14-35-14
30.29,69.78,31.58,Đất thịt tơi xốp,Cây mía,15,0,36,17-17-17
22.46,48.46,43.17,Đất sét,Cây chè,17,0,23,17-17-17
24.89,41.79,54.45,Đất thịt tơi xốp,Khoai tây,15,8,19,Urea
29.43,62.46,43.26,Đất thịt tơi xốp,Cây đậu phộng (Lạc),0,8,30,28-28
40.0,76.58,43.4,Đất sét,Các loại đậu,16,14,19,20-20
33.82,63.87,30.01,Đất thịt tơi xốp,Cây chuối,12,1,35,Urea
36.91,75.0,34.75,Đất sét,Cây chuối,8,4,38,28-28
29.11,66.22,57.05,Đất thịt tơi xốp,Cây mía,15,15,14,28-28
37.61,71.93,31.01,Đất thịt tơi xốp,Các loại hạt (hạt mè, hạt  cải),8,2,33,DAP
23.97,42.57,33.9,Đất mùn,Khoai tây,5,12,16,28-28
21.48,43.69,41.22,Đất cát,Các loại hạt (hạt mè, hạt  cải),13,3,10,Urea
28.56,69.25,43.73,Đất đỏ bazan,Cây đậu phộng (Lạc),34,0,3,20-20
24.78,56.42,25.51,Đất sét,Cây mía,14,13,10,17-17-17
28.78,60.98,46.86,Đất sét,Millets,18,1,13,20-20
25.83,42.5,60.32,Đất sét,Cây bông,7,3,5,28-28
21.27,59.98,35.59,Đất đỏ bazan,Cây lúa,9,1,37,10-26-26
27.79,46.46,33.4,Đất thịt tơi xốp,Khoai tây,13,0,38,10-26-26
36.34,67.59,43.01,Đất sét,Các loại hạt (hạt mè, hạt  cải),40,0,0,DAP
26.57,52.98,56.7,Đất cát,Cây chè,3,7,32,20-20
27.78,57.1,42.64,Đất thịt tơi xốp,Cây đậu phộng (Lạc),10,0,37,28-28
26.99,44.73,51.9,Đất cát,Các loại hạt (hạt mè, hạt  cải),6,0,18,17-17-17
29.83,64.29,45.68,Đất thịt tơi xốp,Cây mía,16,0,13,20-20
23.56,56.69,37.04,Đất đỏ bazan,Các loại đậu,7,0,3,10-26-26
31.85,62.5,31.51,Đất cát,Khoai tây,36,0,0,17-17-17
26.79,58.42,26.41,Đất cát,Các loại hạt (hạt mè, hạt  cải),8,11,9,28-28
27.02,55.09,35.69,Đất đỏ bazan,Cây lúa,36,0,0,Urea
25.4,59.23,35.65,Đất sét,Cây lúa,38,1,0,20-20
28.2,47.14,48.34,Đất thịt tơi xốp,Cây chè,37,0,0,17-17-17
34.32,61.36,44.53,Đất thịt tơi xốp,Cây bắp,11,11,11,DAP
34.8,76.07,30.81,Đất đỏ bazan,Cây chè,7,0,38,28-28
33.52,65.3,40.12,Đất sét,Khoai tây,9,14,16,20-20
29.16,51.25,37.86,Đất đỏ bazan,Cây chuối,17,3,15,Urea
33.55,69.48,37.73,Đất sét,Cây bông,42,4,0,10-26-26
35.14,68.94,36.73,Đất cát,Cây lúa,12,0,32,10-26-26
31.21,67.98,48.85,Đất thịt tơi xốp,Cây lúa,10,0,37,28-28
27.89,53.82,40.72,Đất thịt tơi xốp,Cây chè,14,0,45,Urea
39.78,72.13,29.77,Đất sét,Cây bắp,7,2,41,28-28
33.64,62.64,37.52,Đất đỏ bazan,Cây mía,9,0,42,20-20
26.29,44.72,37.75,Đất sét,Các loại đậu,17,0,36,20-20
27.42,62.2,57.15,Đất cát,Millets,38,0,4,14-35-14
32.51,53.53,45.88,Đất đỏ bazan,Cây chè,36,0,2,28-28
33.57,54.09,68.48,Đất thịt tơi xốp,Cây mía,8,9,26,28-28
30.06,57.82,29.93,Đất cát,Cây lúa,38,0,0,Urea
40.0,75.94,34.96,Đất đỏ bazan,Millets,12,2,10,28-28
21.36,46.46,35.37,Đất sét,Cây bông,23,1,21,DAP
30.85,62.03,23.42,Đất sét,Cây bông,4,10,26,14-35-14
32.9,63.12,47.43,Đất thịt tơi xốp,Cây đậu phộng (Lạc),15,16,20,14-35-14
29.42,72.78,42.89,Đất sét,Cây mía,39,2,0,20-20
38.27,63.65,41.45,Đất sét,Khoai tây,12,4,35,28-28
25.08,61.53,34.32,Đất mùn,Cây chè,16,2,38,10-26-26
33.46,72.4,40.83,Đất đỏ bazan,Các loại hạt (hạt mè, hạt  cải),15,0,8,28-28
27.4,56.09,57.66,Đất sét,Cây lúa,11,11,16,17-17-17
31.91,46.26,41.51,Đất thịt tơi xốp,Các loại đậu,24,3,27,28-28
30.02,66.49,49.75,Đất mùn,Cây bắp,10,0,13,17-17-17
26.05,51.23,34.11,Đất mùn,Cây bắp,17,0,40,Urea
38.11,67.76,40.16,Đất mùn,Cây chè,12,0,45,14-35-14
25.82,44.33,29.18,Đất mùn,Cây chè,10,4,37,Urea
25.24,43.61,39.67,Đất mùn,Khoai tây,2,22,14,14-35-14
36.49,65.48,39.34,Đất đỏ bazan,Các loại hạt (hạt mè, hạt  cải),14,0,32,10-26-26
23.39,59.65,40.74,Đất sét,Cây lúa,16,0,14,10-26-26
29.61,70.12,42.17,Đất đỏ bazan,Cây đậu phộng (Lạc),14,15,13,14-35-14
33.0,55.09,52.37,Đất thịt tơi xốp,Các loại đậu,17,0,37,Urea
32.12,68.28,42.26,Đất đỏ bazan,Cây đậu phộng (Lạc),8,17,20,14-35-14
33.34,73.86,48.0,Đất sét,Khoai tây,7,4,29,10-26-26
29.17,64.55,46.56,Đất cát,Cây đậu phộng (Lạc),23,1,20,10-26-26
24.82,45.77,51.47,Đất sét,Cây bông,23,2,24,17-17-17
27.19,46.21,27.99,Đất mùn,Cây mía,28,0,16,14-35-14
34.5,63.22,50.73,Đất mùn,Khoai tây,44,0,1,28-28
31.98,45.3,30.75,Đất mùn,Các loại đậu,36,0,0,Urea
31.31,58.21,49.13,Đất sét,Các loại hạt (hạt mè, hạt  cải),8,20,21,20-20
31.7,73.98,42.06,Đất mùn,Các loại đậu,7,9,31,Urea
30.25,60.34,33.5,Đất cát,Cây đậu phộng (Lạc),27,1,28,20-20
38.47,55.14,50.1,Đất đỏ bazan,Khoai tây,13,0,41,20-20
35.84,62.15,67.16,Đất cát,Millets,3,9,26,28-28
26.29,62.82,38.28,Đất đỏ bazan,Cây đậu phộng (Lạc),8,14,16,20-20
35.77,67.17,42.53,Đất thịt tơi xốp,Cây bắp,13,1,32,10-26-26
27.14,68.62,46.27,Đất cát,Cây chuối,9,0,39,DAP
32.99,70.55,34.22,Đất mùn,Cây lúa,23,0,20,14-35-14
33.14,50.64,55.05,Đất mùn,Cây bắp,8,0,39,28-28
25.7,57.86,20.0,Đất mùn,Cây đậu phộng (Lạc),10,0,38,DAP
27.27,42.2,47.49,Đất mùn,Cây chuối,10,16,18,17-17-17
25.65,55.02,37.37,Đất đỏ bazan,Cây chè,41,3,2,17-17-17
28.48,55.48,25.55,Đất mùn,Cây bắp,23,0,23,10-26-26
26.12,60.43,58.13,Đất thịt tơi xốp,Cây bông,11,0,11,17-17-17
22.99,44.67,30.17,Đất thịt tơi xốp,Cây lúa,18,0,16,17-17-17
35.57,70.66,40.03,Đất thịt tơi xốp,Cây chuối,42,0,0,10-26-26
25.78,57.76,65.12,Đất thịt tơi xốp,Cây chè,13,0,40,28-28
38.93,72.28,67.64,Đất đỏ bazan,Cây bông,25,0,24,DAP
34.4,70.85,53.05,Đất thịt tơi xốp,Cây mía,12,12,13,20-20
23.28,45.27,43.77,Đất cát,Cây mía,19,0,21,14-35-14
29.27,65.89,70.0,Đất cát,Cây chuối,12,4,35,17-17-17
28.06,44.09,58.46,Đất đỏ bazan,Cây chè,10,10,16,10-26-26
29.55,60.62,45.99,Đất cát,Cây đậu phộng (Lạc),23,0,25,28-28
25.91,42.33,27.89,Đất mùn,Các loại hạt (hạt mè, hạt  cải),11,16,8,17-17-17
29.91,45.99,64.48,Đất cát,Cây bông,42,1,0,14-35-14
32.92,60.86,60.26,Đất sét,Cây bắp,37,1,0,DAP
36.6,61.48,20.0,Đất thịt tơi xốp,Cây bông,9,9,27,28-28
35.3,76.77,44.61,Đất đỏ bazan,Cây chè,8,0,42,DAP
32.46,62.03,48.0,Đất đỏ bazan,Cây bông,15,0,6,DAP
31.52,57.93,68.2,Đất sét,Cây bắp,12,4,26,20-20
28.54,55.75,38.08,Đất sét,Cây mía,25,4,18,10-26-26
26.33,58.16,43.91,Đất đỏ bazan,Cây đậu phộng (Lạc),10,11,22,Urea
31.55,50.78,32.59,Đất mùn,Cây lúa,34,4,0,20-20
25.7,62.98,30.45,Đất cát,Các loại đậu,8,14,29,20-20
33.51,66.81,32.19,Đất mùn,Cây lúa,24,4,17,17-17-17
33.19,62.86,37.31,Đất đỏ bazan,Các loại hạt (hạt mè, hạt  cải),45,0,0,DAP
24.07,54.47,28.69,Đất mùn,Các loại đậu,9,0,11,14-35-14
37.03,73.51,35.21,Đất mùn,Cây chè,11,3,36,DAP
29.52,56.55,31.92,Đất sét,Cây bông,5,11,33,20-20
20.55,42.03,63.54,Đất thịt tơi xốp,Cây đậu phộng (Lạc),11,16,16,14-35-14
33.35,71.63,38.11,Đất mùn,Cây mía,14,2,38,DAP
30.33,51.05,33.36,Đất sét,Cây bông,13,0,5,DAP
31.18,55.84,28.31,Đất sét,Millets,43,4,2,28-28
37.84,66.91,57.7,Đất cát,Các loại hạt (hạt mè, hạt  cải),45,0,0,Urea
32.56,68.67,23.64,Đất mùn,Cây chè,42,0,0,DAP
31.72,45.26,28.54,Đất sét,Cây bắp,35,0,2,17-17-17
31.1,45.98,25.78,Đất thịt tơi xốp,Khoai tây,39,0,2,28-28
29.8,59.73,35.64,Đất đỏ bazan,Cây đậu phộng (Lạc),9,0,11,Urea
33.62,63.24,36.1,Đất sét,Cây chè,25,0,20,10-26-26
34.15,57.16,39.48,Đất cát,Cây bông,26,4,24,17-17-17
29.13,53.38,49.08,Đất đỏ bazan,Cây mía,10,8,9,DAP
30.83,57.02,57.45,Đất mùn,Cây đậu phộng (Lạc),33,0,0,10-26-26
29.14,61.8,44.63,Đất mùn,Cây chè,6,16,9,10-26-26
26.79,61.62,45.64,Đất cát,Khoai tây,6,14,17,20-20
21.49,46.99,40.82,Đất cát,Cây bông,3,20,17,17-17-17
35.36,56.86,36.82,Đất mùn,Millets,38,3,0,DAP
25.98,56.09,45.29,Đất cát,Cây chè,27,1,21,Urea
25.86,45.62,35.68,Đất đỏ bazan,Cây đậu phộng (Lạc),40,1,2,DAP
29.91,60.03,58.5,Đất sét,Cây bông,44,0,2,17-17-17
27.33,55.62,31.28,Đất sét,Các loại đậu,39,0,0,DAP
34.51,68.73,69.9,Đất mùn,Cây đậu phộng (Lạc),14,12,11,14-35-14
32.14,71.89,41.21,Đất mùn,Các loại đậu,9,9,17,14-35-14
34.01,63.87,51.24,Đất sét,Cây chuối,19,3,20,DAP
30.01,59.57,35.04,Đất đỏ bazan,Khoai tây,4,9,34,DAP
35.19,65.14,22.12,Đất thịt tơi xốp,Khoai tây,6,2,28,10-26-26
28.81,54.94,41.6,Đất thịt tơi xốp,Cây đậu phộng (Lạc),42,0,0,Urea
30.77,55.44,46.67,Đất sét,Cây lúa,1,5,32,28-28
32.43,56.6,64.19,Đất đỏ bazan,Cây chuối,14,10,35,17-17-17
34.68,50.94,55.43,Đất thịt tơi xốp,Các loại hạt (hạt mè, hạt  cải),13,0,43,17-17-17
24.83,59.19,31.4,Đất sét,Cây lúa,40,0,3,17-17-17
28.86,73.5,29.53,Đất thịt tơi xốp,Cây mía,41,3,0,28-28
29.84,65.34,35.1,Đất cát,Cây đậu phộng (Lạc),5,0,9,14-35-14
38.76,56.94,56.53,Đất cát,Cây bông,5,0,14,14-35-14
35.24,66.47,51.44,Đất đỏ bazan,Cây bông,6,7,30,17-17-17
34.51,58.28,63.85,Đất sét,Millets,10,2,38,20-20
23.93,60.03,29.73,Đất thịt tơi xốp,Millets,12,2,10,DAP
28.0,58.95,32.66,Đất đỏ bazan,Các loại đậu,19,0,33,17-17-17
25.02,45.57,38.91,Đất thịt tơi xốp,Cây chè,39,0,0,20-20
30.76,50.1,44.85,Đất sét,Cây bắp,31,2,4,Urea
30.4,52.84,59.57,Đất sét,Cây bắp,12,8,13,Urea
34.55,61.85,66.2,Đất sét,Khoai tây,9,15,10,Urea
23.54,47.71,27.92,Đất đỏ bazan,Cây đậu phộng (Lạc),13,9,32,Urea
29.87,52.38,22.8,Đất thịt tơi xốp,Các loại đậu,13,1,7,28-28
34.57,55.72,20.0,Đất mùn,Cây mía,10,11,29,14-35-14
31.63,50.38,31.45,Đất sét,Cây lúa,17,0,15,10-26-26
31.73,51.82,37.23,Đất cát,Cây bắp,38,1,3,DAP
25.36,62.76,62.32,Đất sét,Cây đậu phộng (Lạc),3,6,33,14-35-14
36.64,57.29,24.08,Đất thịt tơi xốp,Các loại hạt (hạt mè, hạt  cải),3,8,26,10-26-26
32.1,65.89,70.0,Đất sét,Cây chuối,17,0,37,14-35-14
21.09,49.87,63.43,Đất đỏ bazan,Cây lúa,13,13,13,Urea
36.17,73.15,60.09,Đất thịt tơi xốp,Cây bông,42,4,2,17-17-17
38.68,76.72,57.16,Đất đỏ bazan,Cây chè,43,1,0,DAP
29.0,70.73,43.4,Đất mùn,Các loại hạt (hạt mè, hạt  cải),17,19,13,Urea
31.23,66.32,27.49,Đất đỏ bazan,Cây chuối,40,0,3,14-35-14
31.19,71.44,46.39,Đất mùn,Cây bắp,9,12,17,17-17-17
29.35,61.82,63.95,Đất cát,Các loại đậu,38,1,0,28-28
27.41,56.77,45.73,Đất sét,Cây mía,12,4,31,28-28
32.63,66.83,49.59,Đất đỏ bazan,Cây bông,8,0,13,28-28
34.33,58.34,39.98,Đất cát,Cây bông,26,0,23,17-17-17
26.71,51.41,32.41,Đất sét,Cây chè,8,8,26,14-35-14
30.66,66.4,52.44,Đất mùn,Các loại đậu,40,0,0,28-28
27.45,57.24,34.3,Đất sét,Các loại hạt (hạt mè, hạt  cải),43,0,2,28-28
30.59,56.93,49.01,Đất mùn,Cây bông,14,4,11,10-26-26
29.75,47.56,33.26,Đất sét,Cây bông,10,0,38,28-28
35.61,68.63,70.0,Đất đỏ bazan,Cây mía,25,0,15,28-28
31.43,54.96,40.98,Đất cát,Cây lúa,15,0,5,14-35-14
31.37,74.91,34.64,Đất đỏ bazan,Khoai tây,10,9,28,Urea
28.38,51.28,61.42,Đất cát,Cây mía,37,2,3,20-20
31.44,70.97,62.81,Đất sét,Cây lúa,18,0,39,17-17-17
39.45,73.14,24.99,Đất cát,Cây bắp,12,2,40,Urea
24.78,50.29,39.4,Đất thịt tơi xốp,Millets,43,2,0,17-17-17
25.7,52.75,36.55,Đất đỏ bazan,Cây lúa,19,1,14,10-26-26
29.06,71.99,38.56,Đất cát,Cây chè,8,14,18,DAP
26.27,55.47,33.28,Đất đỏ bazan,Cây chuối,13,1,38,28-28
33.49,63.84,32.92,Đất sét,Khoai tây,38,0,0,Urea
34.92,58.53,27.98,Đất sét,Cây bông,12,0,37,DAP
22.93,52.54,39.37,Đất cát,Cây bông,9,0,8,28-28
26.38,49.88,65.47,Đất thịt tơi xốp,Cây bắp,32,1,1,17-17-17
34.28,68.8,43.11,Đất mùn,Cây bông,9,7,23,14-35-14
35.49,70.58,34.23,Đất sét,Cây bắp,18,4,33,DAP
32.6,53.68,28.87,Đất sét,Các loại đậu,5,12,25,14-35-14
38.65,67.93,70.0,Đất mùn,Millets,10,1,40,28-28
39.15,68.25,46.6,Đất mùn,Cây mía,42,0,1,17-17-17
32.15,57.42,26.8,Đất đỏ bazan,Cây chuối,14,21,20,DAP
32.8,61.46,58.5,Đất cát,Cây chuối,7,9,29,14-35-14
39.01,65.01,46.91,Đất sét,Các loại đậu,43,4,0,28-28
32.04,64.28,62.11,Đất thịt tơi xốp,Cây đậu phộng (Lạc),15,3,36,14-35-14
24.88,43.56,53.5,Đất cát,Cây mía,14,0,19,28-28
24.12,50.26,37.62,Đất mùn,Cây chuối,13,0,37,Urea
27.71,53.42,37.98,Đất thịt tơi xốp,Cây bắp,41,0,3,20-20
32.91,64.18,51.89,Đất cát,Cây lúa,17,0,37,Urea
37.05,69.22,44.58,Đất thịt tơi xốp,Cây mía,11,20,20,17-17-17
30.03,65.12,38.84,Đất cát,Millets,22,0,20,28-28
23.9,43.28,43.12,Đất sét,Các loại đậu,22,3,21,17-17-17
30.41,63.03,49.09,Đất sét,Cây bắp,6,8,30,10-26-26
29.86,50.94,70.0,Đất cát,Cây mía,12,0,32,28-28
37.46,61.25,31.69,Đất sét,Cây chè,9,0,37,10-26-26
28.75,55.19,20.0,Đất mùn,Millets,3,4,34,17-17-17
24.86,58.35,61.89,Đất đỏ bazan,Cây chuối,14,0,38,17-17-17
27.63,58.09,46.23,Đất thịt tơi xốp,Cây lúa,22,3,20,DAP
29.59,65.88,21.2,Đất cát,Cây mía,40,2,1,20-20
28.41,61.99,31.54,Đất đỏ bazan,Cây bắp,11,0,13,17-17-17
24.22,59.75,30.07,Đất thịt tơi xốp,Khoai tây,16,3,42,20-20
37.05,66.11,38.47,Đất thịt tơi xốp,Các loại đậu,4,5,28,DAP
28.28,67.72,55.83,Đất đỏ bazan,Cây chè,12,4,9,DAP
31.39,61.78,70.0,Đất đỏ bazan,Cây bắp,14,15,12,10-26-26
28.51,55.93,40.33,Đất đỏ bazan,Cây bông,17,0,27,20-20
29.88,64.22,20.0,Đất sét,Các loại hạt (hạt mè, hạt  cải),7,7,32,14-35-14
25.28,50.64,66.87,Đất đỏ bazan,Các loại đậu,10,0,11,14-35-14
36.27,74.55,57.03,Đất cát,Cây bông,11,2,35,Urea
29.28,55.6,41.79,Đất mùn,Cây lúa,0,11,27,20-20
40.0,72.78,38.48,Đất đỏ bazan,Các loại đậu,7,10,32,Urea
25.08,45.08,31.07,Đất sét,Cây mía,5,23,14,14-35-14
29.35,67.05,31.67,Đất thịt tơi xốp,Cây bông,24,3,19,DAP
28.86,59.22,44.4,Đất cát,Cây chè,24,0,22,28-28
27.1,55.35,36.61,Đất thịt tơi xốp,Cây mía,25,0,15,28-28
28.09,50.46,25.38,Đất cát,Cây đậu phộng (Lạc),18,1,36,Urea
28.96,54.32,35.97,Đất cát,Cây đậu phộng (Lạc),14,3,43,10-26-26
27.67,57.87,33.61,Đất sét,Các loại đậu,40,2,0,10-26-26
29.34,49.57,20.01,Đất mùn,Cây bắp,9,18,19,17-17-17
28.57,50.93,44.78,Đất đỏ bazan,Cây bắp,32,0,0,20-20
38.15,59.18,55.78,Đất sét,Cây bông,12,20,14,14-35-14
23.08,62.96,20.0,Đất cát,Millets,4,14,25,14-35-14
37.11,70.83,56.74,Đất sét,Cây bông,3,8,30,DAP
36.28,71.99,35.88,Đất đỏ bazan,Cây chè,41,3,3,20-20
33.3,61.33,50.98,Đất thịt tơi xốp,Các loại đậu,20,0,23,DAP
26.17,53.24,51.31,Đất thịt tơi xốp,Cây đậu phộng (Lạc),27,0,20,DAP
34.55,58.92,68.9,Đất thịt tơi xốp,Cây chuối,10,0,36,14-35-14
34.69,78.28,43.78,Đất thịt tơi xốp,Các loại đậu,15,0,39,DAP
29.02,67.93,55.54,Đất sét,Các loại đậu,16,4,8,DAP
28.19,60.08,28.35,Đất đỏ bazan,Cây chè,35,0,0,28-28
38.69,61.57,53.46,Đất thịt tơi xốp,Cây bông,6,4,26,Urea
34.73,66.96,59.65,Đất sét,Các loại hạt (hạt mè, hạt  cải),28,2,15,Urea
25.55,62.37,41.64,Đất mùn,Cây bông,36,0,0,28-28
31.75,58.98,56.2,Đất sét,Các loại đậu,32,0,0,Urea
30.51,64.47,31.19,Đất cát,Cây lúa,35,0,4,20-20
24.18,53.12,59.3,Đất sét,Cây bắp,8,3,5,10-26-26
30.65,47.72,37.49,Đất sét,Cây bắp,39,0,2,DAP
29.91,59.7,54.67,Đất sét,Cây chè,9,0,40,28-28
34.12,63.6,27.97,Đất đỏ bazan,Cây bắp,26,0,21,DAP
30.51,52.48,23.64,Đất sét,Cây lúa,10,9,25,28-28
28.09,61.48,39.32,Đất thịt tơi xốp,Cây chè,39,0,0,28-28
24.12,53.65,35.22,Đất cát,Khoai tây,37,0,0,10-26-26
33.21,64.79,31.54,Đất sét,Cây mía,3,0,17,20-20
36.7,62.62,24.01,Đất đỏ bazan,Cây đậu phộng (Lạc),42,0,0,17-17-17
34.03,55.38,49.19,Đất cát,Cây bông,5,0,17,10-26-26
24.49,51.98,67.62,Đất sét,Cây mía,34,0,0,14-35-14
29.92,57.58,44.49,Đất mùn,Khoai tây,16,14,7,Urea
33.42,65.41,63.33,Đất thịt tơi xốp,Cây bắp,15,0,38,14-35-14
29.32,57.18,70.0,Đất sét,Khoai tây,12,7,26,20-20
27.49,54.22,40.06,Đất sét,Các loại hạt (hạt mè, hạt  cải),18,0,20,20-20
35.27,69.93,44.23,Đất cát,Khoai tây,38,0,3,20-20
34.35,67.37,55.82,Đất đỏ bazan,Cây bông,3,5,30,14-35-14
27.52,62.28,31.71,Đất cát,Các loại đậu,23,0,18,14-35-14
33.94,62.1,56.9,Đất đỏ bazan,Khoai tây,5,0,8,10-26-26
24.78,59.94,49.61,Đất sét,Cây mía,38,0,3,28-28
33.97,73.31,26.07,Đất cát,Cây chuối,8,0,18,20-20
34.04,73.0,36.41,Đất sét,Cây chè,6,23,23,20-20
29.03,51.28,59.83,Đất sét,Millets,37,2,0,Urea
24.13,65.79,35.41,Đất đỏ bazan,Cây chuối,14,0,36,Urea
37.53,67.28,40.79,Đất sét,Cây bắp,27,0,23,14-35-14
27.94,59.27,46.39,Đất thịt tơi xốp,Cây bông,33,1,0,10-26-26
26.2,66.49,58.35,Đất thịt tơi xốp,Cây chè,12,11,32,DAP
30.71,58.51,42.79,Đất cát,Cây bắp,38,0,4,28-28
37.97,62.65,56.53,Đất đỏ bazan,Khoai tây,6,4,15,DAP
35.46,70.84,62.84,Đất thịt tơi xốp,Cây bắp,9,0,38,20-20
30.08,61.49,52.42,Đất đỏ bazan,Các loại hạt (hạt mè, hạt  cải),5,0,6,10-26-26
33.82,61.25,59.51,Đất thịt tơi xốp,Cây bông,15,13,14,28-28
29.05,54.64,49.53,Đất sét,Cây lúa,11,0,6,10-26-26
40.0,72.25,45.19,Đất sét,Millets,16,0,36,DAP
22.51,50.31,30.59,Đất sét,Cây bắp,17,12,10,DAP
32.06,78.41,36.96,Đất mùn,Cây chuối,9,0,44,10-26-26
39.91,60.35,29.4,Đất mùn,Các loại hạt (hạt mè, hạt  cải),10,3,26,14-35-14
32.83,59.11,29.94,Đất sét,Cây chè,10,0,42,17-17-17
28.99,56.86,47.2,Đất đỏ bazan,Cây mía,19,0,22,DAP
31.08,73.05,43.81,Đất thịt tơi xốp,Cây chè,4,6,33,14-35-14
36.75,71.25,31.9,Đất cát,Cây lúa,10,3,38,17-17-17
29.59,64.77,26.04,Đất đỏ bazan,Cây lúa,40,0,0,17-17-17
29.95,61.65,70.0,Đất mùn,Cây mía,9,5,31,20-20
28.74,51.47,58.63,Đất sét,Cây bắp,9,11,35,28-28
37.6,71.43,54.12,Đất sét,Khoai tây,34,2,3,20-20
38.31,77.54,38.22,Đất thịt tơi xốp,Cây chuối,12,0,41,14-35-14
33.09,65.12,37.71,Đất đỏ bazan,Các loại đậu,19,0,24,20-20
36.17,64.23,54.97,Đất mùn,Các loại hạt (hạt mè, hạt  cải),33,0,4,14-35-14
40.0,58.41,25.99,Đất sét,Cây mía,16,0,16,DAP
23.4,62.09,20.0,Đất sét,Millets,9,3,38,20-20
22.76,48.08,34.55,Đất mùn,Cây bắp,37,4,0,Urea
23.01,46.97,52.66,Đất cát,Cây bắp,8,1,11,14-35-14
36.87,74.71,25.27,Đất cát,Cây đậu phộng (Lạc),12,0,34,17-17-17
26.86,50.54,67.65,Đất mùn,Các loại đậu,8,0,8,DAP
30.79,62.82,29.74,Đất thịt tơi xốp,Cây đậu phộng (Lạc),12,0,14,14-35-14
37.88,56.28,34.78,Đất cát,Các loại đậu,14,0,41,DAP
33.59,73.86,52.09,Đất cát,Các loại hạt (hạt mè, hạt  cải),24,0,19,17-17-17
24.23,40.87,63.97,Đất thịt tơi xốp,Các loại hạt (hạt mè, hạt  cải),14,8,13,20-20
29.22,68.58,68.54,Đất sét,Các loại đậu,5,12,28,10-26-26
34.83,74.84,38.55,Đất sét,Cây đậu phộng (Lạc),13,1,36,14-35-14
40.0,72.53,69.09,Đất mùn,Cây đậu phộng (Lạc),19,0,44,10-26-26
32.53,66.27,24.96,Đất đỏ bazan,Cây mía,24,0,22,14-35-14
34.05,57.39,35.01,Đất mùn,Millets,5,3,33,20-20
33.84,78.28,54.01,Đất cát,Khoai tây,10,8,31,Urea
26.13,59.47,53.78,Đất thịt tơi xốp,Cây lúa,6,0,6,Urea
32.31,65.98,51.84,Đất đỏ bazan,Cây chuối,10,11,8,28-28
27.78,63.49,36.53,Đất đỏ bazan,Cây bắp,19,0,13,10-26-26
30.03,59.76,24.55,Đất cát,Cây đậu phộng (Lạc),40,0,0,Urea
32.22,56.23,20.0,Đất đỏ bazan,Các loại hạt (hạt mè, hạt  cải),8,6,28,Urea
29.46,59.59,27.28,Đất cát,Các loại hạt (hạt mè, hạt  cải),23,3,18,17-17-17
28.6,61.06,46.54,Đất thịt tơi xốp,Khoai tây,1,20,15,Urea
36.31,72.79,46.6,Đất cát,Cây đậu phộng (Lạc),22,0,20,DAP
25.53,60.96,23.48,Đất thịt tơi xốp,Các loại đậu,32,0,0,14-35-14
32.69,55.03,46.23,Đất thịt tơi xốp,Cây bông,26,0,14,28-28
30.11,57.34,25.96,Đất mùn,Các loại đậu,44,0,0,10-26-26
27.71,61.57,28.73,Đất mùn,Cây mía,14,18,12,17-17-17
32.34,57.71,24.9,Đất mùn,Cây bắp,6,11,33,DAP
38.2,60.72,31.82,Đất cát,Cây chè,11,3,39,28-28
38.64,77.51,43.0,Đất cát,Cây đậu phộng (Lạc),40,4,0,DAP
27.61,69.47,34.64,Đất thịt tơi xốp,Cây bắp,6,0,8,Urea
29.73,65.44,62.54,Đất cát,Cây lúa,9,10,25,17-17-17
24.65,57.12,52.24,Đất mùn,Các loại hạt (hạt mè, hạt  cải),9,3,36,DAP
24.61,59.11,55.45,Đất sét,Các loại hạt (hạt mè, hạt  cải),7,0,6,DAP
27.55,50.87,37.69,Đất mùn,Cây chuối,24,0,21,14-35-14
27.77,68.01,52.99,Đất thịt tơi xốp,Cây bông,16,0,30,Urea
31.08,59.06,47.05,Đất cát,Cây chè,39,0,1,14-35-14
27.26,62.16,33.59,Đất thịt tơi xốp,Cây đậu phộng (Lạc),11,8,25,28-28
24.69,55.52,22.39,Đất sét,Khoai tây,13,1,44,14-35-14
33.35,65.13,26.44,Đất sét,Cây chuối,37,0,0,14-35-14
33.4,49.71,50.01,Đất sét,Cây mía,25,4,20,20-20
32.29,62.66,37.32,Đất sét,Cây đậu phộng (Lạc),2,8,32,Urea
23.48,58.98,66.26,Đất sét,Các loại hạt (hạt mè, hạt  cải),32,0,0,Urea
35.91,64.54,51.18,Đất sét,Cây chè,38,0,0,Urea
23.18,59.48,46.95,Đất cát,Cây mía,22,0,23,Urea
37.6,61.35,36.62,Đất đỏ bazan,Cây đậu phộng (Lạc),35,1,0,14-35-14
34.08,67.3,66.45,Đất thịt tơi xốp,Cây chuối,5,6,32,Urea
38.16,64.57,44.12,Đất cát,Cây bông,6,5,27,10-26-26
34.31,75.92,40.55,Đất sét,Cây bông,8,10,27,20-20
28.13,62.39,53.4,Đất mùn,Cây bông,15,0,8,14-35-14
25.04,66.1,46.92,Đất sét,Các loại đậu,4,13,25,17-17-17
35.22,56.07,66.76,Đất đỏ bazan,Cây chè,25,1,19,Urea
33.39,58.29,46.97,Đất thịt tơi xốp,Cây chuối,12,4,5,Urea
31.97,56.43,38.33,Đất đỏ bazan,Khoai tây,20,0,25,DAP
29.39,52.92,44.26,Đất đỏ bazan,Cây mía,14,0,11,10-26-26
28.22,63.09,31.79,Đất mùn,Các loại hạt (hạt mè, hạt  cải),41,1,4,10-26-26
28.99,57.8,41.7,Đất thịt tơi xốp,Cây chuối,33,0,1,DAP
31.7,60.31,42.96,Đất mùn,Cây đậu phộng (Lạc),17,0,22,20-20
28.82,62.02,40.63,Đất sét,Cây bắp,11,9,29,14-35-14
31.71,52.75,30.13,Đất sét,Các loại hạt (hạt mè, hạt  cải),11,12,13,14-35-14
27.04,53.79,60.68,Đất thịt tơi xốp,Millets,10,12,31,DAP
28.31,66.5,29.81,Đất sét,Millets,18,0,27,20-20
27.83,55.13,30.2,Đất mùn,Cây chuối,27,2,19,14-35-14
30.04,58.87,38.82,Đất sét,Cây lúa,2,17,12,28-28
35.85,70.43,52.65,Đất thịt tơi xốp,Cây chuối,6,0,15,20-20
32.69,55.16,54.36,Đất đỏ bazan,Cây lúa,38,0,4,28-28
25.42,55.67,20.0,Đất mùn,Cây chè,8,0,41,Urea
36.08,58.63,55.26,Đất thịt tơi xốp,Cây bông,19,0,37,10-26-26
32.87,55.38,34.81,Đất mùn,Cây bắp,38,0,2,20-20
33.54,64.83,36.55,Đất sét,Cây đậu phộng (Lạc),6,7,31,10-26-26
24.47,48.83,63.87,Đất sét,Các loại đậu,9,0,9,Urea
30.37,59.55,46.99,Đất cát,Cây bông,18,0,24,DAP
34.67,56.47,33.94,Đất thịt tơi xốp,Cây bông,20,0,22,14-35-14
30.85,62.67,70.0,Đất mùn,Cây bắp,37,3,4,28-28
30.26,51.93,67.2,Đất cát,Cây chè,15,0,42,Urea
31.2,58.13,55.28,Đất sét,Cây bắp,1,19,12,20-20
30.08,70.01,35.0,Đất sét,Cây mía,22,0,17,20-20
30.41,57.18,58.29,Đất đỏ bazan,Cây lúa,7,5,27,28-28
29.58,55.83,32.4,Đất cát,Cây mía,45,1,2,17-17-17
24.66,51.66,45.41,Đất thịt tơi xốp,Cây chuối,25,0,25,14-35-14
33.91,67.92,38.66,Đất thịt tơi xốp,Các loại hạt (hạt mè, hạt  cải),9,0,7,17-17-17
26.95,47.7,20.39,Đất sét,Khoai tây,10,3,13,17-17-17
26.25,56.03,69.41,Đất cát,Cây mía,7,7,16,10-26-26
26.88,54.41,28.3,Đất sét,Cây bắp,24,0,15,10-26-26
38.72,72.63,44.83,Đất thịt tơi xốp,Cây lúa,37,4,0,14-35-14
29.2,55.04,68.65,Đất mùn,Millets,2,9,33,20-20
24.84,54.15,44.72,Đất sét,Cây bắp,37,3,4,10-26-26
31.87,61.74,41.71,Đất cát,Cây mía,8,1,10,Urea
33.22,55.48,63.02,Đất đỏ bazan,Cây chè,7,6,34,28-28
33.82,72.77,45.9,Đất cát,Cây lúa,17,0,12,17-17-17
40.0,66.66,43.95,Đất thịt tơi xốp,Millets,39,0,0,28-28
23.32,51.38,36.32,Đất sét,Cây lúa,11,0,40,20-20
35.87,59.89,50.2,Đất sét,Các loại đậu,1,16,19,14-35-14
35.78,74.8,29.82,Đất thịt tơi xốp,Khoai tây,8,4,13,28-28
28.48,54.42,23.99,Đất đỏ bazan,Cây bắp,8,4,27,20-20
26.58,48.73,49.63,Đất mùn,Cây chè,25,1,24,DAP
26.2,54.23,41.59,Đất đỏ bazan,Các loại hạt (hạt mè, hạt  cải),0,14,14,20-20
33.25,59.02,58.34,Đất thịt tơi xốp,Cây chè,14,0,31,14-35-14
32.1,66.19,31.38,Đất sét,Cây lúa,44,0,0,28-28
21.71,58.45,32.63,Đất cát,Các loại đậu,18,0,20,14-35-14
37.74,72.77,41.36,Đất sét,Các loại đậu,4,12,33,17-17-17
40.0,74.04,47.46,Đất thịt tơi xốp,Cây bông,41,4,3,DAP
26.52,54.16,39.44,Đất sét,Cây chè,12,0,10,10-26-26
31.34,61.15,61.58,Đất thịt tơi xốp,Các loại đậu,8,0,8,10-26-26
26.47,52.11,39.99,Đất thịt tơi xốp,Cây mía,10,2,9,DAP
25.28,45.69,24.19,Đất mùn,Cây mía,38,0,0,17-17-17
31.12,58.29,37.01,Đất sét,Khoai tây,8,9,30,Urea
27.26,62.29,46.78,Đất cát,Cây lúa,22,4,19,10-26-26
24.52,45.6,63.28,Đất đỏ bazan,Cây chè,40,0,2,Urea
35.75,63.57,38.89,Đất mùn,Cây đậu phộng (Lạc),36,0,1,28-28
25.55,63.42,27.81,Đất mùn,Cây lúa,5,17,14,DAP
30.84,63.15,54.37,Đất thịt tơi xốp,Cây chè,22,1,19,20-20
28.63,52.84,34.25,Đất sét,Cây bắp,21,4,18,14-35-14
32.94,72.52,37.15,Đất cát,Cây đậu phộng (Lạc),10,0,41,17-17-17
37.38,69.43,42.68,Đất mùn,Các loại hạt (hạt mè, hạt  cải),38,0,0,14-35-14
22.27,40.25,63.8,Đất sét,Cây mía,12,2,11,10-26-26
25.84,44.81,44.37,Đất đỏ bazan,Các loại hạt (hạt mè, hạt  cải),9,5,24,DAP
33.02,49.45,31.28,Đất thịt tơi xốp,Cây đậu phộng (Lạc),15,0,38,10-26-26
30.45,57.02,53.78,Đất cát,Cây mía,13,3,35,17-17-17
37.66,55.23,31.77,Đất sét,Cây bắp,12,4,41,17-17-17
34.19,63.11,35.01,Đất sét,Cây bông,14,2,40,Urea
32.13,55.38,43.65,Đất thịt tơi xốp,Cây mía,23,0,16,Urea
36.31,62.76,31.8,Đất cát,Cây chuối,33,0,0,20-20
30.0,48.39,24.07,Đất sét,Cây bắp,8,0,41,14-35-14
32.96,52.26,42.35,Đất sét,Cây chè,17,0,4,DAP
30.6,52.99,29.12,Đất cát,Các loại hạt (hạt mè, hạt  cải),24,0,25,17-17-17
23.83,52.78,20.0,Đất thịt tơi xốp,Các loại đậu,4,14,34,20-20
23.74,48.91,62.89,Đất cát,Cây lúa,8,14,13,28-28
22.61,51.15,40.5,Đất cát,Cây đậu phộng (Lạc),38,0,0,Urea
22.26,58.83,33.35,Đất đỏ bazan,Millets,23,0,26,10-26-26
27.42,50.44,30.86,Đất mùn,Millets,15,3,9,10-26-26
32.38,55.82,40.91,Đất cát,Các loại hạt (hạt mè, hạt  cải),8,9,17,DAP
32.77,60.55,61.77,Đất sét,Cây mía,3,10,28,20-20
28.08,58.59,44.33,Đất đỏ bazan,Millets,24,3,20,14-35-14
38.07,67.05,32.47,Đất cát,Cây chuối,14,0,35,20-20
25.38,57.54,70.0,Đất thịt tơi xốp,Cây đậu phộng (Lạc),36,0,0,Urea
26.79,43.38,41.56,Đất sét,Các loại hạt (hạt mè, hạt  cải),24,3,23,Urea
22.05,52.83,36.27,Đất đỏ bazan,Cây mía,14,4,45,20-20
31.02,47.08,52.83,Đất mùn,Các loại đậu,9,3,25,20-20
28.97,59.7,23.81,Đất mùn,Các loại hạt (hạt mè, hạt  cải),39,2,3,28-28
29.42,56.7,47.96,Đất thịt tơi xốp,Cây bắp,39,0,0,10-26-26
29.51,56.65,41.98,Đất mùn,Millets,22,0,28,DAP
25.84,57.48,40.97,Đất đỏ bazan,Các loại đậu,5,7,32,10-26-26
35.66,53.57,31.42,Đất cát,Khoai tây,43,0,3,17-17-17
30.28,53.79,45.41,Đất thịt tơi xốp,Khoai tây,14,6,24,DAP
33.46,60.18,43.06,Đất thịt tơi xốp,Cây bắp,21,0,20,17-17-17
22.05,46.19,28.77,Đất sét,Khoai tây,16,0,15,28-28
40.0,67.16,44.64,Đất cát,Cây bông,36,1,0,14-35-14
35.64,57.39,53.46,Đất mùn,Cây bông,7,12,10,Urea
32.0,69.37,40.63,Đất đỏ bazan,Millets,9,0,11,14-35-14
28.35,55.27,47.18,Đất mùn,Cây đậu phộng (Lạc),7,0,11,20-20
36.17,70.81,32.25,Đất sét,Cây mía,12,0,35,17-17-17
26.26,49.17,33.65,Đất mùn,Các loại đậu,20,0,20,28-28
29.77,53.93,44.28,Đất cát,Cây chè,15,4,37,DAP
28.12,49.45,37.57,Đất cát,Cây mía,18,2,16,DAP
31.84,54.29,26.55,Đất mùn,Cây lúa,42,0,3,20-20
34.76,56.86,47.11,Đất đỏ bazan,Cây chuối,16,4,6,Urea
30.08,49.47,60.63,Đất thịt tơi xốp,Cây lúa,11,3,32,20-20
23.0,60.54,38.01,Đất đỏ bazan,Các loại hạt (hạt mè, hạt  cải),30,0,4,28-28
25.3,50.39,29.86,Đất đỏ bazan,Cây mía,7,13,15,10-26-26
29.65,55.27,57.09,Đất thịt tơi xốp,Millets,8,4,36,14-35-14
28.53,57.4,65.78,Đất sét,Cây chuối,13,0,6,17-17-17
23.52,62.06,63.73,Đất đỏ bazan,Cây chuối,13,2,16,DAP
26.74,51.72,49.96,Đất mùn,Các loại hạt (hạt mè, hạt  cải),17,1,21,10-26-26
36.27,58.72,31.17,Đất mùn,Các loại đậu,9,0,34,DAP
30.8,59.23,32.46,Đất sét,Khoai tây,8,19,11,28-28
34.33,61.6,35.53,Đất sét,Cây bắp,22,0,22,DAP
25.38,61.44,49.36,Đất cát,Cây chuối,43,0,3,DAP
26.37,46.29,20.0,Đất thịt tơi xốp,Cây bông,7,13,30,DAP
35.61,69.21,45.08,Đất sét,Cây mía,26,0,17,10-26-26
26.38,57.12,57.3,Đất cát,Cây đậu phộng (Lạc),10,7,32,20-20
26.28,53.99,20.0,Đất cát,Cây bông,12,14,12,17-17-17
33.29,64.15,33.58,Đất mùn,Cây lúa,22,4,20,20-20
32.06,58.25,33.38,Đất sét,Cây chè,9,8,33,10-26-26
39.4,57.28,40.19,Đất thịt tơi xốp,Cây chè,13,0,40,14-35-14
40.0,68.47,49.84,Đất đỏ bazan,Cây bắp,18,0,38,10-26-26
38.66,61.44,26.03,Đất thịt tơi xốp,Các loại đậu,10,0,36,Urea
38.84,59.67,60.84,Đất mùn,Cây lúa,7,17,9,14-35-14
31.42,54.93,41.21,Đất sét,Khoai tây,11,1,7,10-26-26
31.94,52.61,58.38,Đất mùn,Millets,16,0,8,Urea
33.81,55.89,56.88,Đất sét,Các loại đậu,10,2,33,10-26-26
28.61,59.13,22.9,Đất sét,Cây mía,37,0,1,10-26-26
33.41,53.69,63.42,Đất đỏ bazan,Cây đậu phộng (Lạc),10,3,13,14-35-14
29.76,60.63,45.62,Đất thịt tơi xốp,Cây chuối,33,0,0,28-28
31.81,66.62,69.44,Đất cát,Các loại đậu,25,3,23,20-20
29.8,65.49,61.86,Đất cát,Cây bông,10,10,12,20-20
40.0,61.65,27.12,Đất đỏ bazan,Khoai tây,9,2,44,DAP
29.2,62.74,46.45,Đất thịt tơi xốp,Cây bắp,3,20,16,28-28
35.08,55.2,65.28,Đất đỏ bazan,Cây chè,10,3,42,17-17-17
26.46,63.81,50.64,Đất cát,Cây chè,12,12,9,DAP
27.05,62.62,35.54,Đất mùn,Millets,37,0,2,Urea
24.98,62.27,48.83,Đất sét,Cây bắp,21,0,20,14-35-14
30.73,64.04,58.01,Đất thịt tơi xốp,Cây bông,12,4,37,Urea
38.05,68.85,57.68,Đất thịt tơi xốp,Cây chuối,9,13,29,28-28
32.47,67.69,65.89,Đất mùn,Cây chuối,38,2,0,28-28
33.86,54.7,28.74,Đất cát,Khoai tây,36,2,1,17-17-17
31.07,61.96,50.7,Đất cát,Cây chè,11,14,22,28-28
34.71,54.61,40.22,Đất sét,Cây mía,14,4,4,DAP
37.76,58.09,57.42,Đất mùn,Khoai tây,20,0,22,17-17-17
35.18,74.22,33.33,Đất cát,Cây chuối,11,0,45,10-26-26
29.31,62.5,47.47,Đất đỏ bazan,Khoai tây,24,2,21,17-17-17
27.15,60.37,37.43,Đất đỏ bazan,Cây chuối,38,2,0,10-26-26
25.93,53.67,42.39,Đất sét,Cây lúa,27,1,23,Urea
30.13,48.9,67.41,Đất mùn,Cây lúa,12,0,33,DAP
37.89,61.9,29.68,Đất mùn,Cây bông,4,7,27,17-17-17
32.93,68.18,34.78,Đất cát,Cây chè,40,0,0,28-28
31.28,61.86,62.26,Đất thịt tơi xốp,Cây bắp,17,0,35,Urea
28.76,40.17,64.52,Đất cát,Millets,14,10,15,20-20
23.56,43.25,20.0,Đất thịt tơi xốp,Cây bông,10,16,8,10-26-26
27.83,49.73,58.42,Đất sét,Millets,10,0,9,28-28
22.65,53.84,38.27,Đất cát,Cây mía,19,0,17,10-26-26
30.17,60.55,43.86,Đất sét,Cây mía,10,12,16,17-17-17
34.6,69.2,49.03,Đất sét,Millets,11,2,35,10-26-26
24.45,57.16,37.8,Đất thịt tơi xốp,Cây đậu phộng (Lạc),10,0,41,14-35-14
26.81,59.31,70.0,Đất đỏ bazan,Các loại hạt (hạt mè, hạt  cải),11,12,26,DAP
26.37,62.64,41.83,Đất sét,Khoai tây,13,0,9,28-28
36.73,55.27,32.64,Đất mùn,Cây mía,20,2,22,Urea
28.61,53.73,50.17,Đất sét,Millets,5,6,29,DAP
33.97,70.45,35.84,Đất cát,Cây mía,8,1,36,Urea
31.01,70.62,28.39,Đất cát,Các loại đậu,25,0,21,DAP
32.51,57.48,30.67,Đất cát,Cây mía,12,0,17,28-28
37.75,55.56,50.84,Đất đỏ bazan,Cây chè,40,1,0,10-26-26
29.18,45.12,49.86,Đất sét,Khoai tây,19,3,24,20-20
39.61,73.34,50.25,Đất cát,Các loại hạt (hạt mè, hạt  cải),41,0,4,Urea
28.4,58.17,39.15,Đất đỏ bazan,Cây lúa,33,0,0,10-26-26
34.28,67.15,39.35,Đất đỏ bazan,Cây lúa,26,0,26,14-35-14
31.35,59.91,24.9,Đất thịt tơi xốp,Cây mía,15,13,12,28-28
32.56,55.34,46.86,Đất cát,Millets,34,0,0,14-35-14
32.1,57.13,37.58,Đất sét,Các loại đậu,26,3,19,14-35-14
34.65,63.66,47.3,Đất sét,Millets,8,4,25,DAP
30.12,51.7,31.85,Đất mùn,Millets,40,0,4,20-20
37.03,72.04,29.53,Đất mùn,Khoai tây,7,11,29,28-28
30.58,56.52,48.44,Đất cát,Cây chè,40,0,0,Urea
31.32,56.57,40.22,Đất cát,Cây chè,24,4,19,20-20
33.03,66.07,33.81,Đất đỏ bazan,Cây bông,39,0,0,10-26-26
32.53,62.34,30.4,Đất sét,Cây mía,40,0,0,10-26-26
26.58,42.83,35.09,Đất cát,Các loại hạt (hạt mè, hạt  cải),12,12,7,17-17-17
29.13,73.22,52.98,Đất thịt tơi xốp,Cây mía,41,2,1,20-20
28.23,56.74,28.06,Đất sét,Cây mía,37,2,0,20-20
36.2,64.43,57.43,Đất thịt tơi xốp,Cây chè,4,3,9,17-17-17
23.37,45.91,67.84,Đất cát,Cây mía,40,0,0,20-20
40.0,53.38,47.05,Đất đỏ bazan,Các loại hạt (hạt mè, hạt  cải),12,0,37,28-28
26.83,54.4,41.76,Đất mùn,Cây mía,40,0,3,20-20
33.02,65.44,50.47,Đất mùn,Cây chuối,6,12,28,28-28
29.16,53.59,60.85,Đất cát,Các loại đậu,14,6,33,14-35-14
31.59,71.2,27.7,Đất thịt tơi xốp,Cây lúa,23,0,22,28-28
33.15,58.53,32.29,Đất mùn,Cây mía,3,7,34,DAP
26.27,48.43,36.14,Đất mùn,Cây bắp,15,0,8,17-17-17
35.1,61.71,41.61,Đất đỏ bazan,Cây bông,42,0,0,Urea
24.59,47.16,21.81,Đất sét,Cây đậu phộng (Lạc),15,0,36,14-35-14
29.4,52.91,43.18,Đất thịt tơi xốp,Các loại đậu,9,14,12,17-17-17
28.05,52.74,43.39,Đất cát,Các loại đậu,4,21,17,17-17-17
24.59,59.0,58.71,Đất thịt tơi xốp,Khoai tây,11,0,17,10-26-26
27.09,50.45,54.43,Đất mùn,Cây mía,11,10,36,Urea
26.63,61.32,55.43,Đất thịt tơi xốp,Các loại hạt (hạt mè, hạt  cải),9,0,13,14-35-14
29.32,66.28,55.01,Đất mùn,Cây mía,11,0,12,10-26-26
25.75,55.81,39.52,Đất sét,Cây chuối,8,9,14,DAP
29.62,61.0,31.32,Đất thịt tơi xốp,Cây bắp,42,3,0,14-35-14
23.85,60.61,56.48,Đất thịt tơi xốp,Các loại hạt (hạt mè, hạt  cải),10,0,9,Urea
31.15,59.56,27.97,Đất thịt tơi xốp,Cây bông,9,4,38,14-35-14
28.76,55.72,49.49,Đất thịt tơi xốp,Millets,37,0,2,10-26-26
31.33,67.83,68.19,Đất cát,Cây đậu phộng (Lạc),26,0,15,17-17-17
38.04,73.24,69.06,Đất mùn,Cây đậu phộng (Lạc),16,1,42,20-20
29.22,57.29,29.75,Đất sét,Cây chuối,11,13,33,14-35-14
30.67,66.76,52.32,Đất cát,Cây bắp,26,3,25,20-20
30.39,54.66,40.53,Đất thịt tơi xốp,Cây đậu phộng (Lạc),6,19,18,DAP
24.04,44.61,65.64,Đất mùn,Các loại đậu,40,0,0,Urea
24.04,54.47,46.62,Đất thịt tơi xốp,Cây đậu phộng (Lạc),12,0,39,14-35-14
30.21,53.36,54.28,Đất sét,Các loại hạt (hạt mè, hạt  cải),13,10,28,10-26-26
36.53,60.86,45.04,Đất thịt tơi xốp,Khoai tây,9,1,35,28-28
23.6,54.64,32.83,Đất cát,Cây đậu phộng (Lạc),21,1,16,14-35-14
24.21,49.11,62.53,Đất sét,Cây chè,7,0,13,Urea
28.95,45.51,33.51,Đất đỏ bazan,Millets,14,4,43,17-17-17
28.75,60.69,32.81,Đất thịt tơi xốp,Cây đậu phộng (Lạc),7,8,34,28-28
29.43,60.47,58.66,Đất sét,Các loại hạt (hạt mè, hạt  cải),17,0,35,17-17-17
35.11,67.01,48.64,Đất thịt tơi xốp,Cây mía,9,3,32,14-35-14
33.94,62.53,22.09,Đất thịt tơi xốp,Cây đậu phộng (Lạc),13,19,18,DAP
30.89,58.68,33.78,Đất cát,Cây bắp,34,2,3,DAP
33.14,60.57,35.83,Đất đỏ bazan,Cây đậu phộng (Lạc),25,2,23,17-17-17
29.9,51.27,49.74,Đất sét,Các loại hạt (hạt mè, hạt  cải),8,0,8,20-20
32.53,58.97,39.94,Đất đỏ bazan,Khoai tây,7,0,14,10-26-26
25.9,47.84,31.55,Đất cát,Các loại đậu,11,2,14,14-35-14
34.13,59.23,63.23,Đất mùn,Cây mía,5,6,29,Urea
30.53,65.11,53.95,Đất sét,Millets,13,0,7,10-26-26
26.0,66.36,26.96,Đất sét,Cây mía,13,12,18,14-35-14
27.4,54.83,69.04,Đất mùn,Cây bông,9,7,15,20-20
38.44,62.45,46.09,Đất đỏ bazan,Khoai tây,42,0,0,17-17-17
29.37,62.57,51.8,Đất đỏ bazan,Cây chuối,10,0,45,28-28
29.54,67.83,40.1,Đất mùn,Cây bông,26,2,24,Urea
31.31,48.85,25.68,Đất thịt tơi xốp,Cây mía,30,1,4,28-28
32.51,67.8,42.49,Đất thịt tơi xốp,Cây mía,14,0,41,17-17-17
28.24,48.4,33.28,Đất đỏ bazan,Cây chè,31,4,0,17-17-17
39.87,60.83,56.01,Đất sét,Cây đậu phộng (Lạc),18,0,40,DAP
22.54,44.49,64.67,Đất sét,Cây đậu phộng (Lạc),14,9,15,17-17-17
39.58,71.07,39.53,Đất mùn,Các loại đậu,7,1,39,DAP
36.66,60.99,46.13,Đất mùn,Cây chuối,42,1,0,20-20
30.67,59.09,30.58,Đất đỏ bazan,Cây mía,37,4,3,20-20
28.01,54.25,39.67,Đất đỏ bazan,Cây bắp,23,4,14,28-28
25.01,43.66,44.44,Đất mùn,Các loại hạt (hạt mè, hạt  cải),7,13,17,20-20
29.26,60.28,34.61,Đất mùn,Cây mía,45,0,3,28-28
35.64,76.74,55.07,Đất mùn,Cây mía,35,4,0,DAP
25.85,59.28,48.78,Đất đỏ bazan,Cây đậu phộng (Lạc),14,2,34,14-35-14
27.37,52.08,45.62,Đất sét,Cây bắp,11,1,45,28-28
26.57,53.34,23.1,Đất thịt tơi xốp,Cây chè,13,0,36,14-35-14
36.24,55.86,52.22,Đất cát,Khoai tây,8,2,15,DAP
39.58,56.11,42.44,Đất cát,Cây chè,18,0,45,28-28
33.06,52.39,40.7,Đất mùn,Millets,26,3,20,Urea
32.03,57.94,48.58,Đất sét,Cây chuối,17,1,17,17-17-17
26.9,57.31,68.61,Đất thịt tơi xốp,Cây bông,14,12,17,14-35-14
33.47,59.46,64.44,Đất cát,Cây chuối,6,0,16,28-28
40.0,62.39,45.31,Đất sét,Cây lúa,8,0,41,Urea
31.98,60.7,35.91,Đất mùn,Các loại đậu,12,12,17,Urea
32.84,62.04,32.05,Đất cát,Cây mía,15,0,13,17-17-17
27.96,54.06,47.23,Đất thịt tơi xốp,Millets,11,0,17,14-35-14
32.11,71.86,56.34,Đất sét,Cây đậu phộng (Lạc),8,0,11,20-20
37.68,71.36,32.07,Đất sét,Khoai tây,11,4,40,Urea
33.29,72.81,38.08,Đất đỏ bazan,Cây chè,5,19,25,10-26-26
24.24,45.3,68.56,Đất sét,Cây đậu phộng (Lạc),13,0,10,20-20
29.39,58.92,32.77,Đất cát,Cây chuối,6,20,14,20-20
34.12,78.05,45.51,Đất cát,Các loại hạt (hạt mè, hạt  cải),40,0,4,Urea
31.46,60.92,35.26,Đất thịt tơi xốp,Cây đậu phộng (Lạc),10,2,39,20-20
25.84,46.79,35.77,Đất sét,Cây lúa,43,0,0,10-26-26
30.65,57.55,43.54,Đất thịt tơi xốp,Cây bắp,22,0,23,Urea
36.25,60.68,42.98,Đất thịt tơi xốp,Cây mía,6,8,28,17-17-17
28.64,69.09,42.89,Đất mùn,Cây bông,28,2,17,14-35-14
30.28,59.17,40.52,Đất đỏ bazan,Các loại đậu,10,0,8,20-20
36.5,52.36,24.4,Đất đỏ bazan,Cây lúa,14,4,32,17-17-17
21.57,50.51,47.72,Đất thịt tơi xốp,Cây chuối,18,0,14,DAP
33.9,74.86,57.18,Đất cát,Cây chuối,19,0,42,Urea
37.18,70.69,58.98,Đất đỏ bazan,Cây mía,36,1,0,20-20
33.28,76.03,40.66,Đất sét,Cây đậu phộng (Lạc),9,17,19,28-28
29.85,58.07,42.1,Đất cát,Cây chè,10,17,15,20-20
21.99,53.33,61.68,Đất đỏ bazan,Các loại hạt (hạt mè, hạt  cải),5,3,14,14-35-14
23.41,43.66,20.16,Đất sét,Các loại đậu,38,0,0,14-35-14
30.29,46.16,40.66,Đất sét,Cây lúa,32,0,0,DAP
31.65,57.0,56.28,Đất đỏ bazan,Các loại hạt (hạt mè, hạt  cải),4,12,24,14-35-14
32.15,58.22,58.63,Đất sét,Cây bông,28,0,19,DAP
30.74,62.79,50.57,Đất cát,Cây chè,9,2,10,Urea
22.28,49.97,42.28,Đất sét,Các loại đậu,44,0,0,Urea
29.84,42.95,34.38,Đất sét,Cây mía,10,13,19,14-35-14
36.14,74.84,61.48,Đất cát,Cây chè,18,1,37,17-17-17
39.75,66.91,26.89,Đất thịt tơi xốp,Cây đậu phộng (Lạc),12,4,27,10-26-26
30.44,68.6,66.26,Đất sét,Cây đậu phộng (Lạc),26,0,16,14-35-14
30.86,51.58,34.05,Đất đỏ bazan,Millets,11,1,43,20-20
30.22,65.07,28.06,Đất đỏ bazan,Cây bông,22,1,18,Urea
30.08,52.22,52.78,Đất đỏ bazan,Các loại hạt (hạt mè, hạt  cải),12,4,33,28-28
37.77,72.96,37.53,Đất thịt tơi xốp,Cây chè,16,0,35,10-26-26
20.55,57.33,36.43,Đất đỏ bazan,Cây chuối,25,0,16,DAP
30.4,60.18,28.18,Đất mùn,Cây bông,36,0,0,DAP
28.3,62.72,42.06,Đất sét,Cây chuối,40,0,0,20-20
33.03,50.75,42.07,Đất mùn,Cây mía,12,0,33,17-17-17
24.26,66.8,29.59,Đất mùn,Cây đậu phộng (Lạc),12,0,40,17-17-17
36.13,61.57,35.14,Đất mùn,Cây bắp,40,1,4,14-35-14
36.76,72.35,33.65,Đất thịt tơi xốp,Cây lúa,12,3,9,14-35-14
30.12,52.36,33.8,Đất cát,Cây đậu phộng (Lạc),28,0,19,28-28
22.16,43.31,42.41,Đất đỏ bazan,Các loại đậu,18,0,9,14-35-14
32.65,68.89,29.69,Đất sét,Millets,8,0,6,14-35-14
26.89,51.17,70.0,Đất sét,Cây mía,37,3,4,10-26-26
33.44,59.53,70.0,Đất sét,Cây bông,12,0,41,DAP
29.67,47.88,23.8,Đất đỏ bazan,Khoai tây,25,4,18,10-26-26
25.12,50.56,52.48,Đất cát,Millets,13,1,11,28-28
36.37,67.68,30.08,Đất mùn,Cây chè,39,0,2,17-17-17
29.06,68.31,52.37,Đất đỏ bazan,Khoai tây,16,0,10,14-35-14
25.78,64.69,32.38,Đất mùn,Cây đậu phộng (Lạc),13,4,38,28-28
30.4,55.27,41.63,Đất sét,Khoai tây,17,2,29,DAP
36.0,59.46,52.35,Đất sét,Cây chuối,9,13,10,28-28
25.43,48.84,35.9,Đất thịt tơi xốp,Các loại đậu,35,0,0,17-17-17
34.49,54.23,21.17,Đất thịt tơi xốp,Cây mía,16,1,38,DAP
30.5,59.68,35.22,Đất thịt tơi xốp,Cây chuối,11,4,18,Urea
24.25,67.07,21.47,Đất mùn,Cây chè,12,15,20,17-17-17
35.42,65.57,43.67,Đất sét,Các loại đậu,44,4,0,17-17-17
30.41,64.96,48.09,Đất thịt tơi xốp,Các loại đậu,10,2,33,DAP
27.52,42.91,21.12,Đất đỏ bazan,Khoai tây,15,15,13,10-26-26
24.68,49.97,70.0,Đất mùn,Cây đậu phộng (Lạc),11,4,12,DAP
29.32,64.15,57.63,Đất thịt tơi xốp,Cây bông,7,10,10,28-28
31.83,55.75,46.33,Đất cát,Millets,17,10,12,Urea
40.0,61.76,49.42,Đất mùn,Cây bông,4,11,29,Urea
27.8,65.85,31.27,Đất sét,Cây chuối,9,3,26,20-20
31.7,55.64,40.28,Đất cát,Cây bắp,13,2,13,17-17-17
29.0,65.07,70.0,Đất đỏ bazan,Cây bắp,10,2,32,DAP
29.04,70.01,36.9,Đất thịt tơi xốp,Cây đậu phộng (Lạc),12,0,13,DAP
27.98,42.2,60.29,Đất sét,Các loại đậu,7,17,14,20-20
35.17,73.71,70.0,Đất mùn,Cây bắp,12,0,35,Urea
26.03,44.6,30.68,Đất đỏ bazan,Cây bông,12,7,31,20-20
27.89,59.42,32.46,Đất cát,Cây chè,23,1,19,14-35-14
38.67,65.53,64.36,Đất thịt tơi xốp,Các loại hạt (hạt mè, hạt  cải),34,0,0,DAP
24.54,46.43,32.67,Đất thịt tơi xốp,Khoai tây,17,0,17,28-28
32.82,66.47,59.62,Đất đỏ bazan,Khoai tây,10,3,37,10-26-26
24.05,56.01,29.3,Đất đỏ bazan,Cây mía,14,18,12,10-26-26
32.67,66.98,67.27,Đất mùn,Cây bông,6,0,39,Urea
31.25,49.31,59.62,Đất cát,Khoai tây,8,2,11,28-28
21.28,54.65,57.82,Đất sét,Cây bông,8,0,4,28-28
33.5,71.43,63.29,Đất sét,Cây chè,6,9,10,14-35-14
30.14,74.53,67.61,Đất thịt tơi xốp,Cây lúa,7,5,25,17-17-17
28.38,62.44,55.9,Đất thịt tơi xốp,Cây chuối,13,0,39,20-20
40.0,53.38,44.17,Đất thịt tơi xốp,Cây đậu phộng (Lạc),18,4,36,20-20
30.51,56.56,31.01,Đất cát,Khoai tây,16,0,14,10-26-26
29.85,60.19,51.81,Đất thịt tơi xốp,Millets,17,0,23,DAP
27.57,58.96,56.6,Đất đỏ bazan,Cây chuối,13,3,39,DAP
31.19,60.99,46.6,Đất đỏ bazan,Các loại đậu,21,0,26,Urea
26.57,53.43,43.69,Đất sét,Khoai tây,19,4,21,28-28
21.45,47.54,35.03,Đất đỏ bazan,Cây chè,21,0,20,17-17-17
25.87,64.11,67.58,Đất mùn,Cây chuối,4,10,27,Urea
23.29,59.14,42.14,Đất đỏ bazan,Cây bắp,37,0,3,17-17-17
24.68,58.73,43.06,Đất cát,Millets,38,4,1,DAP
33.95,62.48,20.64,Đất thịt tơi xốp,Các loại đậu,5,12,19,17-17-17
26.33,59.59,55.24,Đất thịt tơi xốp,Cây bông,7,4,10,Urea
40.0,68.68,34.13,Đất cát,Khoai tây,8,10,25,28-28
27.62,67.62,64.74,Đất đỏ bazan,Cây đậu phộng (Lạc),6,3,37,10-26-26
27.96,53.07,59.54,Đất sét,Các loại đậu,9,4,33,17-17-17
26.49,61.97,42.04,Đất sét,Khoai tây,12,16,13,DAP
29.25,62.0,55.15,Đất sét,Cây đậu phộng (Lạc),12,0,36,10-26-26
23.74,55.81,61.5,Đất mùn,Các loại đậu,6,9,15,DAP
25.85,48.14,39.33,Đất mùn,Cây bắp,32,0,0,Urea
30.07,59.72,61.15,Đất sét,Các loại đậu,12,15,11,DAP
30.02,55.06,30.59,Đất đỏ bazan,Cây chuối,10,0,40,17-17-17
21.68,57.86,23.08,Đất đỏ bazan,Các loại đậu,16,0,12,Urea
20.42,53.57,38.87,Đất mùn,Cây bông,5,18,17,20-20
32.8,65.87,49.94,Đất sét,Cây đậu phộng (Lạc),33,0,0,14-35-14
33.34,61.94,32.31,Đất thịt tơi xốp,Cây mía,8,0,32,17-17-17
31.25,68.53,66.94,Đất đỏ bazan,Các loại hạt (hạt mè, hạt  cải),6,16,14,28-28
37.61,64.57,34.12,Đất sét,Các loại đậu,38,0,0,Urea
34.15,68.11,46.5,Đất sét,Các loại đậu,8,12,30,28-28
27.67,59.9,26.38,Đất thịt tơi xốp,Cây bông,41,0,2,Urea
22.34,45.29,39.49,Đất mùn,Millets,38,0,0,10-26-26
21.07,60.95,61.29,Đất sét,Millets,6,0,6,20-20
27.82,57.43,30.84,Đất mùn,Cây bông,2,15,24,DAP
23.11,49.15,32.6,Đất thịt tơi xốp,Cây bông,9,3,37,17-17-17
24.0,49.02,37.37,Đất sét,Cây mía,11,0,13,DAP
29.13,43.28,36.14,Đất thịt tơi xốp,Cây mía,39,0,4,14-35-14
23.46,50.44,24.32,Đất thịt tơi xốp,Cây bông,37,0,4,14-35-14
28.08,52.69,32.35,Đất sét,Khoai tây,12,3,34,17-17-17
21.29,54.85,26.51,Đất cát,Millets,11,0,39,17-17-17
28.54,49.45,46.17,Đất đỏ bazan,Millets,31,0,0,10-26-26
31.21,60.48,37.27,Đất sét,Các loại hạt (hạt mè, hạt  cải),36,0,1,14-35-14
22.97,44.59,43.69,Đất sét,Cây đậu phộng (Lạc),19,3,28,28-28
27.52,52.42,36.15,Đất đỏ bazan,Cây bắp,9,0,38,DAP
26.76,43.31,43.64,Đất đỏ bazan,Các loại hạt (hạt mè, hạt  cải),2,15,20,20-20
30.57,64.68,51.73,Đất sét,Cây chuối,7,12,8,DAP
37.11,77.37,42.03,Đất sét,Cây bông,4,4,27,DAP
34.97,72.4,57.83,Đất mùn,Cây chuối,21,0,23,DAP
32.85,69.09,29.04,Đất thịt tơi xốp,Khoai tây,16,0,12,14-35-14
24.33,66.27,70.0,Đất thịt tơi xốp,Khoai tây,8,2,34,20-20
23.84,60.67,36.47,Đất cát,Các loại đậu,38,1,1,DAP
35.36,64.36,36.49,Đất mùn,Cây chuối,41,3,4,DAP
27.09,62.94,50.51,Đất đỏ bazan,Cây chuối,11,0,38,DAP
25.2,48.23,41.84,Đất thịt tơi xốp,Khoai tây,38,1,0,20-20
23.98,52.41,24.26,Đất mùn,Khoai tây,41,4,2,17-17-17
32.12,57.29,40.78,Đất cát,Millets,42,1,3,DAP
28.29,57.33,52.55,Đất sét,Cây bông,26,0,22,28-28
27.8,44.81,22.17,Đất đỏ bazan,Cây mía,14,1,45,17-17-17
35.41,69.11,70.0,Đất sét,Cây mía,4,9,25,10-26-26
34.46,74.6,45.35,Đất đỏ bazan,Các loại hạt (hạt mè, hạt  cải),10,10,12,DAP
26.25,69.57,37.25,Đất đỏ bazan,Cây chè,10,0,4,28-28
40.0,76.34,22.1,Đất thịt tơi xốp,Các loại hạt (hạt mè, hạt  cải),11,0,36,20-20
29.5,50.06,63.05,Đất sét,Các loại đậu,10,0,9,20-20
27.13,43.23,35.28,Đất đỏ bazan,Cây lúa,26,3,22,14-35-14
28.99,66.71,43.03,Đất sét,Cây lúa,22,4,21,DAP
25.14,46.88,28.19,Đất mùn,Cây bông,16,3,36,DAP
27.79,62.14,30.06,Đất đỏ bazan,Cây mía,7,10,25,10-26-26
33.41,67.81,41.34,Đất mùn,Khoai tây,10,2,41,20-20
25.2,44.1,46.96,Đất đỏ bazan,Các loại hạt (hạt mè, hạt  cải),12,6,29,DAP
34.19,56.72,63.64,Đất sét,Cây chè,18,4,33,20-20
37.3,68.57,44.84,Đất thịt tơi xốp,Các loại đậu,5,4,34,DAP
31.78,59.11,44.18,Đất thịt tơi xốp,Các loại đậu,22,4,27,Urea
32.11,71.08,29.01,Đất cát,Cây đậu phộng (Lạc),35,0,0,10-26-26
36.82,57.69,30.19,Đất đỏ bazan,Cây đậu phộng (Lạc),39,0,3,28-28
25.12,64.48,52.92,Đất cát,Cây chuối,16,0,8,14-35-14
31.33,72.92,35.31,Đất đỏ bazan,Cây chè,14,0,35,17-17-17
29.93,55.77,48.12,Đất sét,Cây chè,42,0,0,10-26-26
32.68,58.16,41.4,Đất mùn,Cây lúa,38,2,0,20-20
28.17,50.1,57.67,Đất cát,Cây bông,14,0,6,17-17-17
35.81,76.09,24.48,Đất đỏ bazan,Cây lúa,10,0,37,DAP
38.04,62.28,44.38,Đất sét,Các loại đậu,12,3,24,Urea
31.55,53.02,39.4,Đất sét,Cây bông,8,0,16,Urea
29.14,59.77,42.79,Đất sét,Cây đậu phộng (Lạc),38,0,0,10-26-26
34.31,63.01,44.96,Đất thịt tơi xốp,Cây chè,37,0,3,DAP
27.54,58.58,30.71,Đất thịt tơi xốp,Cây chè,43,1,2,DAP
27.92,52.23,46.52,Đất cát,Cây chè,38,0,0,28-28
24.6,51.17,29.76,Đất sét,Cây chuối,32,3,0,17-17-17
28.87,57.65,56.9,Đất thịt tơi xốp,Cây đậu phộng (Lạc),11,16,14,28-28
28.85,58.79,66.37,Đất cát,Cây bông,10,12,30,10-26-26
33.72,61.76,45.98,Đất sét,Cây bắp,13,0,38,10-26-26
30.63,60.56,22.33,Đất thịt tơi xốp,Cây bắp,40,0,4,Urea
27.05,50.1,30.22,Đất cát,Cây bắp,38,0,2,14-35-14
22.79,59.47,28.56,Đất cát,Millets,37,0,0,10-26-26
38.77,55.67,55.59,Đất sét,Cây lúa,14,18,11,DAP
28.8,49.98,58.83,Đất thịt tơi xốp,Cây mía,14,10,17,20-20
27.76,65.79,45.56,Đất mùn,Khoai tây,12,15,15,14-35-14
22.48,53.68,29.96,Đất sét,Millets,18,17,10,10-26-26
32.73,55.44,47.85,Đất sét,Khoai tây,45,1,3,10-26-26
24.2,41.69,33.6,Đất đỏ bazan,Khoai tây,19,13,13,10-26-26
30.17,59.06,40.76,Đất mùn,Cây bông,12,2,41,14-35-14
40.0,67.75,57.85,Đất mùn,Cây đậu phộng (Lạc),10,11,24,DAP
38.33,58.9,40.27,Đất sét,Cây bông,41,1,0,14-35-14
26.86,46.9,28.95,Đất sét,Cây chuối,11,14,32,10-26-26
25.56,61.54,26.89,Đất cát,Cây chè,36,3,0,28-28
26.54,45.74,70.0,Đất đỏ bazan,Cây chè,33,0,0,14-35-14
29.36,52.93,54.82,Đất đỏ bazan,Các loại hạt (hạt mè, hạt  cải),7,0,18,DAP
24.44,46.56,30.45,Đất đỏ bazan,Khoai tây,6,16,17,20-20
27.95,69.26,31.79,Đất đỏ bazan,Khoai tây,0,15,18,10-26-26
37.22,64.38,63.58,Đất đỏ bazan,Cây chè,6,0,11,DAP
30.57,47.43,58.26,Đất cát,Khoai tây,11,0,8,20-20
24.1,63.6,25.87,Đất sét,Cây mía,9,3,9,14-35-14
37.79,62.57,61.86,Đất sét,Cây mía,13,1,41,20-20
30.33,55.01,27.78,Đất mùn,Cây chè,26,0,19,20-20
28.18,65.54,54.63,Đất sét,Millets,12,19,12,Urea
24.23,58.48,50.97,Đất đỏ bazan,Cây chè,30,0,0,14-35-14
31.35,68.81,41.39,Đất thịt tơi xốp,Các loại hạt (hạt mè, hạt  cải),13,0,36,20-20
35.83,76.88,66.33,Đất đỏ bazan,Cây mía,13,0,40,14-35-14
33.04,56.04,63.33,Đất thịt tơi xốp,Cây bắp,10,3,13,Urea
36.49,74.83,63.59,Đất đỏ bazan,Cây mía,37,3,0,28-28
30.11,48.12,54.43,Đất đỏ bazan,Cây bắp,6,2,15,28-28
20.3,44.44,41.86,Đất mùn,Các loại đậu,20,4,18,14-35-14
32.82,65.38,24.04,Đất đỏ bazan,Khoai tây,39,4,0,28-28
32.87,59.11,59.71,Đất sét,Cây mía,10,0,14,Urea
30.81,51.96,35.61,Đất mùn,Millets,15,9,17,20-20
38.65,71.63,59.06,Đất cát,Cây chè,6,6,30,20-20
32.86,68.29,37.77,Đất thịt tơi xốp,Cây bắp,18,2,32,Urea
22.72,50.47,51.87,Đất thịt tơi xốp,Cây mía,9,17,11,DAP
27.14,58.79,66.42,Đất cát,Cây chè,5,7,33,DAP
32.33,74.41,49.11,Đất mùn,Khoai tây,43,0,3,14-35-14
31.57,59.49,44.41,Đất mùn,Cây chuối,33,0,0,10-26-26
33.92,70.37,55.46,Đất cát,Cây bông,24,0,17,17-17-17
23.64,54.21,33.68,Đất sét,Cây đậu phộng (Lạc),30,1,0,Urea
26.46,60.34,48.97,Đất đỏ bazan,Cây chè,8,10,26,DAP
35.48,68.25,34.7,Đất sét,Cây chuối,14,2,13,14-35-14
40.0,80.0,56.82,Đất đỏ bazan,Cây chè,43,0,0,10-26-26
29.3,44.76,52.52,Đất đỏ bazan,Cây lúa,7,0,11,17-17-17
31.85,56.67,68.54,Đất cát,Cây mía,10,11,15,10-26-26
37.34,56.16,66.28,Đất mùn,Khoai tây,9,4,17,DAP
39.21,74.83,33.14,Đất cát,Cây chuối,11,10,28,14-35-14
35.11,67.52,40.53,Đất thịt tơi xốp,Cây lúa,9,1,36,DAP
30.26,42.39,34.0,Đất thịt tơi xốp,Cây chuối,20,1,22,28-28
27.72,47.55,65.62,Đất cát,Cây chuối,40,0,0,17-17-17
37.43,61.49,29.07,Đất đỏ bazan,Các loại đậu,10,2,11,28-28
39.16,75.73,34.03,Đất thịt tơi xốp,Cây mía,12,3,31,14-35-14
29.62,57.58,56.91,Đất sét,Các loại đậu,12,17,13,28-28
32.11,68.19,40.77,Đất sét,Cây lúa,8,0,8,DAP
33.45,64.37,58.6,Đất mùn,Millets,11,11,14,14-35-14
32.97,58.85,60.26,Đất thịt tơi xốp,Cây lúa,36,0,0,20-20
34.98,59.82,34.18,Đất mùn,Millets,8,1,42,DAP
23.6,46.17,50.36,Đất đỏ bazan,Cây bông,8,10,10,14-35-14
28.85,45.61,27.28,Đất sét,Millets,39,2,2,DAP
24.76,45.87,45.72,Đất sét,Cây chè,37,3,0,28-28
38.26,65.76,29.84,Đất thịt tơi xốp,Các loại đậu,23,0,22,DAP
36.67,66.99,57.65,Đất sét,Các loại đậu,35,0,0,Urea
32.15,59.62,52.44,Đất đỏ bazan,Cây chuối,10,1,39,28-28
40.0,71.5,35.55,Đất mùn,Cây chè,9,9,28,10-26-26
31.55,52.46,20.0,Đất cát,Cây mía,9,4,42,17-17-17
25.85,47.66,44.43,Đất sét,Khoai tây,25,3,20,10-26-26
29.09,53.7,30.89,Đất đỏ bazan,Cây mía,45,0,0,Urea
35.09,73.25,64.96,Đất đỏ bazan,Cây lúa,22,1,15,20-20
36.28,57.76,50.83,Đất sét,Các loại đậu,26,0,23,10-26-26
31.96,62.45,49.67,Đất cát,Cây chè,15,2,10,Urea
36.03,68.01,34.95,Đất đỏ bazan,Cây đậu phộng (Lạc),22,0,22,20-20
31.63,56.04,35.55,Đất đỏ bazan,Các loại hạt (hạt mè, hạt  cải),14,0,34,28-28
37.72,53.18,50.18,Đất đỏ bazan,Millets,10,0,36,Urea
34.19,58.06,70.0,Đất mùn,Cây lúa,12,13,11,10-26-26
24.85,44.22,44.43,Đất thịt tơi xốp,Khoai tây,19,0,22,10-26-26
26.79,51.89,45.51,Đất cát,Cây bắp,28,4,21,14-35-14
28.9,48.82,25.28,Đất đỏ bazan,Cây chè,7,8,31,28-28
32.48,55.58,37.82,Đất mùn,Các loại hạt (hạt mè, hạt  cải),13,1,33,20-20
29.28,54.11,33.43,Đất mùn,Cây mía,12,4,35,Urea
23.96,52.37,25.81,Đất cát,Cây bắp,5,10,33,DAP
36.64,64.68,42.16,Đất thịt tơi xốp,Cây chuối,33,0,4,Urea
26.37,60.29,50.88,Đất thịt tơi xốp,Millets,34,0,1,14-35-14
33.21,79.62,35.61,Đất mùn,Cây đậu phộng (Lạc),13,1,34,Urea
34.78,55.26,29.66,Đất thịt tơi xốp,Khoai tây,9,0,38,10-26-26
31.53,61.06,40.48,Đất thịt tơi xốp,Khoai tây,41,1,0,28-28
26.71,49.27,30.54,Đất cát,Khoai tây,11,2,45,28-28
30.89,66.92,30.15,Đất thịt tơi xốp,Các loại hạt (hạt mè, hạt  cải),15,0,41,28-28
25.99,57.23,60.76,Đất cát,Khoai tây,7,10,32,20-20
35.33,63.38,24.82,Đất cát,Các loại hạt (hạt mè, hạt  cải),10,0,39,17-17-17
32.14,67.16,57.06,Đất sét,Cây mía,17,0,36,10-26-26
26.59,52.74,51.85,Đất sét,Cây chè,11,0,32,28-28
29.09,65.94,42.43,Đất mùn,Cây lúa,9,0,6,20-20
33.4,72.33,23.7,Đất đỏ bazan,Cây chè,9,7,28,10-26-26
24.53,59.27,42.34,Đất sét,Cây mía,27,0,28,28-28
37.56,61.34,62.16,Đất thịt tơi xốp,Cây mía,7,0,9,10-26-26
24.83,54.28,62.54,Đất sét,Cây bắp,12,1,30,10-26-26
29.19,47.17,37.7,Đất thịt tơi xốp,Khoai tây,15,0,17,20-20
35.36,66.71,31.57,Đất cát,Cây chuối,20,0,28,Urea
32.94,58.58,52.48,Đất đỏ bazan,Cây đậu phộng (Lạc),13,4,34,10-26-26
39.46,69.85,20.0,Đất đỏ bazan,Cây mía,9,7,33,Urea
29.13,62.34,26.54,Đất đỏ bazan,Cây chuối,2,12,15,17-17-17
39.89,68.39,50.49,Đất thịt tơi xốp,Cây lúa,5,0,34,20-20
23.49,45.84,58.18,Đất sét,Cây chuối,38,0,0,Urea
30.68,63.25,46.38,Đất thịt tơi xốp,Cây lúa,14,0,11,14-35-14
24.41,56.8,34.97,Đất cát,Cây bông,23,1,15,14-35-14
33.88,80.0,54.46,Đất thịt tơi xốp,Các loại hạt (hạt mè, hạt  cải),35,0,0,10-26-26
27.17,69.52,47.69,Đất cát,Cây bắp,16,18,10,17-17-17
35.51,72.18,36.2,Đất mùn,Cây bắp,12,0,31,DAP
32.08,55.08,52.81,Đất đỏ bazan,Khoai tây,6,12,32,DAP
35.09,72.5,46.73,Đất cát,Cây đậu phộng (Lạc),38,0,0,DAP
29.74,48.18,62.44,Đất thịt tơi xốp,Cây chè,39,0,0,14-35-14
28.54,63.37,52.98,Đất sét,Cây mía,3,12,27,17-17-17
33.65,60.55,62.52,Đất thịt tơi xốp,Cây chè,9,0,14,Urea
31.89,59.31,30.26,Đất đỏ bazan,Millets,16,0,11,28-28
27.42,62.06,43.64,Đất sét,Cây bắp,20,3,20,17-17-17
34.32,59.44,33.94,Đất mùn,Cây bông,25,0,23,DAP
26.61,43.26,46.1,Đất sét,Cây bông,21,1,23,20-20
32.76,48.27,44.77,Đất sét,Millets,41,0,1,10-26-26
29.58,56.08,67.27,Đất đỏ bazan,Cây bông,9,0,34,10-26-26
35.14,58.65,43.04,Đất cát,Các loại đậu,11,19,13,14-35-14
29.99,52.36,48.22,Đất thịt tơi xốp,Các loại đậu,16,0,39,17-17-17
24.71,53.0,33.7,Đất cát,Millets,12,3,26,14-35-14
37.83,62.2,38.9,Đất đỏ bazan,Cây mía,16,1,36,DAP
29.62,67.51,41.82,Đất sét,Cây chuối,39,2,2,28-28
24.59,58.67,52.83,Đất cát,Cây bông,16,2,39,Urea
38.92,59.35,41.61,Đất sét,Cây bông,11,2,10,28-28
24.95,54.7,25.03,Đất cát,Cây chuối,44,0,0,DAP
34.84,66.6,26.52,Đất đỏ bazan,Khoai tây,12,0,35,17-17-17
24.75,49.42,45.06,Đất sét,Cây bông,8,13,11,20-20
34.76,66.83,47.24,Đất sét,Cây chuối,9,9,15,DAP
34.36,59.48,61.29,Đất cát,Cây bắp,3,5,30,14-35-14
33.1,52.18,63.48,Đất đỏ bazan,Cây chuối,6,5,33,20-20
22.53,60.17,52.65,Đất mùn,Các loại đậu,26,0,17,14-35-14
33.29,57.7,37.44,Đất thịt tơi xốp,Millets,34,0,0,Urea
26.95,62.85,63.53,Đất sét,Các loại hạt (hạt mè, hạt  cải),10,0,38,Urea
28.76,54.72,37.74,Đất đỏ bazan,Cây chuối,14,1,16,DAP
26.27,49.13,21.16,Đất cát,Khoai tây,10,18,12,28-28
31.58,66.26,59.62,Đất cát,Cây lúa,38,0,1,DAP
25.22,60.2,52.04,Đất sét,Cây chè,37,1,0,14-35-14
33.11,71.83,57.15,Đất mùn,Cây lúa,8,19,20,17-17-17
29.94,62.39,35.14,Đất đỏ bazan,Cây chè,10,0,6,10-26-26
25.72,60.71,43.46,Đất sét,Cây chuối,27,2,20,28-28
29.16,50.01,56.58,Đất sét,Cây bắp,12,11,30,14-35-14
40.0,74.03,39.34,Đất mùn,Cây lúa,8,0,17,10-26-26
27.65,55.35,34.36,Đất thịt tơi xốp,Các loại đậu,37,3,0,14-35-14
29.72,71.91,52.5,Đất đỏ bazan,Cây chè,4,4,28,Urea
28.03,53.76,60.86,Đất cát,Cây chuối,13,0,10,Urea
29.86,59.28,62.62,Đất cát,Cây bắp,25,0,19,20-20
32.86,62.77,31.22,Đất đỏ bazan,Các loại hạt (hạt mè, hạt  cải),38,1,0,10-26-26
23.9,44.45,32.53,Đất đỏ bazan,Cây đậu phộng (Lạc),15,4,39,10-26-26
30.2,57.56,52.01,Đất mùn,Cây chuối,27,0,19,17-17-17
26.86,61.34,45.62,Đất thịt tơi xốp,Các loại hạt (hạt mè, hạt  cải),18,3,17,10-26-26
21.51,55.9,45.54,Đất sét,Cây bắp,22,3,22,28-28
28.78,66.87,49.42,Đất sét,Millets,10,0,40,10-26-26
29.54,54.73,69.41,Đất mùn,Các loại đậu,32,0,0,DAP
35.77,58.62,25.35,Đất cát,Các loại hạt (hạt mè, hạt  cải),26,1,17,20-20
30.85,67.85,27.32,Đất mùn,Khoai tây,33,3,0,20-20
35.66,68.89,32.88,Đất đỏ bazan,Các loại hạt (hạt mè, hạt  cải),11,0,42,20-20
30.37,61.22,43.8,Đất mùn,Cây lúa,3,18,17,Urea
26.62,66.89,62.01,Đất đỏ bazan,Các loại hạt (hạt mè, hạt  cải),16,3,9,Urea
33.88,72.42,32.65,Đất thịt tơi xốp,Khoai tây,13,0,36,DAP
40.0,79.99,35.61,Đất mùn,Cây mía,7,0,38,10-26-26
33.2,53.06,64.27,Đất cát,Cây mía,12,8,33,14-35-14
27.05,50.17,43.61,Đất mùn,Millets,34,0,0,14-35-14
25.34,51.56,38.67,Đất sét,Cây đậu phộng (Lạc),37,2,0,10-26-26
34.03,61.12,35.57,Đất sét,Cây bông,8,1,40,10-26-26
27.22,58.67,43.43,Đất đỏ bazan,Cây chè,20,0,18,14-35-14
24.41,53.52,66.7,Đất thịt tơi xốp,Millets,42,3,1,14-35-14
30.88,56.44,68.29,Đất cát,Cây bắp,12,0,10,20-20
26.62,58.03,23.34,Đất cát,Khoai tây,13,0,37,20-20
30.9,68.66,34.94,Đất sét,Cây chuối,8,0,18,20-20
32.61,63.84,45.4,Đất thịt tơi xốp,Cây mía,21,2,14,10-26-26
25.11,49.18,41.82,Đất đỏ bazan,Cây lúa,36,0,0,DAP
31.05,52.85,37.01,Đất sét,Cây mía,15,2,38,17-17-17
29.6,70.57,54.2,Đất thịt tơi xốp,Cây mía,21,4,21,14-35-14
23.25,48.93,24.15,Đất thịt tơi xốp,Các loại hạt (hạt mè, hạt  cải),39,0,0,Urea
27.69,55.28,34.84,Đất sét,Khoai tây,35,1,0,10-26-26
23.33,59.29,45.53,Đất mùn,Cây chè,25,3,16,20-20
39.91,76.62,45.94,Đất đỏ bazan,Millets,40,0,0,20-20
27.11,66.09,67.85,Đất thịt tơi xốp,Cây chuối,10,8,26,20-20
27.18,59.42,53.2,Đất sét,Các loại đậu,12,11,26,Urea
30.72,62.41,35.53,Đất cát,Cây đậu phộng (Lạc),34,0,0,14-35-14
24.51,46.17,65.49,Đất cát,Cây mía,42,2,0,10-26-26
35.48,55.43,28.66,Đất đỏ bazan,Millets,17,2,19,10-26-26
33.63,71.51,43.87,Đất mùn,Cây chè,16,0,26,10-26-26
35.39,65.38,54.92,Đất cát,Cây lúa,17,0,40,10-26-26
26.3,62.73,20.0,Đất thịt tơi xốp,Millets,10,4,43,10-26-26
25.98,51.85,70.0,Đất thịt tơi xốp,Các loại đậu,38,1,0,Urea
28.26,50.41,34.56,Đất sét,Cây đậu phộng (Lạc),12,9,23,17-17-17
35.36,69.36,54.93,Đất đỏ bazan,Các loại hạt (hạt mè, hạt  cải),16,4,40,14-35-14
37.61,60.54,64.55,Đất mùn,Cây bắp,22,2,20,28-28
30.21,59.88,47.25,Đất mùn,Cây lúa,33,0,0,Urea
35.04,69.99,33.2,Đất thịt tơi xốp,Các loại đậu,34,2,2,17-17-17
30.78,66.91,63.26,Đất mùn,Các loại hạt (hạt mè, hạt  cải),4,8,25,20-20
30.9,52.93,43.05,Đất đỏ bazan,Millets,12,0,9,14-35-14
38.8,74.45,38.5,Đất đỏ bazan,Khoai tây,11,0,39,20-20
29.07,73.52,52.71,Đất mùn,Millets,39,0,0,28-28
29.8,52.93,39.95,Đất thịt tơi xốp,Cây mía,18,2,19,DAP
33.53,68.45,31.56,Đất đỏ bazan,Cây mía,39,0,1,17-17-17
35.43,73.21,53.28,Đất mùn,Cây chuối,42,4,0,10-26-26
21.05,45.03,70.0,Đất đỏ bazan,Cây bông,31,4,0,20-20
27.48,47.09,27.89,Đất thịt tơi xốp,Cây bông,39,2,4,Urea
29.54,60.61,54.07,Đất mùn,Cây mía,12,11,34,DAP
38.11,69.4,54.47,Đất thịt tơi xốp,Cây chuối,23,0,23,14-35-14
28.55,50.92,36.81,Đất cát,Các loại hạt (hạt mè, hạt  cải),24,4,22,17-17-17
35.38,55.86,42.48,Đất cát,Các loại đậu,12,8,11,17-17-17
34.35,56.75,61.79,Đất thịt tơi xốp,Cây chè,12,14,11,28-28
27.07,54.74,36.04,Đất đỏ bazan,Cây chè,5,2,16,Urea
40.0,75.03,42.43,Đất thịt tơi xốp,Các loại đậu,9,3,29,17-17-17
26.28,48.37,65.31,Đất thịt tơi xốp,Millets,13,17,11,10-26-26
36.48,63.87,20.37,Đất cát,Cây mía,34,0,0,Urea
36.73,56.57,49.51,Đất đỏ bazan,Millets,11,2,11,10-26-26
36.22,63.83,37.08,Đất đỏ bazan,Cây chè,11,1,41,17-17-17
32.23,54.15,54.33,Đất đỏ bazan,Cây mía,20,0,19,DAP
40.0,74.84,47.75,Đất cát,Cây bông,35,1,0,14-35-14
32.17,63.37,31.63,Đất đỏ bazan,Khoai tây,37,0,0,20-20
29.44,50.92,34.24,Đất mùn,Cây đậu phộng (Lạc),36,0,0,20-20
25.42,52.97,21.71,Đất đỏ bazan,Cây lúa,10,3,14,17-17-17
29.19,61.81,48.68,Đất sét,Cây mía,7,1,8,17-17-17
27.44,54.73,62.9,Đất sét,Cây bắp,8,2,5,28-28
25.08,66.46,20.54,Đất sét,Millets,9,3,41,28-28
32.32,58.02,68.23,Đất cát,Cây mía,13,0,34,10-26-26
28.86,61.44,55.03,Đất sét,Cây mía,12,14,18,20-20
36.97,72.6,43.87,Đất cát,Khoai tây,39,0,0,14-35-14
29.5,69.16,41.62,Đất mùn,Cây bông,24,1,26,28-28
31.36,52.48,65.81,Đất mùn,Cây bông,7,10,30,17-17-17
22.06,56.16,61.45,Đất đỏ bazan,Cây chè,11,0,16,14-35-14
33.36,62.22,24.56,Đất cát,Millets,8,2,39,10-26-26
28.16,53.4,40.78,Đất cát,Millets,13,0,17,20-20
36.49,75.76,26.28,Đất thịt tơi xốp,Cây chuối,13,0,41,Urea
37.5,64.03,58.94,Đất mùn,Các loại hạt (hạt mè, hạt  cải),12,0,8,17-17-17
37.31,66.86,70.0,Đất đỏ bazan,Cây chè,14,3,38,28-28
25.35,50.13,25.76,Đất đỏ bazan,Cây bắp,5,8,26,10-26-26
28.71,64.1,44.78,Đất mùn,Cây bắp,8,0,11,14-35-14
31.77,65.53,40.43,Đất thịt tơi xốp,Cây bông,13,14,16,28-28
30.79,63.59,37.55,Đất sét,Millets,19,0,25,20-20
26.02,48.46,37.47,Đất mùn,Khoai tây,38,2,3,28-28
29.34,72.39,39.94,Đất đỏ bazan,Cây bông,24,2,16,17-17-17
36.2,58.84,44.43,Đất sét,Millets,6,0,36,10-26-26
35.97,56.08,39.97,Đất thịt tơi xốp,Cây mía,24,0,28,14-35-14
21.93,47.19,41.85,Đất mùn,Các loại hạt (hạt mè, hạt  cải),20,0,23,20-20
36.44,69.49,70.0,Đất mùn,Khoai tây,12,2,40,20-20
28.5,65.5,63.01,Đất mùn,Các loại hạt (hạt mè, hạt  cải),14,0,36,Urea
28.75,45.15,32.3,Đất sét,Cây mía,4,14,15,20-20
31.11,63.86,68.38,Đất mùn,Cây lúa,12,1,42,14-35-14
26.43,45.04,30.14,Đất thịt tơi xốp,Cây mía,10,2,43,DAP
29.0,73.39,38.46,Đất sét,Cây chuối,35,0,0,Urea
37.55,62.6,24.11,Đất cát,Cây lúa,10,0,37,10-26-26
26.18,47.19,39.82,Đất mùn,Cây đậu phộng (Lạc),33,0,0,DAP
33.14,68.2,49.7,Đất sét,Cây lúa,11,12,26,17-17-17
27.37,46.45,46.45,Đất sét,Cây bông,6,14,10,DAP
30.82,56.86,48.67,Đất thịt tơi xốp,Các loại đậu,1,4,24,14-35-14
31.92,67.01,48.12,Đất đỏ bazan,Khoai tây,43,3,0,28-28
33.98,51.19,32.23,Đất đỏ bazan,Cây mía,13,5,30,Urea
30.01,57.83,61.88,Đất đỏ bazan,Cây chè,31,0,0,DAP
28.65,49.45,27.65,Đất mùn,Khoai tây,6,6,32,17-17-17
23.43,46.91,62.82,Đất đỏ bazan,Các loại đậu,35,0,4,Urea
35.77,60.14,36.61,Đất thịt tơi xốp,Cây bắp,8,15,19,10-26-26
38.55,58.08,53.88,Đất mùn,Cây lúa,15,14,16,17-17-17
26.71,42.66,48.03,Đất thịt tơi xốp,Millets,7,0,32,28-28
31.59,69.57,52.01,Đất thịt tơi xốp,Cây chè,13,4,37,28-28
29.49,67.11,63.28,Đất thịt tơi xốp,Các loại hạt (hạt mè, hạt  cải),9,15,11,28-28
32.29,56.56,63.14,Đất mùn,Cây đậu phộng (Lạc),26,2,18,10-26-26
25.89,52.78,32.13,Đất mùn,Các loại hạt (hạt mè, hạt  cải),9,10,30,10-26-26
22.39,59.45,42.31,Đất đỏ bazan,Các loại đậu,27,2,18,10-26-26
24.48,64.32,40.94,Đất sét,Khoai tây,11,0,12,17-17-17
30.09,52.45,34.93,Đất thịt tơi xốp,Cây đậu phộng (Lạc),40,0,0,20-20
30.67,44.15,46.13,Đất mùn,Cây bắp,21,0,24,28-28
29.46,64.44,26.19,Đất sét,Cây chè,7,7,29,28-28
34.69,71.9,21.7,Đất mùn,Cây bông,3,9,30,Urea
24.97,59.67,27.05,Đất đỏ bazan,Cây lúa,9,11,34,Urea
24.87,56.1,31.14,Đất cát,Cây bông,40,0,1,10-26-26
33.86,62.68,37.06,Đất mùn,Cây lúa,7,4,43,10-26-26
33.35,53.25,64.49,Đất cát,Millets,10,5,24,28-28
27.73,53.14,25.75,Đất sét,Cây mía,5,10,32,28-28
37.09,56.19,40.03,Đất mùn,Cây lúa,25,0,22,Urea
26.19,61.82,26.83,Đất cát,Khoai tây,38,1,1,DAP
24.93,67.58,47.18,Đất đỏ bazan,Millets,15,0,37,20-20
33.39,71.79,31.6,Đất thịt tơi xốp,Cây chuối,11,2,39,28-28
32.93,56.53,28.8,Đất sét,Cây bắp,11,8,27,17-17-17
28.87,42.05,50.69,Đất sét,Các loại hạt (hạt mè, hạt  cải),13,0,4,14-35-14
36.94,53.17,24.98,Đất cát,Cây lúa,20,3,27,20-20
26.55,70.7,64.77,Đất mùn,Cây bông,6,10,11,DAP
26.48,49.62,32.7,Đất cát,Các loại hạt (hạt mè, hạt  cải),18,9,14,20-20
35.14,69.23,39.79,Đất cát,Khoai tây,36,2,0,17-17-17
30.29,55.55,44.77,Đất đỏ bazan,Cây chuối,18,0,10,20-20
21.54,43.75,56.74,Đất sét,Cây chuối,7,0,7,10-26-26
26.69,61.8,55.35,Đất cát,Cây lúa,17,0,20,14-35-14
37.94,60.1,56.48,Đất mùn,Cây bắp,8,7,25,17-17-17
20.53,53.88,68.8,Đất đỏ bazan,Cây chè,10,3,10,14-35-14
30.62,46.34,61.19,Đất thịt tơi xốp,Cây đậu phộng (Lạc),5,4,14,28-28
24.14,45.84,44.84,Đất thịt tơi xốp,Cây mía,7,22,14,20-20
21.95,59.83,69.07,Đất cát,Cây chuối,38,0,0,DAP
34.26,69.87,24.2,Đất đỏ bazan,Cây chè,20,0,19,14-35-14
24.98,67.9,70.0,Đất mùn,Cây chuối,14,0,38,10-26-26
23.0,55.77,37.58,Đất sét,Cây mía,25,0,20,17-17-17
30.49,59.19,51.04,Đất đỏ bazan,Cây bông,11,16,15,20-20
31.65,69.41,33.59,Đất cát,Millets,6,0,34,20-20
30.68,61.61,38.4,Đất mùn,Cây lúa,36,0,3,14-35-14
22.27,53.67,28.01,Đất thịt tơi xốp,Các loại đậu,16,0,13,10-26-26
30.65,59.18,52.5,Đất sét,Cây lúa,16,3,10,20-20
27.86,59.92,36.56,Đất mùn,Các loại hạt (hạt mè, hạt  cải),14,0,40,20-20
31.58,55.46,70.0,Đất đỏ bazan,Cây chuối,28,0,20,DAP
26.73,56.88,29.16,Đất đỏ bazan,Cây bắp,6,16,21,14-35-14
27.32,69.77,41.0,Đất mùn,Cây đậu phộng (Lạc),8,0,6,10-26-26
31.49,69.94,50.94,Đất thịt tơi xốp,Cây lúa,36,0,2,14-35-14
39.76,50.39,44.02,Đất đỏ bazan,Cây chuối,11,1,38,17-17-17
28.09,68.54,27.88,Đất đỏ bazan,Cây bắp,11,5,32,10-26-26
33.22,67.49,46.8,Đất sét,Các loại đậu,9,10,29,28-28
33.09,77.6,43.37,Đất sét,Cây bắp,35,0,2,Urea
27.89,49.02,36.06,Đất thịt tơi xốp,Millets,11,10,13,DAP
31.17,69.37,43.42,Đất cát,Cây mía,20,4,26,20-20
31.53,56.66,34.79,Đất sét,Khoai tây,6,0,9,10-26-26
36.4,62.17,27.49,Đất mùn,Khoai tây,6,4,34,20-20
35.25,53.22,40.74,Đất cát,Các loại đậu,13,4,40,DAP
29.6,51.91,43.03,Đất cát,Cây mía,36,0,0,10-26-26
31.32,65.36,47.86,Đất thịt tơi xốp,Cây mía,6,7,25,28-28
32.98,67.67,45.92,Đất mùn,Cây đậu phộng (Lạc),25,3,21,14-35-14
28.48,49.43,44.67,Đất cát,Cây đậu phộng (Lạc),3,0,14,17-17-17
38.56,74.3,55.08,Đất thịt tơi xốp,Các loại hạt (hạt mè, hạt  cải),13,0,39,Urea
28.02,48.84,51.42,Đất cát,Cây chuối,8,3,29,28-28
37.73,70.55,52.64,Đất thịt tơi xốp,Cây lúa,7,21,24,17-17-17
27.7,62.14,37.45,Đất cát,Cây chuối,21,0,19,10-26-26
28.26,59.17,33.07,Đất đỏ bazan,Các loại đậu,35,0,0,28-28
23.32,60.72,41.52,Đất mùn,Cây mía,21,0,23,Urea
23.39,59.59,32.49,Đất đỏ bazan,Millets,17,0,21,17-17-17
31.91,64.57,48.22,Đất cát,Cây mía,16,19,9,28-28
29.26,60.97,49.42,Đất đỏ bazan,Cây bông,25,0,21,14-35-14
26.27,51.6,34.24,Đất cát,Cây chuối,8,7,25,10-26-26
32.53,56.56,54.29,Đất sét,Các loại đậu,26,0,16,20-20
25.72,53.66,21.91,Đất đỏ bazan,Cây đậu phộng (Lạc),6,10,31,28-28
28.01,42.25,31.47,Đất thịt tơi xốp,Cây bắp,6,15,23,DAP
34.74,68.72,29.09,Đất mùn,Cây chè,40,2,0,DAP
22.55,43.39,55.77,Đất cát,Millets,4,0,12,Urea
34.51,66.37,51.86,Đất thịt tơi xốp,Cây lúa,35,4,0,28-28
38.69,71.21,50.84,Đất mùn,Cây chuối,8,18,8,Urea
30.33,52.42,35.68,Đất cát,Cây chuối,22,0,13,DAP
28.97,59.55,36.01,Đất cát,Cây chuối,8,11,18,17-17-17
35.45,70.4,26.6,Đất mùn,Cây bắp,39,0,2,DAP
31.27,70.01,49.6,Đất đỏ bazan,Cây mía,10,16,23,10-26-26
23.79,63.74,20.0,Đất đỏ bazan,Cây chuối,7,9,31,17-17-17
31.04,45.07,31.17,Đất sét,Millets,9,4,17,28-28
28.78,47.92,40.88,Đất sét,Các loại đậu,16,12,14,28-28
35.87,54.52,43.39,Đất mùn,Các loại đậu,17,3,37,Urea
29.98,45.13,41.6,Đất mùn,Cây chè,11,18,15,10-26-26
31.61,65.58,41.29,Đất mùn,Các loại hạt (hạt mè, hạt  cải),28,0,18,14-35-14
36.29,68.59,62.11,Đất cát,Các loại đậu,37,0,0,14-35-14
31.74,64.98,31.38,Đất mùn,Cây lúa,41,4,0,10-26-26
24.78,60.16,32.61,Đất cát,Cây bắp,38,4,0,DAP
32.21,54.41,61.25,Đất sét,Cây bắp,15,0,13,28-28
39.02,65.96,31.19,Đất cát,Cây bông,10,10,30,DAP
27.01,57.18,41.37,Đất sét,Cây đậu phộng (Lạc),38,2,0,28-28
25.91,59.25,20.86,Đất sét,Khoai tây,37,2,3,20-20
29.51,57.2,41.79,Đất mùn,Cây bông,40,3,4,17-17-17
26.13,52.53,60.62,Đất cát,Cây bắp,9,9,33,DAP
30.54,60.14,32.76,Đất sét,Cây mía,26,0,26,14-35-14
31.78,66.16,38.27,Đất sét,Cây bắp,23,0,22,20-20
22.1,52.62,42.41,Đất thịt tơi xốp,Cây lúa,24,0,19,17-17-17
28.89,52.69,65.95,Đất sét,Các loại đậu,8,0,5,14-35-14
23.98,55.96,30.85,Đất đỏ bazan,Cây chuối,7,19,11,Urea
35.61,66.92,54.5,Đất sét,Cây mía,44,0,0,DAP
30.52,54.37,41.46,Đất mùn,Cây bông,7,19,17,DAP
31.74,53.09,66.97,Đất cát,Cây bông,13,8,28,Urea
29.78,73.97,57.26,Đất cát,Cây lúa,11,0,42,Urea
32.94,74.58,61.13,Đất sét,Cây lúa,40,0,3,10-26-26
38.5,58.84,52.22,Đất thịt tơi xốp,Cây bông,17,2,37,14-35-14
40.0,77.51,44.13,Đất thịt tơi xốp,Cây lúa,14,0,44,17-17-17
31.51,69.17,49.11,Đất đỏ bazan,Cây mía,2,6,33,17-17-17
31.94,71.92,36.07,Đất thịt tơi xốp,Cây bắp,11,0,43,17-17-17
36.44,61.1,60.46,Đất đỏ bazan,Millets,12,4,38,14-35-14
31.24,49.93,37.99,Đất thịt tơi xốp,Cây bắp,46,3,4,17-17-17
37.02,71.06,58.82,Đất cát,Các loại hạt (hạt mè, hạt  cải),7,9,28,20-20
37.22,61.58,47.35,Đất mùn,Khoai tây,43,2,0,14-35-14
32.45,68.21,21.16,Đất cát,Khoai tây,7,21,18,Urea
38.94,73.94,64.07,Đất đỏ bazan,Cây bắp,12,0,12,17-17-17
32.45,52.61,41.79,Đất mùn,Cây mía,13,9,22,28-28
27.9,61.55,43.02,Đất mùn,Cây chè,40,0,0,28-28
32.41,66.99,33.52,Đất đỏ bazan,Cây đậu phộng (Lạc),26,0,17,20-20
37.99,74.34,48.62,Đất sét,Cây chuối,13,9,12,10-26-26
25.88,57.09,44.64,Đất sét,Cây bông,10,14,17,17-17-17
30.87,56.76,45.95,Đất cát,Các loại hạt (hạt mè, hạt  cải),42,2,0,10-26-26
28.55,43.74,27.1,Đất sét,Cây đậu phộng (Lạc),36,4,0,20-20
31.83,58.92,38.28,Đất sét,Các loại đậu,6,17,11,Urea
25.38,60.27,32.65,Đất thịt tơi xốp,Cây chè,21,1,21,10-26-26
33.48,78.42,32.25,Đất sét,Cây lúa,13,0,39,Urea
30.79,61.19,66.13,Đất mùn,Các loại hạt (hạt mè, hạt  cải),8,2,10,17-17-17
38.37,71.47,41.35,Đất đỏ bazan,Cây lúa,42,0,0,20-20
38.52,65.09,55.29,Đất thịt tơi xốp,Cây mía,37,0,1,17-17-17
32.42,57.29,59.35,Đất đỏ bazan,Cây bắp,36,0,0,10-26-26
33.54,62.45,27.73,Đất thịt tơi xốp,Cây bắp,10,0,38,17-17-17
22.94,55.21,33.2,Đất thịt tơi xốp,Cây mía,21,0,26,DAP
34.64,54.07,30.24,Đất đỏ bazan,Khoai tây,36,0,4,20-20
27.18,54.31,58.77,Đất thịt tơi xốp,Các loại hạt (hạt mè, hạt  cải),10,1,12,14-35-14
36.75,74.17,53.07,Đất thịt tơi xốp,Millets,42,4,0,28-28
25.18,55.87,41.76,Đất cát,Các loại đậu,16,0,39,10-26-26
35.59,76.91,52.53,Đất sét,Millets,15,3,41,17-17-17
28.46,53.05,34.92,Đất đỏ bazan,Các loại đậu,26,3,27,10-26-26
23.72,61.19,42.73,Đất đỏ bazan,Các loại đậu,38,0,4,DAP
38.08,63.07,27.4,Đất thịt tơi xốp,Cây bông,10,0,40,20-20
32.68,69.24,30.61,Đất mùn,Khoai tây,25,0,23,DAP
27.23,45.13,46.5,Đất đỏ bazan,Millets,9,22,11,14-35-14
25.56,62.96,24.11,Đất sét,Cây chè,41,0,0,17-17-17
23.23,56.75,26.54,Đất sét,Cây chuối,14,0,3,DAP
32.08,56.04,57.99,Đất cát,Cây mía,4,10,32,14-35-14
33.03,57.81,20.71,Đất thịt tơi xốp,Cây chè,8,5,26,10-26-26
28.27,61.15,25.82,Đất cát,Các loại hạt (hạt mè, hạt  cải),6,6,34,17-17-17
25.2,60.8,40.83,Đất thịt tơi xốp,Cây bông,17,2,39,28-28
32.37,57.03,65.34,Đất mùn,Cây lúa,34,1,2,28-28
32.77,65.31,56.5,Đất mùn,Cây mía,21,0,23,10-26-26
27.51,61.14,61.53,Đất mùn,Các loại đậu,8,0,39,10-26-26
36.35,64.04,65.28,Đất thịt tơi xốp,Cây đậu phộng (Lạc),5,9,27,Urea
20.36,57.7,38.39,Đất đỏ bazan,Khoai tây,25,0,18,DAP
33.04,52.2,21.85,Đất sét,Millets,7,15,18,10-26-26
35.94,62.93,28.98,Đất đỏ bazan,Cây đậu phộng (Lạc),3,6,26,DAP
25.69,61.45,23.95,Đất thịt tơi xốp,Cây chè,37,0,0,28-28
27.55,59.01,28.77,Đất mùn,Khoai tây,36,2,4,20-20
38.84,74.14,70.0,Đất mùn,Khoai tây,12,2,38,20-20
32.3,62.68,41.53,Đất sét,Cây mía,11,2,10,10-26-26
34.98,76.76,43.81,Đất mùn,Cây đậu phộng (Lạc),35,3,0,DAP
25.16,56.14,61.08,Đất đỏ bazan,Các loại đậu,12,1,35,10-26-26
38.09,65.45,47.28,Đất mùn,Cây đậu phộng (Lạc),7,14,14,17-17-17
37.0,70.38,34.26,Đất mùn,Các loại đậu,18,0,15,Urea
32.35,63.44,24.13,Đất đỏ bazan,Cây bông,41,4,0,14-35-14
32.28,67.55,49.48,Đất đỏ bazan,Các loại đậu,24,0,22,28-28
34.57,53.65,30.56,Đất cát,Khoai tây,25,0,24,20-20
32.83,60.9,30.93,Đất mùn,Cây bông,8,9,25,14-35-14
31.17,67.47,56.61,Đất mùn,Cây chè,12,0,7,DAP
35.93,63.52,47.76,Đất sét,Cây chuối,20,0,16,Urea
35.88,65.43,51.08,Đất sét,Các loại hạt (hạt mè, hạt  cải),11,15,10,Urea
23.9,50.65,40.95,Đất đỏ bazan,Khoai tây,40,0,4,17-17-17
32.3,58.56,36.13,Đất cát,Millets,25,2,20,20-20
29.21,68.29,33.86,Đất thịt tơi xốp,Các loại đậu,6,16,17,14-35-14
34.78,74.96,23.1,Đất thịt tơi xốp,Các loại hạt (hạt mè, hạt  cải),8,0,32,28-28
33.65,59.37,58.73,Đất cát,Các loại hạt (hạt mè, hạt  cải),39,0,0,Urea
28.58,62.64,30.24,Đất cát,Cây bông,13,1,14,Urea
30.6,46.79,28.45,Đất đỏ bazan,Cây bắp,8,0,6,14-35-14
31.13,61.96,56.93,Đất sét,Các loại đậu,12,3,31,17-17-17
35.66,64.66,38.16,Đất mùn,Các loại đậu,12,4,16,10-26-26
38.02,73.39,34.53,Đất thịt tơi xốp,Cây đậu phộng (Lạc),40,0,0,17-17-17
26.7,42.56,25.82,Đất đỏ bazan,Cây chè,9,11,17,Urea
30.06,56.63,49.63,Đất sét,Khoai tây,9,0,12,10-26-26
32.38,67.07,45.41,Đất sét,Cây bông,44,0,0,14-35-14
30.11,55.41,33.96,Đất mùn,Millets,24,0,19,28-28
40.0,66.23,24.12,Đất thịt tơi xốp,Cây lúa,8,0,14,20-20
28.18,56.88,55.26,Đất đỏ bazan,Cây bông,23,4,18,14-35-14
28.93,52.02,34.13,Đất thịt tơi xốp,Cây bông,10,0,32,Urea
32.94,60.02,33.0,Đất thịt tơi xốp,Khoai tây,7,10,25,DAP
30.05,71.84,55.66,Đất thịt tơi xốp,Millets,1,10,28,17-17-17
30.5,66.54,39.44,Đất sét,Cây chè,10,0,12,DAP
36.14,63.53,29.95,Đất đỏ bazan,Khoai tây,16,0,37,20-20
29.07,58.16,32.93,Đất sét,Cây mía,15,0,42,Urea
34.84,63.19,45.19,Đất đỏ bazan,Cây mía,38,1,2,10-26-26
34.61,67.29,36.72,Đất mùn,Millets,37,4,0,Urea
26.2,53.65,56.71,Đất cát,Cây bắp,36,3,0,14-35-14
33.91,63.82,41.45,Đất thịt tơi xốp,Cây chuối,12,0,10,14-35-14
34.79,61.91,46.9,Đất sét,Cây chuối,38,2,0,10-26-26
26.74,57.16,20.0,Đất sét,Millets,37,0,4,17-17-17
32.91,56.48,45.87,Đất thịt tơi xốp,Millets,4,0,18,Urea
24.06,65.78,58.11,Đất đỏ bazan,Cây bông,14,3,6,28-28
33.94,69.64,41.55,Đất mùn,Cây lúa,10,3,29,17-17-17
27.16,54.78,41.9,Đất thịt tơi xốp,Các loại đậu,17,2,32,Urea
35.04,69.13,59.45,Đất thịt tơi xốp,Cây mía,14,14,13,10-26-26
26.78,53.14,37.57,Đất thịt tơi xốp,Các loại đậu,24,0,21,Urea
26.4,65.11,55.15,Đất thịt tơi xốp,Các loại đậu,3,9,37,Urea
30.74,54.35,61.21,Đất cát,Cây bông,16,0,8,20-20
36.75,59.8,37.97,Đất thịt tơi xốp,Cây mía,21,0,23,17-17-17
25.11,48.12,62.98,Đất mùn,Các loại đậu,15,4,30,10-26-26
38.91,64.93,39.42,Đất cát,Các loại đậu,38,2,1,DAP
26.05,58.12,35.26,Đất thịt tơi xốp,Các loại đậu,28,4,20,20-20
34.2,64.85,39.67,Đất sét,Cây bắp,13,0,36,10-26-26
28.76,50.58,38.28,Đất mùn,Các loại hạt (hạt mè, hạt  cải),35,3,1,17-17-17
34.06,71.7,43.15,Đất đỏ bazan,Cây đậu phộng (Lạc),12,12,28,28-28
26.51,56.57,20.0,Đất cát,Khoai tây,11,13,27,DAP
21.36,56.53,34.78,Đất thịt tơi xốp,Cây bắp,3,15,24,28-28
28.11,45.27,48.25,Đất cát,Cây lúa,7,8,24,Urea
22.72,44.19,24.65,Đất thịt tơi xốp,Các loại đậu,38,0,3,14-35-14
22.54,52.75,31.79,Đất đỏ bazan,Millets,21,3,18,DAP
24.5,42.83,57.23,Đất mùn,Cây bông,24,0,22,Urea
34.26,72.48,43.81,Đất sét,Khoai tây,14,19,23,17-17-17
36.19,77.04,57.3,Đất thịt tơi xốp,Khoai tây,13,1,39,DAP
21.14,58.75,31.2,Đất mùn,Cây bắp,14,0,13,DAP
24.28,50.9,34.64,Đất mùn,Millets,14,0,36,17-17-17
25.06,56.22,22.4,Đất cát,Millets,18,0,43,17-17-17
30.21,50.79,37.79,Đất sét,Cây đậu phộng (Lạc),5,1,16,Urea
30.32,58.2,37.68,Đất mùn,Cây chè,37,0,1,20-20
35.17,60.97,34.42,Đất thịt tơi xốp,Khoai tây,8,0,33,17-17-17
29.63,58.39,64.42,Đất cát,Cây đậu phộng (Lạc),8,1,11,28-28
31.41,50.97,45.98,Đất cát,Millets,38,0,0,14-35-14
34.17,71.47,70.0,Đất mùn,Cây chè,15,0,37,10-26-26
38.62,65.2,36.37,Đất cát,Cây chè,37,1,3,10-26-26
32.84,66.47,69.01,Đất đỏ bazan,Cây mía,12,5,35,Urea
30.87,74.24,62.38,Đất sét,Cây bắp,7,16,9,14-35-14
26.02,52.58,39.77,Đất đỏ bazan,Cây mía,41,0,3,14-35-14
31.0,64.07,51.2,Đất thịt tơi xốp,Cây chuối,13,3,11,28-28
30.47,58.88,38.22,Đất đỏ bazan,Các loại đậu,20,2,18,17-17-17
30.33,54.91,37.16,Đất thịt tơi xốp,Millets,36,0,0,Urea
24.62,63.54,33.9,Đất mùn,Cây chuối,43,0,0,Urea
34.5,61.62,61.48,Đất đỏ bazan,Cây bông,6,11,29,28-28
34.45,61.44,70.0,Đất đỏ bazan,Cây mía,13,12,24,DAP
28.91,60.07,39.93,Đất thịt tơi xốp,Cây đậu phộng (Lạc),34,0,3,20-20
31.57,53.14,20.33,Đất cát,Các loại hạt (hạt mè, hạt  cải),41,4,2,10-26-26
26.19,63.76,35.68,Đất đỏ bazan,Millets,32,0,0,28-28
25.14,48.37,28.64,Đất thịt tơi xốp,Millets,8,6,14,14-35-14
38.41,74.99,25.39,Đất thịt tơi xốp,Cây bắp,9,0,36,Urea
29.57,70.26,37.15,Đất đỏ bazan,Millets,12,0,37,14-35-14
33.72,54.21,47.29,Đất đỏ bazan,Các loại hạt (hạt mè, hạt  cải),24,0,18,DAP
33.3,57.9,57.26,Đất thịt tơi xốp,Các loại đậu,13,1,39,17-17-17
29.6,58.3,44.4,Đất sét,Cây chuối,36,3,0,20-20
27.83,60.88,29.59,Đất đỏ bazan,Cây mía,40,2,3,14-35-14
24.31,49.48,27.55,Đất đỏ bazan,Millets,17,0,39,17-17-17
31.77,46.28,45.72,Đất đỏ bazan,Cây bông,35,1,0,17-17-17
28.65,59.24,40.45,Đất sét,Cây đậu phộng (Lạc),10,13,22,28-28
30.23,72.24,57.55,Đất đỏ bazan,Cây bông,9,13,29,17-17-17
23.86,56.94,45.96,Đất thịt tơi xốp,Cây lúa,17,4,10,14-35-14
24.03,59.41,55.3,Đất cát,Cây bông,0,15,10,14-35-14
32.86,54.42,41.19,Đất đỏ bazan,Khoai tây,22,4,22,DAP
31.58,60.79,41.51,Đất cát,Cây đậu phộng (Lạc),1,13,13,14-35-14
29.38,67.36,40.79,Đất thịt tơi xốp,Cây chè,5,11,17,14-35-14
34.45,66.86,35.97,Đất thịt tơi xốp,Cây bắp,45,0,0,Urea
29.34,42.41,44.03,Đất sét,Cây chè,22,0,18,Urea
40.0,62.24,42.28,Đất mùn,Các loại đậu,14,1,18,14-35-14
31.51,63.07,38.77,Đất mùn,Khoai tây,23,1,13,Urea
27.67,45.92,36.55,Đất mùn,Cây mía,32,1,0,20-20
28.12,45.77,43.16,Đất cát,Khoai tây,44,1,0,17-17-17
30.04,45.43,37.77,Đất thịt tơi xốp,Cây bắp,19,4,21,10-26-26
28.79,73.96,35.13,Đất sét,Cây chuối,16,3,42,DAP
31.74,63.18,24.75,Đất mùn,Cây bắp,11,13,16,10-26-26
36.76,59.74,39.36,Đất thịt tơi xốp,Cây chuối,22,1,20,17-17-17
26.29,47.4,68.32,Đất thịt tơi xốp,Các loại đậu,6,0,7,14-35-14
25.37,50.94,25.52,Đất thịt tơi xốp,Cây mía,3,14,20,14-35-14
25.49,59.63,68.9,Đất đỏ bazan,Cây đậu phộng (Lạc),8,0,42,28-28
28.88,55.01,36.26,Đất đỏ bazan,Các loại đậu,39,0,0,10-26-26
34.53,58.86,52.25,Đất thịt tơi xốp,Các loại hạt (hạt mè, hạt  cải),18,3,41,17-17-17
29.73,44.95,36.64,Đất sét,Cây mía,10,0,38,Urea
30.05,59.14,39.13,Đất đỏ bazan,Khoai tây,17,0,43,20-20
30.67,61.01,35.65,Đất sét,Các loại hạt (hạt mè, hạt  cải),41,2,0,17-17-17
24.3,53.62,60.71,Đất sét,Cây mía,9,2,35,10-26-26
37.7,56.61,57.93,Đất mùn,Cây chuối,27,0,15,10-26-26
27.09,48.1,39.39,Đất sét,Khoai tây,9,11,21,Urea
28.02,43.47,37.43,Đất thịt tơi xốp,Cây mía,33,0,2,28-28
34.62,64.2,39.87,Đất cát,Millets,21,1,19,28-28
33.0,72.49,26.85,Đất mùn,Millets,11,3,36,20-20
37.48,74.71,50.16,Đất cát,Cây chuối,33,0,2,10-26-26
40.0,80.0,55.43,Đất sét,Cây lúa,42,4,0,DAP
33.47,62.71,36.43,Đất mùn,Cây mía,17,0,39,Urea
24.91,47.48,32.77,Đất thịt tơi xốp,Các loại đậu,17,0,21,17-17-17
30.89,57.6,53.41,Đất cát,Cây bắp,41,1,0,28-28
25.22,53.11,39.07,Đất đỏ bazan,Cây chè,24,0,14,20-20
30.68,66.46,37.19,Đất đỏ bazan,Cây mía,17,0,38,17-17-17
27.33,64.51,61.53,Đất cát,Millets,12,11,32,20-20
29.96,54.53,67.99,Đất thịt tơi xốp,Khoai tây,13,4,6,20-20
32.99,50.56,44.4,Đất sét,Cây mía,4,15,14,14-35-14
36.5,76.58,69.11,Đất cát,Các loại hạt (hạt mè, hạt  cải),15,0,41,14-35-14
24.59,51.79,70.0,Đất thịt tơi xốp,Cây lúa,9,3,8,28-28
28.14,64.83,42.85,Đất mùn,Cây chuối,14,0,7,17-17-17
31.92,57.22,51.32,Đất thịt tơi xốp,Millets,18,4,17,Urea
36.21,57.4,64.18,Đất thịt tơi xốp,Các loại hạt (hạt mè, hạt  cải),34,0,1,28-28
29.54,58.68,37.33,Đất thịt tơi xốp,Cây lúa,27,0,20,28-28
37.62,54.26,47.98,Đất đỏ bazan,Cây mía,8,0,8,17-17-17
23.0,53.85,26.32,Đất sét,Cây bông,11,1,12,Urea
33.55,58.99,28.88,Đất mùn,Cây lúa,33,3,0,20-20
25.2,54.36,56.57,Đất thịt tơi xốp,Cây đậu phộng (Lạc),5,16,13,14-35-14
28.1,57.31,69.25,Đất cát,Millets,40,0,0,10-26-26
26.32,61.03,28.0,Đất thịt tơi xốp,Các loại hạt (hạt mè, hạt  cải),7,9,32,20-20
36.26,72.92,70.0,Đất đỏ bazan,Cây đậu phộng (Lạc),11,4,28,17-17-17
36.08,67.07,39.77,Đất mùn,Cây bông,4,7,26,28-28
26.61,51.72,36.01,Đất đỏ bazan,Khoai tây,45,0,0,28-28
22.55,57.45,46.58,Đất đỏ bazan,Cây lúa,24,1,24,DAP
35.44,68.66,47.39,Đất mùn,Cây chuối,13,20,20,20-20
31.47,64.11,65.21,Đất thịt tơi xốp,Cây mía,13,3,28,20-20
23.45,48.04,34.71,Đất mùn,Cây mía,33,4,1,14-35-14
32.95,47.81,36.46,Đất cát,Cây bông,11,5,26,14-35-14
35.89,69.26,56.39,Đất cát,Cây chè,19,0,23,28-28
32.33,75.18,40.55,Đất thịt tơi xốp,Cây mía,14,19,23,10-26-26
38.98,58.36,50.55,Đất đỏ bazan,Cây chè,16,0,42,Urea
33.44,62.95,26.99,Đất sét,Các loại đậu,27,0,19,28-28
25.0,43.01,70.0,Đất cát,Cây bắp,38,0,3,10-26-26
29.95,70.97,49.89,Đất mùn,Cây chè,24,0,27,10-26-26
28.47,63.69,51.32,Đất thịt tơi xốp,Cây bông,8,0,8,10-26-26
37.78,67.61,42.9,Đất mùn,Cây chè,37,0,0,28-28
20.85,59.67,27.39,Đất thịt tơi xốp,Khoai tây,15,9,6,DAP
34.47,55.91,64.25,Đất mùn,Cây lúa,9,8,25,17-17-17
22.37,49.0,70.0,Đất đỏ bazan,Cây lúa,40,1,0,28-28
22.29,47.57,66.46,Đất cát,Các loại hạt (hạt mè, hạt  cải),11,0,12,28-28
25.06,59.78,44.6,Đất sét,Millets,36,0,0,28-28
30.44,62.39,67.03,Đất thịt tơi xốp,Các loại đậu,22,2,19,17-17-17
24.39,43.91,36.11,Đất đỏ bazan,Cây bông,18,0,21,DAP
36.89,69.58,42.28,Đất cát,Cây bông,37,0,0,28-28
30.22,50.85,59.57,Đất sét,Cây chuối,5,5,34,10-26-26
36.69,78.73,43.49,Đất đỏ bazan,Các loại hạt (hạt mè, hạt  cải),35,0,3,20-20
29.5,42.7,52.43,Đất mùn,Cây chè,21,0,21,Urea
36.74,61.86,29.3,Đất sét,Cây chuối,38,2,0,14-35-14
29.86,61.53,51.88,Đất mùn,Millets,33,2,0,20-20
26.18,44.54,66.14,Đất mùn,Cây chuối,8,0,17,20-20
24.23,54.33,34.93,Đất cát,Cây chè,5,10,28,14-35-14
25.05,64.63,47.88,Đất mùn,Các loại đậu,10,3,6,DAP
29.0,57.95,20.71,Đất đỏ bazan,Các loại hạt (hạt mè, hạt  cải),12,16,11,10-26-26
39.5,59.87,52.35,Đất thịt tơi xốp,Các loại hạt (hạt mè, hạt  cải),11,1,36,20-20
27.46,66.87,26.04,Đất mùn,Cây bắp,6,11,34,14-35-14
31.41,56.68,46.38,Đất mùn,Cây lúa,10,15,17,28-28
26.18,54.54,46.83,Đất cát,Cây chè,37,1,0,17-17-17
31.52,51.09,41.27,Đất mùn,Các loại hạt (hạt mè, hạt  cải),38,0,4,DAP
35.22,76.59,24.21,Đất mùn,Các loại hạt (hạt mè, hạt  cải),10,1,39,14-35-14
37.69,54.05,40.24,Đất mùn,Các loại đậu,19,0,45,17-17-17
27.77,54.61,46.77,Đất mùn,Cây chuối,12,3,32,10-26-26
32.86,65.21,45.16,Đất cát,Cây mía,26,0,21,DAP
28.3,60.42,55.44,Đất cát,Cây lúa,11,13,17,Urea
34.98,64.48,51.57,Đất sét,Cây chè,12,0,37,14-35-14
39.31,59.72,40.8,Đất đỏ bazan,Cây bông,42,3,0,DAP
27.41,48.69,52.62,Đất thịt tơi xốp,Cây chuối,11,3,33,DAP
29.89,59.26,51.55,Đất cát,Cây bông,15,0,12,28-28
34.05,71.7,24.22,Đất sét,Các loại đậu,26,0,18,20-20
23.91,43.52,39.54,Đất thịt tơi xốp,Cây mía,34,2,0,17-17-17
32.24,49.43,40.27,Đất thịt tơi xốp,Cây bông,36,0,0,14-35-14
36.98,53.44,24.52,Đất sét,Các loại đậu,13,2,37,14-35-14
30.83,50.49,61.71,Đất thịt tơi xốp,Các loại hạt (hạt mè, hạt  cải),18,4,36,DAP
27.06,51.39,53.38,Đất sét,Cây bông,9,0,37,28-28
38.7,65.81,23.13,Đất mùn,Cây chuối,6,0,34,20-20
30.9,55.65,30.7,Đất mùn,Khoai tây,11,6,11,20-20
27.98,46.24,47.68,Đất mùn,Cây bắp,21,0,24,Urea
38.27,60.33,37.69,Đất cát,Cây bông,9,4,16,14-35-14
28.07,52.91,43.54,Đất đỏ bazan,Cây chè,8,13,16,20-20
38.99,59.31,46.91,Đất sét,Khoai tây,2,15,20,10-26-26
35.18,73.86,61.58,Đất thịt tơi xốp,Cây bông,12,0,14,17-17-17
29.63,51.13,59.87,Đất cát,Cây chè,4,12,36,Urea
26.44,66.93,58.88,Đất sét,Cây đậu phộng (Lạc),17,0,38,10-26-26
32.97,76.36,35.98,Đất đỏ bazan,Các loại đậu,10,0,18,14-35-14
32.59,52.77,67.32,Đất cát,Cây chuối,14,0,38,Urea
40.0,61.28,57.03,Đất sét,Cây lúa,9,8,24,10-26-26
35.08,60.37,45.69,Đất mùn,Cây đậu phộng (Lạc),22,1,26,17-17-17
33.46,60.65,34.68,Đất đỏ bazan,Cây bông,17,0,7,20-20
32.95,66.06,24.22,Đất đỏ bazan,Millets,19,0,21,28-28
27.46,63.08,52.97,Đất thịt tơi xốp,Cây bông,11,0,12,10-26-26
40.0,56.21,37.48,Đất cát,Khoai tây,10,1,37,20-20
30.85,53.02,26.39,Đất cát,Cây chuối,12,2,27,10-26-26
24.58,43.05,67.17,Đất sét,Millets,40,3,2,14-35-14
32.99,64.5,30.16,Đất đỏ bazan,Cây lúa,10,0,32,14-35-14
24.83,48.37,49.51,Đất cát,Các loại đậu,9,3,39,10-26-26
30.82,56.4,56.14,Đất đỏ bazan,Cây lúa,5,13,15,Urea
33.65,64.1,41.88,Đất mùn,Cây bắp,12,2,34,14-35-14
27.99,52.83,35.74,Đất mùn,Khoai tây,11,12,21,Urea
22.87,44.91,24.78,Đất mùn,Cây đậu phộng (Lạc),19,14,13,28-28
29.95,68.13,38.6,Đất đỏ bazan,Cây mía,21,0,15,DAP
39.25,76.98,28.94,Đất sét,Khoai tây,12,0,37,Urea
29.82,66.85,23.96,Đất mùn,Cây chè,9,20,12,17-17-17
26.66,63.18,32.47,Đất cát,Cây chè,42,4,0,20-20
30.12,47.45,64.3,Đất mùn,Cây chè,36,4,0,14-35-14
28.82,53.22,38.74,Đất sét,Khoai tây,26,1,17,DAP
23.42,54.77,33.63,Đất thịt tơi xốp,Cây lúa,39,0,4,DAP
28.45,62.42,52.98,Đất thịt tơi xốp,Khoai tây,17,0,37,17-17-17
24.76,58.45,38.36,Đất cát,Cây chuối,11,0,15,DAP
31.65,56.41,30.22,Đất đỏ bazan,Cây lúa,19,3,27,28-28
23.2,46.23,65.9,Đất đỏ bazan,Cây chuối,39,4,4,Urea
33.52,60.5,52.77,Đất đỏ bazan,Các loại hạt (hạt mè, hạt  cải),13,13,11,17-17-17
31.19,51.5,20.0,Đất mùn,Cây bông,13,8,28,14-35-14
27.52,51.39,46.96,Đất thịt tơi xốp,Cây chuối,40,2,4,28-28
30.46,57.09,32.66,Đất cát,Cây chè,6,17,21,Urea
34.36,64.55,38.08,Đất cát,Các loại đậu,25,1,19,10-26-26
32.14,57.35,49.7,Đất mùn,Cây chè,19,1,36,DAP
36.81,60.97,46.15,Đất thịt tơi xốp,Các loại đậu,10,21,23,Urea
30.15,59.21,25.04,Đất mùn,Các loại đậu,20,3,16,14-35-14
29.77,63.09,47.01,Đất đỏ bazan,Cây mía,21,1,17,17-17-17
30.24,51.96,38.03,Đất thịt tơi xốp,Các loại đậu,36,0,3,Urea
24.97,47.28,41.8,Đất thịt tơi xốp,Các loại đậu,3,17,19,10-26-26
26.34,61.87,22.93,Đất đỏ bazan,Cây bắp,15,0,16,20-20
37.17,73.45,62.33,Đất thịt tơi xốp,Millets,9,1,41,28-28
29.78,65.45,39.96,Đất mùn,Cây lúa,9,3,39,14-35-14
30.05,61.94,57.63,Đất đỏ bazan,Cây chè,5,9,33,DAP
23.59,54.55,43.39,Đất cát,Khoai tây,40,1,4,DAP
22.2,55.19,60.43,Đất thịt tơi xốp,Cây chuối,8,0,5,10-26-26
29.33,58.97,42.02,Đất mùn,Cây bông,11,4,46,17-17-17
28.33,61.2,58.57,Đất đỏ bazan,Cây chuối,11,4,18,20-20
34.24,61.19,31.95,Đất cát,Cây bắp,20,3,16,DAP
29.04,73.52,60.4,Đất sét,Các loại hạt (hạt mè, hạt  cải),4,3,15,28-28
32.64,52.05,29.73,Đất cát,Các loại đậu,15,3,38,17-17-17
38.51,72.73,54.65,Đất cát,Cây lúa,39,0,3,14-35-14
26.36,58.22,35.11,Đất mùn,Cây chè,37,2,3,Urea
26.86,60.39,30.72,Đất sét,Cây bắp,34,0,0,Urea
28.96,54.55,40.7,Đất thịt tơi xốp,Cây chè,12,0,18,DAP
31.35,64.03,52.01,Đất thịt tơi xốp,Cây bông,17,0,39,17-17-17
20.03,52.64,70.0,Đất cát,Cây mía,13,0,13,20-20
37.86,61.26,47.91,Đất mùn,Cây đậu phộng (Lạc),15,14,14,Urea
34.3,73.98,23.5,Đất cát,Các loại đậu,8,0,34,14-35-14
28.75,65.85,40.56,Đất cát,Khoai tây,20,0,13,10-26-26
34.35,68.28,37.3,Đất mùn,Cây chuối,45,0,2,20-20
29.5,58.68,59.82,Đất cát,Các loại hạt (hạt mè, hạt  cải),3,10,37,Urea
23.09,47.76,36.04,Đất đỏ bazan,Cây đậu phộng (Lạc),37,2,0,20-20
31.45,59.17,41.86,Đất cát,Cây bắp,9,8,31,DAP
29.76,68.21,44.33,Đất cát,Cây chuối,8,12,10,DAP
23.9,52.22,35.06,Đất thịt tơi xốp,Cây bông,13,0,4,DAP
31.65,58.98,60.38,Đất mùn,Cây chuối,19,0,23,28-28
32.72,68.34,67.2,Đất đỏ bazan,Cây đậu phộng (Lạc),14,0,37,DAP
39.16,69.41,37.45,Đất đỏ bazan,Cây chè,17,0,40,17-17-17
30.58,57.79,62.55,Đất mùn,Cây mía,12,4,38,20-20
24.24,61.14,60.21,Đất đỏ bazan,Cây chuối,10,0,10,14-35-14
36.13,58.84,40.14,Đất sét,Cây lúa,19,0,20,28-28
33.8,67.31,32.57,Đất sét,Cây lúa,9,19,18,17-17-17
22.83,48.52,61.42,Đất thịt tơi xốp,Cây chè,13,0,12,Urea
27.46,63.46,32.44,Đất cát,Các loại hạt (hạt mè, hạt  cải),2,14,20,DAP
23.99,49.61,27.08,Đất đỏ bazan,Millets,11,2,8,17-17-17
32.35,69.35,54.59,Đất đỏ bazan,Các loại hạt (hạt mè, hạt  cải),13,8,35,10-26-26
32.05,53.97,35.02,Đất mùn,Millets,41,0,0,Urea
23.89,51.43,32.44,Đất sét,Khoai tây,38,2,0,20-20
25.23,47.76,41.74,Đất thịt tơi xốp,Các loại đậu,23,1,23,28-28
25.04,45.85,51.39,Đất mùn,Cây chè,27,0,17,17-17-17
22.58,47.54,39.32,Đất đỏ bazan,Khoai tây,34,0,3,Urea
30.78,72.03,70.0,Đất cát,Cây bắp,26,2,24,Urea
28.14,44.5,35.74,Đất đỏ bazan,Cây lúa,34,3,0,14-35-14
36.75,61.32,50.32,Đất sét,Khoai tây,23,0,18,28-28
34.03,59.52,31.77,Đất đỏ bazan,Cây mía,41,0,0,10-26-26
29.35,59.63,48.74,Đất sét,Cây chè,12,8,29,14-35-14
36.54,74.27,38.52,Đất đỏ bazan,Khoai tây,13,4,42,17-17-17
29.01,55.34,29.06,Đất sét,Millets,16,0,15,14-35-14
34.65,60.23,61.23,Đất đỏ bazan,Khoai tây,8,0,13,10-26-26
34.12,72.45,52.22,Đất thịt tơi xốp,Khoai tây,6,10,29,14-35-14
23.2,51.15,44.35,Đất sét,Cây bông,39,0,3,28-28
30.61,56.22,43.7,Đất đỏ bazan,Cây bắp,11,8,14,17-17-17
34.29,62.12,28.36,Đất mùn,Cây chuối,16,1,34,28-28
27.72,52.05,49.01,Đất sét,Cây bắp,44,0,2,14-35-14
27.44,55.79,34.2,Đất cát,Khoai tây,35,3,4,Urea
30.48,54.04,50.81,Đất cát,Cây chè,7,7,37,17-17-17
30.94,58.19,66.53,Đất đỏ bazan,Cây mía,21,0,21,17-17-17
36.87,73.12,54.53,Đất cát,Cây đậu phộng (Lạc),13,0,35,Urea
35.05,70.45,42.95,Đất cát,Millets,24,0,17,Urea
35.26,55.7,38.7,Đất đỏ bazan,Millets,19,4,26,DAP
30.84,54.44,38.5,Đất đỏ bazan,Cây chuối,16,3,27,20-20
25.41,56.57,63.78,Đất cát,Cây lúa,10,8,11,Urea
31.29,48.4,35.57,Đất cát,Cây đậu phộng (Lạc),13,8,32,10-26-26
33.77,70.96,30.96,Đất đỏ bazan,Cây bắp,8,0,10,20-20
22.79,44.82,36.75,Đất sét,Cây mía,20,0,22,DAP
35.39,55.43,61.72,Đất đỏ bazan,Các loại hạt (hạt mè, hạt  cải),18,0,38,14-35-14
32.69,67.2,30.23,Đất sét,Cây đậu phộng (Lạc),9,0,38,14-35-14
29.04,52.28,61.27,Đất cát,Cây bắp,12,0,32,20-20
30.97,52.6,49.95,Đất thịt tơi xốp,Cây chuối,18,0,25,17-17-17
26.51,54.41,25.69,Đất mùn,Cây chè,6,18,20,17-17-17
24.14,65.95,36.58,Đất đỏ bazan,Millets,5,5,28,DAP
29.44,59.33,21.43,Đất đỏ bazan,Cây bông,12,1,36,14-35-14
28.89,50.23,31.86,Đất đỏ bazan,Cây chuối,13,0,11,17-17-17
36.76,71.34,50.85,Đất cát,Cây chuối,9,11,23,20-20
32.93,69.74,37.19,Đất cát,Cây bắp,23,0,15,28-28
25.77,51.57,49.07,Đất sét,Cây chuối,10,8,32,14-35-14
38.24,69.68,42.29,Đất cát,Khoai tây,11,4,26,DAP
31.38,57.81,50.23,Đất sét,Cây đậu phộng (Lạc),8,18,10,20-20
25.77,49.55,51.79,Đất mùn,Cây chuối,26,0,16,17-17-17
33.65,61.98,34.79,Đất đỏ bazan,Cây mía,40,2,0,Urea
34.32,60.9,35.02,Đất mùn,Cây đậu phộng (Lạc),19,0,16,Urea
33.91,65.24,30.22,Đất sét,Cây bông,37,0,0,20-20
25.14,56.51,36.84,Đất sét,Millets,17,0,34,17-17-17
24.5,55.97,58.19,Đất mùn,Cây mía,43,2,0,10-26-26
31.41,52.35,70.0,Đất đỏ bazan,Cây lúa,9,0,34,Urea
27.48,58.97,62.73,Đất sét,Các loại đậu,11,4,14,10-26-26
25.28,57.75,55.42,Đất đỏ bazan,Cây chè,6,0,40,Urea
24.39,60.54,37.95,Đất sét,Các loại đậu,37,0,0,20-20
34.62,67.2,34.63,Đất đỏ bazan,Cây chuối,4,12,28,17-17-17
30.58,58.47,28.12,Đất cát,Khoai tây,39,0,0,DAP
30.55,67.12,36.98,Đất cát,Cây lúa,15,0,37,10-26-26
30.53,61.98,28.75,Đất thịt tơi xốp,Cây mía,13,4,38,Urea
29.82,68.13,44.94,Đất thịt tơi xốp,Các loại đậu,10,1,38,DAP
22.28,49.48,37.92,Đất đỏ bazan,Cây đậu phộng (Lạc),16,2,15,20-20
30.81,42.46,46.84,Đất thịt tơi xốp,Millets,40,0,0,Urea
29.86,56.95,35.3,Đất thịt tơi xốp,Các loại hạt (hạt mè, hạt  cải),21,0,22,20-20
32.76,74.84,69.17,Đất đỏ bazan,Cây mía,11,5,29,28-28
35.3,68.25,43.64,Đất đỏ bazan,Cây bắp,21,0,18,Urea
36.47,70.93,66.79,Đất thịt tơi xốp,Cây đậu phộng (Lạc),15,0,43,10-26-26
31.73,56.97,32.88,Đất đỏ bazan,Cây lúa,16,4,44,17-17-17
25.9,51.18,36.61,Đất cát,Cây đậu phộng (Lạc),5,10,28,14-35-14
30.5,57.68,54.46,Đất cát,Cây đậu phộng (Lạc),15,4,38,DAP
27.2,71.23,31.58,Đất cát,Cây bông,23,0,15,20-20
26.68,69.77,60.71,Đất mùn,Cây chuối,14,11,18,DAP
27.88,53.3,39.79,Đất sét,Cây mía,15,0,32,28-28
36.39,77.53,52.2,Đất đỏ bazan,Cây mía,40,2,0,28-28
33.67,66.03,37.65,Đất sét,Cây đậu phộng (Lạc),2,17,16,10-26-26
29.68,51.55,20.35,Đất đỏ bazan,Cây đậu phộng (Lạc),16,0,38,10-26-26
31.25,69.46,61.24,Đất mùn,Cây chuối,4,9,34,Urea
33.27,51.22,37.76,Đất cát,Cây đậu phộng (Lạc),27,1,19,17-17-17
30.83,56.78,54.65,Đất đỏ bazan,Các loại hạt (hạt mè, hạt  cải),27,0,16,Urea
31.91,73.88,66.05,Đất đỏ bazan,Các loại đậu,9,0,34,10-26-26
24.02,45.82,22.13,Đất mùn,Cây lúa,8,0,14,28-28
26.56,65.45,48.14,Đất cát,Cây bắp,16,11,14,20-20
36.41,72.14,37.92,Đất sét,Cây chè,6,0,37,Urea
30.28,45.85,29.12,Đất thịt tơi xốp,Cây chè,3,12,17,DAP
29.18,66.16,70.0,Đất sét,Cây mía,9,12,33,10-26-26
29.83,58.93,43.95,Đất đỏ bazan,Cây chè,33,4,1,17-17-17
37.57,64.34,38.29,Đất thịt tơi xốp,Cây bắp,27,0,16,Urea
29.17,43.7,41.77,Đất mùn,Cây bông,13,7,9,DAP
30.95,54.47,55.47,Đất đỏ bazan,Cây bắp,12,6,32,10-26-26
33.49,63.22,25.31,Đất sét,Cây bắp,10,3,36,28-28
23.56,47.6,35.22,Đất đỏ bazan,Các loại đậu,4,12,20,14-35-14
28.59,64.2,42.62,Đất sét,Khoai tây,5,16,9,10-26-26
27.62,44.14,40.81,Đất mùn,Cây lúa,16,2,37,Urea
36.74,55.56,22.31,Đất đỏ bazan,Các loại hạt (hạt mè, hạt  cải),23,3,23,28-28
35.0,76.24,53.72,Đất sét,Khoai tây,41,1,0,28-28
32.31,67.68,43.35,Đất đỏ bazan,Cây chuối,8,13,16,14-35-14
25.5,51.34,61.51,Đất mùn,Cây bông,12,11,27,28-28
34.09,65.92,61.83,Đất mùn,Các loại hạt (hạt mè, hạt  cải),6,5,27,10-26-26
36.05,70.84,30.08,Đất thịt tơi xốp,Cây đậu phộng (Lạc),22,4,16,14-35-14
32.85,53.6,43.22,Đất mùn,Cây bông,16,0,40,DAP
32.14,52.59,32.09,Đất sét,Millets,20,0,21,DAP
31.27,66.2,43.52,Đất sét,Cây bông,20,4,17,14-35-14
34.61,67.18,64.16,Đất sét,Millets,9,6,29,17-17-17
27.7,60.18,26.58,Đất cát,Cây bông,34,2,0,DAP
27.65,50.22,42.85,Đất đỏ bazan,Cây đậu phộng (Lạc),15,3,38,14-35-14
29.61,53.81,38.02,Đất mùn,Cây chuối,8,17,20,17-17-17
29.03,45.0,32.9,Đất thịt tơi xốp,Khoai tây,46,0,0,20-20
21.4,45.95,67.15,Đất mùn,Cây bông,13,3,9,28-28
20.36,57.92,61.02,Đất sét,Các loại đậu,37,0,0,10-26-26
37.06,68.81,59.59,Đất cát,Cây chè,37,3,1,17-17-17
27.24,70.93,28.75,Đất sét,Cây bắp,42,0,0,28-28
37.44,67.23,52.54,Đất mùn,Cây chè,9,20,22,14-35-14
21.47,45.29,43.45,Đất đỏ bazan,Các loại đậu,10,21,14,DAP
31.92,63.7,57.16,Đất mùn,Khoai tây,7,12,31,14-35-14
35.48,60.05,46.78,Đất thịt tơi xốp,Cây mía,5,11,13,17-17-17
25.04,63.36,32.13,Đất đỏ bazan,Cây lúa,42,1,0,10-26-26
25.47,56.12,37.4,Đất cát,Các loại hạt (hạt mè, hạt  cải),0,14,13,DAP
32.89,70.11,70.0,Đất đỏ bazan,Khoai tây,17,3,42,DAP
39.22,70.14,42.1,Đất cát,Các loại đậu,6,6,27,DAP
34.39,54.77,35.05,Đất sét,Cây mía,17,0,35,Urea
26.35,68.18,46.83,Đất cát,Millets,21,0,20,Urea
27.59,49.54,37.53,Đất sét,Các loại đậu,7,0,17,10-26-26
24.8,49.86,36.62,Đất mùn,Các loại đậu,18,3,40,Urea
24.66,48.76,43.36,Đất thịt tơi xốp,Millets,5,6,21,DAP
33.86,52.1,38.67,Đất sét,Cây chuối,14,0,5,20-20
34.8,59.89,59.4,Đất cát,Cây đậu phộng (Lạc),28,4,22,10-26-26
37.71,69.38,61.7,Đất mùn,Cây đậu phộng (Lạc),11,4,9,Urea
38.41,68.47,56.4,Đất cát,Cây bắp,6,12,23,DAP
22.63,51.01,51.05,Đất mùn,Cây bắp,25,0,21,DAP
35.35,62.94,64.74,Đất thịt tơi xốp,Cây chè,9,11,25,14-35-14
27.96,48.06,57.42,Đất sét,Các loại hạt (hạt mè, hạt  cải),42,0,2,14-35-14
33.46,61.04,40.8,Đất đỏ bazan,Cây bông,8,3,36,10-26-26
29.66,40.36,36.17,Đất mùn,Các loại hạt (hạt mè, hạt  cải),8,23,12,14-35-14
21.67,49.56,59.18,Đất cát,Các loại hạt (hạt mè, hạt  cải),8,17,12,Urea
31.17,52.5,39.69,Đất sét,Cây chè,21,0,17,14-35-14
27.94,55.87,36.48,Đất cát,Các loại hạt (hạt mè, hạt  cải),24,3,18,14-35-14
27.06,57.03,60.52,Đất mùn,Cây bắp,11,11,29,17-17-17
23.58,57.41,25.05,Đất đỏ bazan,Cây lúa,34,0,0,14-35-14
24.04,55.63,32.97,Đất đỏ bazan,Các loại đậu,4,23,18,Urea
34.57,73.25,39.07,Đất mùn,Cây bông,40,2,1,DAP
23.34,53.4,38.18,Đất cát,Cây lúa,3,23,12,20-20
32.49,58.66,46.52,Đất mùn,Cây chè,23,0,16,28-28
28.35,60.55,52.54,Đất sét,Cây đậu phộng (Lạc),26,0,18,DAP
26.77,47.3,36.53,Đất đỏ bazan,Cây đậu phộng (Lạc),23,0,17,Urea
23.9,58.01,40.51,Đất thịt tơi xốp,Cây đậu phộng (Lạc),25,2,25,20-20
25.47,58.41,26.01,Đất sét,Cây bắp,42,0,1,14-35-14
32.92,67.62,69.72,Đất thịt tơi xốp,Các loại đậu,6,6,31,28-28
30.36,44.69,42.18,Đất đỏ bazan,Cây lúa,43,0,0,14-35-14
29.82,55.72,58.33,Đất mùn,Cây đậu phộng (Lạc),26,1,23,28-28
28.84,63.97,65.22,Đất thịt tơi xốp,Millets,8,11,27,17-17-17
38.35,68.02,65.33,Đất đỏ bazan,Cây mía,18,3,41,DAP
31.65,48.98,39.39,Đất đỏ bazan,Cây chuối,17,0,36,DAP
31.54,65.06,37.86,Đất mùn,Cây chuối,7,1,11,17-17-17
31.58,72.23,37.14,Đất mùn,Khoai tây,12,0,32,14-35-14
21.05,55.2,44.12,Đất sét,Khoai tây,21,0,23,10-26-26
34.34,59.47,35.55,Đất mùn,Cây bắp,25,2,18,Urea
30.3,50.47,46.43,Đất đỏ bazan,Cây bông,21,0,21,DAP
25.59,65.45,43.71,Đất sét,Cây mía,12,2,11,17-17-17
31.2,50.23,55.54,Đất mùn,Các loại đậu,6,0,19,10-26-26
31.66,64.62,44.32,Đất mùn,Cây mía,17,4,26,Urea
38.18,64.4,34.15,Đất thịt tơi xốp,Các loại hạt (hạt mè, hạt  cải),10,6,28,14-35-14
30.89,62.85,24.23,Đất đỏ bazan,Cây đậu phộng (Lạc),15,3,33,10-26-26
34.27,52.4,31.73,Đất mùn,Cây bông,40,0,0,14-35-14
31.36,66.19,53.63,Đất sét,Cây bông,15,0,42,14-35-14
29.42,54.67,40.55,Đất cát,Khoai tây,33,0,0,10-26-26
33.83,65.32,43.13,Đất cát,Cây chè,9,13,23,20-20
30.44,56.5,51.85,Đất cát,Cây chuối,8,0,11,17-17-17
25.52,48.23,58.6,Đất đỏ bazan,Khoai tây,10,0,30,DAP
32.59,59.67,42.91,Đất đỏ bazan,Cây lúa,12,0,39,Urea
29.65,66.39,49.42,Đất đỏ bazan,Millets,14,8,27,28-28
27.13,62.1,64.44,Đất sét,Millets,5,7,37,DAP
31.41,62.69,41.19,Đất cát,Millets,5,17,25,DAP
24.14,60.35,47.55,Đất cát,Các loại hạt (hạt mè, hạt  cải),23,4,23,20-20
30.95,52.62,32.97,Đất cát,Cây chè,16,0,37,28-28
37.46,68.41,36.8,Đất mùn,Millets,15,0,8,Urea
24.96,46.72,36.73,Đất đỏ bazan,Cây mía,25,0,23,DAP
33.51,59.04,44.65,Đất cát,Cây đậu phộng (Lạc),12,18,16,DAP
35.86,71.33,44.81,Đất cát,Millets,42,1,2,10-26-26
24.48,55.7,30.78,Đất thịt tơi xốp,Cây lúa,15,3,41,28-28
30.3,42.11,29.89,Đất sét,Cây chè,9,0,45,17-17-17
27.62,56.34,26.36,Đất đỏ bazan,Cây chè,11,5,33,28-28
33.46,62.44,56.11,Đất cát,Cây mía,22,0,21,Urea
31.4,56.45,36.96,Đất cát,Cây chè,19,0,38,14-35-14
26.03,60.45,46.4,Đất thịt tơi xốp,Cây đậu phộng (Lạc),15,1,39,Urea
27.4,56.16,45.88,Đất cát,Cây đậu phộng (Lạc),5,14,18,17-17-17
27.9,47.35,51.36,Đất cát,Millets,26,0,23,17-17-17
32.4,77.68,42.34,Đất cát,Các loại đậu,9,0,34,14-35-14
31.2,70.18,40.98,Đất mùn,Cây chè,10,14,13,10-26-26
29.97,47.72,39.53,Đất thịt tơi xốp,Cây lúa,5,21,12,14-35-14
22.15,60.48,34.02,Đất mùn,Cây mía,33,0,0,28-28
28.83,48.57,66.71,Đất cát,Cây chè,40,4,0,28-28
22.8,50.81,39.07,Đất cát,Khoai tây,24,0,19,DAP
37.29,65.56,39.68,Đất thịt tơi xốp,Millets,22,3,25,20-20
33.44,64.06,51.91,Đất mùn,Các loại đậu,19,0,22,17-17-17
35.89,64.76,36.97,Đất mùn,Khoai tây,17,1,13,28-28
32.94,60.91,47.5,Đất thịt tơi xốp,Cây chuối,6,0,8,28-28
29.25,61.06,48.99,Đất thịt tơi xốp,Các loại đậu,20,0,18,Urea
34.9,67.59,66.01,Đất sét,Khoai tây,28,0,24,DAP
28.59,68.53,38.94,Đất sét,Cây bắp,10,4,38,DAP
33.19,72.33,65.98,Đất đỏ bazan,Cây bắp,36,4,0,DAP
27.56,51.96,40.99,Đất cát,Cây bắp,12,11,18,17-17-17
31.46,59.57,51.47,Đất mùn,Cây chuối,15,0,6,DAP
37.35,58.34,47.42,Đất sét,Cây mía,36,0,0,Urea
35.62,64.0,37.51,Đất thịt tơi xốp,Cây bông,22,0,17,DAP
33.96,65.91,53.47,Đất thịt tơi xốp,Cây mía,6,15,16,10-26-26
31.91,49.74,29.66,Đất cát,Millets,32,0,0,28-28
27.18,66.92,38.33,Đất đỏ bazan,Cây lúa,15,15,14,DAP
34.37,65.19,43.32,Đất mùn,Các loại đậu,10,6,28,14-35-14
26.49,47.78,41.66,Đất thịt tơi xốp,Cây lúa,34,0,4,17-17-17
26.7,45.04,35.26,Đất mùn,Các loại hạt (hạt mè, hạt  cải),16,0,40,20-20
27.06,54.68,45.88,Đất sét,Khoai tây,38,0,0,10-26-26
30.97,45.08,52.45,Đất thịt tơi xốp,Cây chè,8,4,39,28-28
25.62,51.09,40.66,Đất sét,Các loại đậu,25,0,20,20-20
33.27,61.23,22.66,Đất đỏ bazan,Millets,12,7,28,10-26-26
35.63,68.45,20.0,Đất thịt tơi xốp,Cây chuối,3,11,26,DAP
27.52,42.81,39.1,Đất mùn,Cây lúa,25,0,20,10-26-26
32.0,58.03,31.37,Đất đỏ bazan,Millets,3,0,15,17-17-17
31.78,76.46,33.24,Đất mùn,Khoai tây,10,3,33,17-17-17
30.72,58.16,47.3,Đất đỏ bazan,Cây chuối,21,0,19,Urea
40.0,71.51,47.58,Đất sét,Cây bông,10,11,29,10-26-26
29.65,59.65,26.35,Đất đỏ bazan,Cây đậu phộng (Lạc),7,16,19,20-20
32.36,54.03,43.93,Đất đỏ bazan,Cây bắp,36,0,0,17-17-17
39.17,74.97,29.8,Đất cát,Các loại đậu,15,0,41,20-20
40.0,71.02,52.73,Đất sét,Cây chuối,10,0,44,DAP
23.57,44.14,37.94,Đất mùn,Cây chè,10,18,16,10-26-26
29.19,65.8,33.2,Đất đỏ bazan,Cây đậu phộng (Lạc),38,1,0,17-17-17
31.77,59.25,32.16,Đất cát,Khoai tây,8,7,29,20-20
30.66,53.38,41.56,Đất cát,Cây lúa,9,17,16,10-26-26
31.84,69.56,69.24,Đất sét,Cây bắp,12,10,16,14-35-14
26.63,64.94,56.15,Đất mùn,Millets,14,10,19,28-28
38.51,73.59,59.59,Đất sét,Cây mía,16,14,23,17-17-17
28.28,64.37,33.6,Đất thịt tơi xốp,Cây chuối,28,0,22,20-20
36.61,58.99,45.91,Đất đỏ bazan,Cây lúa,16,0,12,DAP
33.82,55.15,55.67,Đất đỏ bazan,Khoai tây,42,4,0,10-26-26
30.56,59.57,43.35,Đất cát,Các loại đậu,35,0,4,Urea
24.1,52.08,65.93,Đất cát,Cây đậu phộng (Lạc),6,0,34,28-28
40.0,67.4,55.78,Đất thịt tơi xốp,Các loại hạt (hạt mè, hạt  cải),17,2,40,Urea
39.52,75.51,62.39,Đất cát,Cây mía,13,0,43,14-35-14
31.73,67.18,35.49,Đất đỏ bazan,Cây bắp,39,0,0,10-26-26
25.98,52.5,64.54,Đất cát,Cây mía,15,1,6,17-17-17
37.99,67.95,39.62,Đất cát,Cây bông,7,1,37,DAP
28.67,53.83,22.9,Đất cát,Cây chè,15,0,39,10-26-26
29.55,69.71,40.07,Đất đỏ bazan,Millets,21,0,24,28-28
25.34,51.79,24.7,Đất sét,Cây bông,17,1,43,10-26-26
26.96,58.09,33.74,Đất mùn,Millets,12,13,24,17-17-17
21.15,48.8,36.88,Đất mùn,Các loại đậu,11,4,10,10-26-26
23.28,54.92,45.0,Đất thịt tơi xốp,Cây đậu phộng (Lạc),19,0,25,Urea
33.26,75.36,44.89,Đất cát,Millets,38,0,1,17-17-17
33.52,67.5,38.1,Đất sét,Khoai tây,25,1,20,17-17-17
30.26,47.16,68.58,Đất đỏ bazan,Cây đậu phộng (Lạc),36,2,3,DAP
27.11,61.0,27.46,Đất mùn,Cây lúa,35,0,0,28-28
32.41,62.72,56.06,Đất sét,Cây chè,13,0,34,10-26-26
29.79,67.81,50.66,Đất đỏ bazan,Cây chuối,5,5,29,10-26-26
31.83,68.3,27.79,Đất đỏ bazan,Cây bông,7,2,27,28-28
32.22,66.16,25.02,Đất đỏ bazan,Cây mía,13,1,36,17-17-17
37.04,63.37,38.19,Đất thịt tơi xốp,Cây lúa,13,0,36,10-26-26
30.63,43.11,23.48,Đất sét,Các loại hạt (hạt mè, hạt  cải),17,2,37,Urea
36.12,64.07,33.97,Đất sét,Cây bắp,6,5,25,17-17-17
27.17,58.43,70.0,Đất sét,Cây bông,5,5,26,14-35-14
30.35,45.09,59.54,Đất sét,Cây lúa,8,0,10,17-17-17
23.51,56.63,32.65,Đất cát,Millets,25,0,14,10-26-26
30.62,61.26,38.62,Đất sét,Các loại hạt (hạt mè, hạt  cải),36,2,0,DAP
26.75,50.01,47.53,Đất mùn,Cây mía,13,12,13,Urea
26.78,67.64,30.81,Đất cát,Khoai tây,11,14,20,28-28
25.44,56.27,32.82,Đất sét,Cây chè,40,0,0,Urea
32.04,52.11,40.67,Đất mùn,Cây chè,41,0,3,20-20
29.51,68.51,21.92,Đất cát,Cây chuối,24,0,25,28-28
32.56,66.45,25.05,Đất cát,Cây bông,43,0,0,Urea
28.13,52.62,45.16,Đất đỏ bazan,Cây chuối,3,10,28,Urea
27.42,63.5,45.7,Đất mùn,Cây đậu phộng (Lạc),23,0,25,Urea
33.83,56.14,43.31,Đất đỏ bazan,Cây lúa,24,0,23,17-17-17
24.06,65.98,28.05,Đất thịt tơi xốp,Khoai tây,12,19,15,20-20
21.23,44.7,27.36,Đất cát,Millets,4,13,15,Urea
33.91,72.18,53.83,Đất cát,Cây đậu phộng (Lạc),15,15,12,DAP
30.92,42.88,26.76,Đất cát,Cây đậu phộng (Lạc),18,3,11,28-28
20.61,49.35,20.0,Đất mùn,Các loại hạt (hạt mè, hạt  cải),12,14,12,14-35-14
32.59,62.11,51.5,Đất thịt tơi xốp,Cây chuối,5,1,39,17-17-17
31.93,46.41,31.12,Đất cát,Các loại hạt (hạt mè, hạt  cải),40,0,0,17-17-17
24.01,56.49,43.18,Đất đỏ bazan,Cây lúa,46,0,4,20-20
27.22,51.42,53.92,Đất đỏ bazan,Cây mía,11,2,37,DAP
27.82,65.01,36.96,Đất thịt tơi xốp,Các loại hạt (hạt mè, hạt  cải),8,13,11,DAP
21.1,51.91,32.91,Đất cát,Cây bông,18,0,13,28-28
34.9,69.62,40.23,Đất thịt tơi xốp,Cây chuối,21,4,20,DAP
23.62,48.41,28.57,Đất cát,Cây đậu phộng (Lạc),21,3,16,10-26-26
25.1,57.55,23.93,Đất đỏ bazan,Cây lúa,8,0,41,DAP
21.92,52.16,29.78,Đất đỏ bazan,Cây chuối,2,15,17,10-26-26
30.33,51.57,25.0,Đất cát,Cây lúa,17,20,17,DAP
35.11,58.44,37.33,Đất mùn,Khoai tây,23,0,21,10-26-26
27.45,53.07,54.24,Đất cát,Cây đậu phộng (Lạc),7,1,39,28-28
25.37,61.39,48.09,Đất đỏ bazan,Các loại đậu,20,0,21,14-35-14
34.06,66.03,26.03,Đất mùn,Cây bắp,24,0,24,DAP
32.01,71.7,23.49,Đất thịt tơi xốp,Khoai tây,10,0,35,Urea
26.22,62.62,25.5,Đất sét,Cây bắp,38,0,1,Urea
36.29,62.57,47.91,Đất cát,Cây lúa,42,0,0,20-20
26.2,59.39,38.04,Đất cát,Khoai tây,11,0,33,14-35-14
31.61,61.28,70.0,Đất thịt tơi xốp,Cây chè,9,13,32,14-35-14
32.03,63.05,34.64,Đất đỏ bazan,Các loại đậu,9,4,44,20-20
31.87,49.23,49.23,Đất cát,Cây chuối,28,0,19,20-20
21.47,50.02,34.05,Đất đỏ bazan,Millets,17,0,38,20-20
29.93,59.13,61.65,Đất mùn,Cây bắp,11,17,14,DAP
29.68,46.23,66.65,Đất mùn,Cây lúa,37,0,0,Urea
23.28,44.92,31.48,Đất sét,Các loại đậu,26,0,20,Urea
29.99,48.04,23.13,Đất đỏ bazan,Cây đậu phộng (Lạc),11,2,37,28-28
29.02,55.34,29.32,Đất đỏ bazan,Cây chuối,17,21,18,20-20
30.04,70.55,48.8,Đất mùn,Các loại hạt (hạt mè, hạt  cải),3,19,21,17-17-17
30.52,49.1,40.54,Đất mùn,Millets,7,2,10,DAP
26.81,50.5,47.46,Đất mùn,Các loại đậu,22,3,16,10-26-26
38.0,66.68,29.78,Đất cát,Cây bông,10,0,41,Urea
23.65,42.79,40.9,Đất sét,Các loại hạt (hạt mè, hạt  cải),35,4,2,14-35-14
29.34,65.43,70.0,Đất cát,Khoai tây,10,15,13,Urea
32.64,56.9,51.27,Đất cát,Cây bắp,13,8,28,10-26-26
29.21,55.25,39.75,Đất thịt tơi xốp,Khoai tây,10,3,8,17-17-17
28.94,64.26,68.96,Đất thịt tơi xốp,Millets,14,0,36,20-20
23.94,56.65,31.99,Đất mùn,Cây đậu phộng (Lạc),11,3,10,28-28
27.89,57.64,45.92,Đất đỏ bazan,Cây lúa,40,0,2,10-26-26
25.69,57.09,46.14,Đất mùn,Cây chè,13,2,36,28-28
36.12,65.18,32.53,Đất cát,Cây chuối,19,1,20,17-17-17
34.55,59.02,70.0,Đất sét,Millets,5,12,34,Urea
31.24,69.27,26.9,Đất cát,Cây chuối,18,0,37,14-35-14
31.43,54.36,22.99,Đất mùn,Cây mía,8,0,43,DAP
33.99,62.76,44.95,Đất cát,Khoai tây,26,4,21,DAP
27.42,45.99,47.82,Đất thịt tơi xốp,Cây đậu phộng (Lạc),40,4,3,DAP
34.06,63.07,24.49,Đất sét,Cây chuối,25,0,20,Urea
30.21,54.2,37.46,Đất thịt tơi xốp,Cây chè,40,4,0,20-20
32.51,61.04,31.07,Đất đỏ bazan,Cây mía,9,0,38,Urea
24.54,53.73,20.6,Đất sét,Các loại đậu,18,16,12,10-26-26
27.59,60.38,29.02,Đất sét,Cây bắp,35,4,4,17-17-17
36.55,67.98,40.42,Đất sét,Cây bông,3,23,23,DAP
26.27,52.98,39.19,Đất thịt tơi xốp,Các loại đậu,10,12,13,DAP
32.71,79.55,37.63,Đất đỏ bazan,Cây lúa,11,0,39,10-26-26
29.6,54.82,64.66,Đất đỏ bazan,Cây bắp,36,0,0,20-20
27.94,56.62,29.68,Đất mùn,Cây chuối,39,0,0,10-26-26
34.57,78.28,41.55,Đất đỏ bazan,Cây chuối,9,4,35,17-17-17
28.63,55.59,41.33,Đất đỏ bazan,Các loại đậu,9,0,42,10-26-26
26.97,58.0,52.93,Đất thịt tơi xốp,Các loại hạt (hạt mè, hạt  cải),19,0,26,Urea
26.3,61.31,49.46,Đất mùn,Cây chè,12,0,7,10-26-26
31.75,60.66,70.0,Đất đỏ bazan,Cây đậu phộng (Lạc),3,7,33,14-35-14
34.36,60.34,38.08,Đất sét,Cây chuối,17,3,22,20-20
25.33,50.43,55.18,Đất cát,Cây bắp,6,22,11,14-35-14
36.33,57.1,27.1,Đất cát,Cây lúa,24,0,23,20-20
28.09,63.65,22.19,Đất cát,Millets,10,1,38,28-28
27.18,50.81,27.65,Đất cát,Khoai tây,9,4,40,14-35-14
30.18,72.18,46.54,Đất mùn,Các loại đậu,39,0,0,14-35-14
26.11,59.94,70.0,Đất mùn,Các loại hạt (hạt mè, hạt  cải),41,0,0,DAP
26.73,53.73,35.6,Đất cát,Millets,19,0,24,28-28
22.88,50.27,31.25,Đất cát,Cây bắp,8,22,11,14-35-14
31.09,64.92,39.02,Đất đỏ bazan,Cây chuối,11,0,37,17-17-17
25.78,62.23,52.74,Đất sét,Cây chè,3,6,33,Urea
27.26,44.35,28.6,Đất thịt tơi xốp,Cây lúa,31,2,0,14-35-14
28.54,58.89,24.6,Đất sét,Cây chuối,16,0,41,20-20
32.33,61.55,52.38,Đất cát,Các loại hạt (hạt mè, hạt  cải),12,0,10,10-26-26
27.26,47.32,67.89,Đất cát,Cây bắp,10,0,13,17-17-17
25.84,53.73,49.86,Đất mùn,Millets,8,5,28,28-28
31.67,70.69,60.18,Đất đỏ bazan,Khoai tây,6,10,25,10-26-26
33.9,63.27,38.72,Đất đỏ bazan,Cây lúa,16,1,28,14-35-14
35.64,69.14,49.98,Đất thịt tơi xốp,Cây bông,1,4,32,28-28
29.95,49.83,44.85,Đất đỏ bazan,Cây đậu phộng (Lạc),16,0,38,Urea
27.49,67.39,29.17,Đất mùn,Cây bắp,7,4,10,28-28
38.65,65.81,70.0,Đất đỏ bazan,Cây chè,18,1,42,17-17-17
27.8,59.46,52.44,Đất đỏ bazan,Cây chè,10,8,35,20-20
28.11,66.77,34.26,Đất đỏ bazan,Cây chuối,3,18,21,DAP
27.83,50.6,54.62,Đất sét,Cây bông,9,2,36,Urea
33.42,55.21,54.88,Đất sét,Các loại hạt (hạt mè, hạt  cải),7,12,15,20-20
31.61,60.35,55.88,Đất đỏ bazan,Cây bông,2,14,10,Urea
33.09,48.02,24.74,Đất sét,Cây chuối,6,2,31,DAP
37.89,65.59,59.98,Đất thịt tơi xốp,Cây bắp,4,11,29,Urea
36.36,71.72,62.3,Đất đỏ bazan,Millets,7,18,15,DAP
33.84,54.6,41.99,Đất đỏ bazan,Cây mía,19,0,16,DAP
32.31,67.96,62.73,Đất sét,Cây đậu phộng (Lạc),16,0,33,10-26-26
29.04,61.46,26.78,Đất cát,Cây chè,22,3,20,17-17-17
27.86,50.22,35.4,Đất đỏ bazan,Các loại đậu,32,0,0,20-20
28.55,50.4,41.51,Đất cát,Millets,23,0,28,28-28
24.0,59.32,44.9,Đất đỏ bazan,Cây chuối,35,2,2,20-20
31.22,58.05,35.74,Đất thịt tơi xốp,Khoai tây,1,15,18,10-26-26
26.2,52.3,56.27,Đất sét,Cây lúa,10,3,36,14-35-14
30.75,53.95,62.15,Đất mùn,Cây chuối,16,4,6,10-26-26
29.58,59.37,36.3,Đất mùn,Cây đậu phộng (Lạc),33,3,0,10-26-26
29.54,48.75,47.25,Đất cát,Cây bông,10,9,12,DAP
28.73,62.78,46.34,Đất đỏ bazan,Millets,40,0,2,14-35-14
25.55,50.51,49.12,Đất sét,Cây mía,25,0,23,DAP
38.74,67.83,43.16,Đất mùn,Khoai tây,41,4,4,DAP
30.04,56.4,48.79,Đất cát,Cây bắp,35,0,0,10-26-26
40.0,53.17,33.02,Đất đỏ bazan,Cây chè,15,0,39,DAP
31.09,65.51,44.74,Đất thịt tơi xốp,Cây bông,10,1,11,17-17-17
21.85,49.88,44.21,Đất sét,Cây đậu phộng (Lạc),20,4,20,10-26-26
31.7,58.19,66.88,Đất mùn,Cây chuối,36,0,3,28-28
37.86,59.26,33.3,Đất đỏ bazan,Các loại hạt (hạt mè, hạt  cải),17,0,14,20-20
34.98,65.83,33.5,Đất đỏ bazan,Cây bắp,42,1,0,17-17-17
25.77,68.16,56.63,Đất thịt tơi xốp,Khoai tây,4,14,26,28-28
29.66,71.24,50.78,Đất sét,Cây lúa,35,0,2,DAP
25.23,44.95,23.32,Đất cát,Cây bắp,12,0,15,28-28
30.17,55.55,28.99,Đất cát,Cây chè,10,0,41,10-26-26
24.2,46.04,70.0,Đất sét,Millets,36,4,0,DAP
25.81,68.03,49.44,Đất mùn,Các loại hạt (hạt mè, hạt  cải),8,3,35,28-28
31.69,53.43,54.42,Đất đỏ bazan,Cây bắp,10,0,11,17-17-17
29.48,42.68,55.33,Đất sét,Cây chè,15,16,19,28-28
30.0,47.92,45.35,Đất sét,Cây lúa,23,0,19,14-35-14
26.2,68.6,43.15,Đất mùn,Cây chuối,7,4,18,28-28
23.88,48.37,32.8,Đất thịt tơi xốp,Các loại hạt (hạt mè, hạt  cải),45,4,0,14-35-14
35.18,74.73,62.57,Đất đỏ bazan,Cây chè,24,0,19,20-20
37.6,72.26,46.43,Đất đỏ bazan,Cây lúa,8,9,28,DAP
34.81,63.81,20.0,Đất sét,Cây mía,13,3,40,28-28
33.48,65.81,38.6,Đất thịt tơi xốp,Cây bắp,4,7,27,20-20
39.16,72.53,36.73,Đất mùn,Cây bắp,11,6,30,17-17-17
28.12,58.63,70.0,Đất sét,Cây bắp,37,0,0,Urea
30.09,68.74,68.71,Đất đỏ bazan,Cây lúa,30,4,0,DAP
26.29,59.73,44.01,Đất thịt tơi xốp,Cây bắp,10,13,20,DAP
39.26,53.38,45.18,Đất thịt tơi xốp,Millets,12,0,39,20-20
31.18,55.65,63.49,Đất mùn,Cây chè,14,3,32,Urea
21.89,59.24,50.57,Đất sét,Các loại đậu,9,0,6,20-20
28.85,58.66,43.76,Đất mùn,Cây đậu phộng (Lạc),18,0,14,28-28
40.0,75.29,59.96,Đất cát,Cây bắp,38,4,4,10-26-26
28.05,62.05,36.35,Đất đỏ bazan,Cây lúa,9,0,11,DAP
28.86,54.81,57.96,Đất mùn,Millets,18,0,39,17-17-17
26.24,44.87,25.31,Đất mùn,Millets,45,0,0,DAP
32.89,67.49,45.6,Đất đỏ bazan,Các loại đậu,4,14,23,10-26-26
28.62,54.16,37.37,Đất đỏ bazan,Cây mía,19,0,19,17-17-17
32.79,70.93,38.13,Đất thịt tơi xốp,Cây đậu phộng (Lạc),21,3,28,DAP
27.54,62.3,34.0,Đất thịt tơi xốp,Cây mía,27,1,25,10-26-26
29.07,56.03,37.1,Đất đỏ bazan,Cây chè,9,4,33,17-17-17
24.13,62.11,20.0,Đất mùn,Cây mía,17,0,43,DAP
31.69,58.0,68.66,Đất đỏ bazan,Cây mía,11,13,34,17-17-17
25.37,57.8,41.73,Đất thịt tơi xốp,Millets,5,16,23,Urea
30.14,53.06,60.78,Đất thịt tơi xốp,Millets,12,11,15,10-26-26
22.96,62.5,41.58,Đất mùn,Cây bông,20,3,27,20-20
25.73,62.59,36.32,Đất cát,Cây mía,31,0,0,Urea
35.33,67.8,53.53,Đất cát,Các loại đậu,10,0,13,10-26-26
25.55,48.32,39.01,Đất mùn,Cây mía,9,8,19,10-26-26
28.35,41.51,29.49,Đất đỏ bazan,Cây đậu phộng (Lạc),16,0,17,DAP
33.68,67.87,35.69,Đất sét,Cây lúa,10,0,31,Urea
34.91,63.17,38.77,Đất thịt tơi xốp,Cây mía,12,0,9,14-35-14
35.76,60.56,36.72,Đất thịt tơi xốp,Khoai tây,15,0,15,14-35-14
27.37,49.31,43.7,Đất thịt tơi xốp,Cây lúa,5,14,19,14-35-14
32.44,75.96,56.23,Đất cát,Cây chè,19,3,35,10-26-26
33.5,63.58,29.96,Đất sét,Cây lúa,37,0,0,20-20
27.7,66.58,42.63,Đất sét,Cây bông,22,0,29,17-17-17
35.74,61.66,43.17,Đất mùn,Các loại đậu,41,0,0,DAP
26.0,57.75,41.81,Đất mùn,Cây bông,10,2,4,10-26-26
31.06,61.86,25.72,Đất cát,Các loại đậu,6,16,18,17-17-17
27.58,56.9,56.18,Đất sét,Cây bông,7,10,33,28-28
31.17,48.39,33.21,Đất cát,Cây đậu phộng (Lạc),40,1,0,14-35-14
35.06,67.4,28.28,Đất mùn,Khoai tây,16,0,39,DAP
35.37,71.39,35.62,Đất sét,Cây lúa,12,11,30,20-20
29.85,60.51,70.0,Đất thịt tơi xốp,Cây chuối,7,11,31,DAP
30.02,66.59,44.84,Đất mùn,Cây bắp,39,0,0,14-35-14
35.68,61.52,55.89,Đất sét,Các loại đậu,7,10,10,17-17-17
31.8,46.25,33.35,Đất đỏ bazan,Millets,36,0,2,20-20
21.98,50.4,45.37,Đất mùn,Khoai tây,21,0,19,10-26-26
30.31,54.48,25.49,Đất mùn,Cây đậu phộng (Lạc),11,14,11,28-28
29.56,45.48,37.32,Đất cát,Khoai tây,43,0,0,DAP
25.76,66.16,25.05,Đất thịt tơi xốp,Cây lúa,17,4,32,20-20
27.63,54.5,38.48,Đất mùn,Cây bông,19,1,21,17-17-17
28.79,68.18,47.81,Đất cát,Các loại hạt (hạt mè, hạt  cải),23,2,23,28-28
24.62,60.53,49.03,Đất sét,Cây chuối,12,14,17,20-20
31.92,57.5,20.26,Đất thịt tơi xốp,Các loại đậu,13,0,41,10-26-26
26.11,62.81,52.46,Đất thịt tơi xốp,Cây bắp,11,11,33,20-20
31.74,56.28,31.1,Đất đỏ bazan,Cây mía,37,0,0,14-35-14
26.51,50.69,57.11,Đất cát,Cây mía,8,0,36,DAP
27.64,45.49,55.3,Đất cát,Khoai tây,8,3,10,Urea
23.87,47.11,30.61,Đất đỏ bazan,Cây đậu phộng (Lạc),10,20,15,17-17-17
23.66,40.83,70.0,Đất sét,Millets,7,0,14,17-17-17
33.76,58.07,50.17,Đất cát,Cây lúa,19,0,25,10-26-26
31.68,68.95,50.54,Đất đỏ bazan,Cây bắp,5,4,31,14-35-14
31.1,63.92,36.28,Đất sét,Cây mía,6,9,22,Urea
24.74,47.58,54.2,Đất thịt tơi xốp,Millets,18,4,21,14-35-14
35.22,60.12,46.49,Đất cát,Cây đậu phộng (Lạc),19,0,43,28-28
32.58,67.24,56.32,Đất mùn,Cây chè,9,0,37,28-28
29.9,41.0,54.27,Đất đỏ bazan,Các loại hạt (hạt mè, hạt  cải),7,17,16,14-35-14
29.13,55.23,53.06,Đất thịt tơi xốp,Các loại hạt (hạt mè, hạt  cải),24,3,23,28-28
35.93,65.09,36.26,Đất đỏ bazan,Cây mía,13,2,36,14-35-14
29.69,56.63,36.01,Đất cát,Cây mía,43,0,0,28-28
40.0,79.57,38.94,Đất thịt tơi xốp,Các loại hạt (hạt mè, hạt  cải),8,11,26,20-20
30.73,63.13,53.36,Đất sét,Cây mía,14,13,14,14-35-14
34.58,63.02,35.88,Đất sét,Cây chuối,11,4,35,17-17-17
32.91,71.31,38.32,Đất thịt tơi xốp,Cây đậu phộng (Lạc),33,0,0,14-35-14
29.62,60.67,58.93,Đất sét,Cây bông,13,4,14,20-20
25.82,56.17,23.88,Đất đỏ bazan,Khoai tây,17,0,39,10-26-26
30.18,45.76,24.6,Đất mùn,Cây chè,18,4,40,DAP
34.51,64.96,68.56,Đất mùn,Cây bông,36,0,0,17-17-17
31.86,75.29,53.2,Đất đỏ bazan,Cây chè,15,0,37,20-20
30.59,60.6,24.53,Đất thịt tơi xốp,Cây bắp,23,0,25,Urea
32.69,60.02,43.69,Đất sét,Các loại đậu,7,0,12,DAP
24.0,56.92,43.36,Đất mùn,Các loại đậu,9,6,14,28-28
27.83,58.41,68.93,Đất đỏ bazan,Cây chè,10,4,27,10-26-26
27.23,66.1,32.32,Đất thịt tơi xốp,Millets,21,2,24,Urea
25.95,57.37,31.82,Đất sét,Cây bắp,37,0,0,14-35-14
27.34,49.39,47.11,Đất đỏ bazan,Cây bông,11,5,26,Urea
32.7,69.18,36.19,Đất thịt tơi xốp,Cây mía,26,0,21,28-28
29.53,46.72,43.55,Đất mùn,Các loại đậu,22,0,23,Urea
28.9,48.22,39.67,Đất sét,Cây đậu phộng (Lạc),22,0,24,17-17-17
35.66,61.27,31.86,Đất mùn,Cây đậu phộng (Lạc),40,0,1,10-26-26
33.06,62.0,55.12,Đất mùn,Khoai tây,10,3,42,20-20
31.14,77.02,43.96,Đất mùn,Cây chuối,7,19,19,17-17-17
20.91,53.57,35.19,Đất thịt tơi xốp,Các loại hạt (hạt mè, hạt  cải),16,12,15,DAP
34.57,63.31,53.18,Đất đỏ bazan,Millets,8,22,23,17-17-17
27.6,48.28,62.38,Đất mùn,Khoai tây,16,4,14,10-26-26
24.17,52.54,33.16,Đất sét,Cây chuối,7,12,29,10-26-26
28.28,46.26,50.83,Đất thịt tơi xốp,Cây lúa,14,0,12,Urea
24.12,45.11,46.29,Đất đỏ bazan,Cây đậu phộng (Lạc),38,0,0,20-20
36.9,71.22,41.65,Đất mùn,Cây lúa,16,0,13,Urea
29.28,63.52,20.0,Đất cát,Cây chuối,13,0,40,20-20
24.87,54.64,70.0,Đất sét,Cây chuối,9,0,31,DAP
31.79,50.54,69.15,Đất cát,Cây lúa,6,10,26,Urea
24.1,56.35,69.1,Đất đỏ bazan,Cây chuối,34,0,0,28-28
34.29,70.43,40.37,Đất cát,Millets,26,0,24,14-35-14
39.21,64.25,56.31,Đất mùn,Cây bông,16,3,41,20-20
26.52,57.57,36.45,Đất sét,Cây chè,45,3,0,14-35-14
34.53,60.32,35.86,Đất đỏ bazan,Cây chuối,9,0,45,28-28
29.51,53.95,38.65,Đất mùn,Cây bắp,20,4,18,Urea
40.0,80.0,50.64,Đất sét,Các loại đậu,36,3,0,Urea
24.11,60.41,41.46,Đất mùn,Cây đậu phộng (Lạc),10,6,32,Urea
24.44,60.46,56.1,Đất mùn,Cây chuối,7,22,10,14-35-14
29.34,45.2,20.0,Đất sét,Khoai tây,9,13,33,10-26-26
31.05,53.19,63.73,Đất thịt tơi xốp,Khoai tây,14,4,34,14-35-14
23.13,55.8,33.99,Đất mùn,Cây mía,43,0,0,20-20
28.33,43.93,25.2,Đất mùn,Cây chè,40,0,1,10-26-26
35.37,57.59,60.56,Đất mùn,Cây bông,37,2,0,14-35-14
30.74,66.87,53.32,Đất cát,Cây chuối,11,10,15,28-28
23.04,47.21,40.69,Đất đỏ bazan,Cây đậu phộng (Lạc),10,0,11,Urea
32.11,52.48,33.96,Đất đỏ bazan,Các loại đậu,5,1,12,Urea
27.52,61.83,53.46,Đất đỏ bazan,Cây lúa,12,12,30,17-17-17
24.65,52.32,60.58,Đất đỏ bazan,Cây lúa,14,4,34,17-17-17
29.71,47.01,64.16,Đất mùn,Khoai tây,14,0,6,28-28
34.15,71.52,33.6,Đất cát,Các loại hạt (hạt mè, hạt  cải),22,0,20,14-35-14
23.74,54.65,41.61,Đất đỏ bazan,Cây mía,19,0,21,17-17-17
24.58,45.65,30.81,Đất cát,Cây bông,38,0,0,20-20
32.75,65.56,34.53,Đất đỏ bazan,Cây mía,11,3,9,10-26-26
30.4,61.28,25.58,Đất cát,Cây lúa,11,13,34,20-20
33.96,56.48,62.18,Đất đỏ bazan,Các loại đậu,36,0,0,28-28
37.09,60.97,41.55,Đất cát,Khoai tây,8,6,32,20-20
23.11,52.75,34.6,Đất sét,Các loại đậu,19,0,18,Urea
27.41,53.99,29.32,Đất cát,Cây lúa,41,2,0,17-17-17
25.08,60.16,44.64,Đất cát,Cây chè,28,2,13,17-17-17
21.99,47.5,60.36,Đất thịt tơi xốp,Cây chuối,35,0,3,DAP
28.41,58.44,37.48,Đất thịt tơi xốp,Các loại hạt (hạt mè, hạt  cải),18,0,42,20-20
31.21,64.21,39.12,Đất đỏ bazan,Cây lúa,40,0,4,10-26-26
36.34,65.98,39.34,Đất thịt tơi xốp,Khoai tây,20,4,18,17-17-17
27.51,53.02,38.86,Đất thịt tơi xốp,Cây chuối,43,0,3,10-26-26
36.5,66.66,48.43,Đất đỏ bazan,Cây lúa,42,4,0,10-26-26
32.58,49.88,50.8,Đất mùn,Các loại hạt (hạt mè, hạt  cải),31,0,0,14-35-14
22.66,52.77,39.99,Đất cát,Cây chuối,18,0,18,Urea
34.78,71.14,47.75,Đất mùn,Millets,9,5,30,20-20
28.78,45.77,50.49,Đất mùn,Khoai tây,5,8,31,17-17-17
37.26,69.8,44.45,Đất đỏ bazan,Cây mía,18,0,42,10-26-26
31.02,71.81,28.02,Đất đỏ bazan,Millets,17,0,15,10-26-26
26.05,54.67,33.13,Đất đỏ bazan,Cây chè,7,16,22,17-17-17
36.85,64.33,49.71,Đất đỏ bazan,Cây bắp,12,0,38,DAP
27.4,63.02,52.99,Đất thịt tơi xốp,Cây mía,8,8,27,10-26-26
33.68,57.45,56.5,Đất đỏ bazan,Khoai tây,24,0,21,20-20
33.12,60.82,39.61,Đất cát,Khoai tây,25,0,21,Urea
27.99,45.61,37.12,Đất đỏ bazan,Cây bắp,41,4,2,28-28
34.33,62.47,37.74,Đất đỏ bazan,Cây chè,21,0,25,20-20
22.33,50.62,42.7,Đất sét,Cây chè,4,18,21,20-20
29.22,70.28,53.37,Đất thịt tơi xốp,Cây chè,6,19,22,28-28
23.59,61.65,24.77,Đất đỏ bazan,Cây lúa,16,0,38,17-17-17
33.15,75.63,42.38,Đất cát,Các loại hạt (hạt mè, hạt  cải),10,0,32,DAP
31.36,53.84,27.06,Đất đỏ bazan,Khoai tây,11,0,41,28-28
40.0,63.61,36.05,Đất cát,Cây chuối,12,0,36,28-28
38.04,56.36,50.4,Đất mùn,Cây chuối,13,3,43,DAP
22.19,49.39,34.73,Đất đỏ bazan,Cây bông,33,0,0,Urea
30.09,63.52,37.48,Đất thịt tơi xốp,Cây lúa,11,1,14,20-20
30.57,44.28,55.42,Đất đỏ bazan,Cây bông,36,2,4,14-35-14
29.46,57.44,57.58,Đất đỏ bazan,Cây bông,26,4,21,17-17-17
21.12,49.29,25.08,Đất mùn,Millets,22,0,19,28-28
31.04,70.01,59.44,Đất cát,Cây chè,31,0,0,20-20
23.19,56.16,38.28,Đất cát,Các loại hạt (hạt mè, hạt  cải),36,4,0,28-28
30.91,63.67,38.76,Đất thịt tơi xốp,Các loại đậu,12,0,37,10-26-26
29.06,63.72,47.54,Đất mùn,Khoai tây,6,4,18,DAP
25.38,51.53,63.5,Đất cát,Khoai tây,9,11,30,10-26-26
24.56,57.17,20.0,Đất thịt tơi xốp,Cây bắp,14,9,11,10-26-26
32.99,53.49,45.4,Đất cát,Cây chè,42,0,1,Urea
30.94,49.64,52.81,Đất thịt tơi xốp,Cây chuối,24,1,20,17-17-17
21.84,58.1,32.37,Đất mùn,Cây chuối,10,13,12,28-28
31.2,65.53,61.24,Đất mùn,Khoai tây,10,0,36,10-26-26
27.88,56.24,25.31,Đất thịt tơi xốp,Cây chè,12,17,7,Urea
30.71,51.6,50.02,Đất đỏ bazan,Các loại hạt (hạt mè, hạt  cải),8,0,5,DAP
35.35,50.2,38.74,Đất cát,Cây chè,13,0,38,DAP
27.77,60.44,28.67,Đất cát,Cây bắp,39,3,3,10-26-26
36.38,69.84,28.62,Đất mùn,Cây chè,27,0,21,17-17-17
28.58,59.41,34.2,Đất thịt tơi xốp,Cây mía,34,0,0,28-28
23.87,62.47,29.22,Đất mùn,Cây mía,45,0,2,Urea
28.72,42.07,47.05,Đất cát,Cây bắp,35,0,1,20-20
23.68,41.79,27.14,Đất mùn,Cây chè,12,14,7,20-20
27.77,59.49,32.14,Đất sét,Cây chuối,5,17,21,20-20
31.06,67.37,38.26,Đất mùn,Millets,8,0,16,14-35-14
31.94,59.91,47.92,Đất thịt tơi xốp,Cây mía,9,19,19,20-20
35.86,55.82,52.48,Đất đỏ bazan,Cây chuối,20,4,29,17-17-17
27.17,66.27,40.8,Đất cát,Cây bắp,19,0,34,DAP
32.45,57.72,20.29,Đất sét,Cây lúa,37,0,4,Urea
30.79,55.86,51.44,Đất sét,Cây bắp,40,0,3,17-17-17
32.83,55.5,42.51,Đất thịt tơi xốp,Cây chuối,42,4,1,14-35-14
35.2,70.49,38.88,Đất thịt tơi xốp,Cây chuối,23,0,18,Urea
30.64,51.42,38.91,Đất thịt tơi xốp,Cây mía,37,0,0,10-26-26
27.83,53.52,35.02,Đất sét,Cây chuối,24,0,20,Urea
34.85,58.22,40.91,Đất sét,Khoai tây,8,14,16,28-28
27.3,49.21,20.19,Đất đỏ bazan,Cây lúa,15,11,15,20-20
33.34,69.09,26.48,Đất thịt tơi xốp,Cây mía,23,4,25,28-28
35.9,54.1,36.4,Đất thịt tơi xốp,Cây chuối,43,2,2,Urea
21.64,49.34,59.85,Đất cát,Khoai tây,7,0,11,Urea
33.09,55.04,57.68,Đất đỏ bazan,Cây chuối,13,1,33,DAP
27.43,53.4,34.5,Đất đỏ bazan,Khoai tây,17,3,42,28-28
25.14,52.47,52.19,Đất cát,Cây lúa,11,0,39,14-35-14
35.99,77.54,34.61,Đất thịt tơi xốp,Cây chè,10,4,35,DAP
28.74,67.46,41.86,Đất thịt tơi xốp,Cây chè,20,0,17,10-26-26
33.03,66.47,60.26,Đất đỏ bazan,Cây bông,6,8,29,10-26-26
23.14,56.97,42.97,Đất thịt tơi xốp,Cây lúa,33,0,1,Urea
28.49,50.95,61.26,Đất sét,Các loại hạt (hạt mè, hạt  cải),10,0,33,14-35-14
24.44,51.85,42.54,Đất thịt tơi xốp,Cây chuối,10,15,16,17-17-17
30.4,59.17,62.79,Đất đỏ bazan,Khoai tây,2,5,34,DAP
31.12,77.29,39.51,Đất sét,Cây lúa,43,0,0,10-26-26
30.64,63.54,56.5,Đất đỏ bazan,Cây bắp,3,7,32,28-28
30.29,72.81,52.72,Đất thịt tơi xốp,Khoai tây,37,0,2,Urea
30.73,69.57,52.05,Đất thịt tơi xốp,Khoai tây,6,14,25,10-26-26
36.18,60.7,35.67,Đất mùn,Cây chuối,36,0,0,10-26-26
26.01,58.47,25.34,Đất thịt tơi xốp,Cây bông,39,4,0,28-28
31.6,67.29,67.06,Đất sét,Cây bắp,12,7,29,DAP
36.17,72.76,41.81,Đất cát,Cây chè,35,0,1,14-35-14
33.49,67.08,35.44,Đất cát,Cây mía,14,2,32,28-28
39.7,66.38,45.01,Đất sét,Khoai tây,11,3,39,20-20
36.31,73.36,38.36,Đất đỏ bazan,Các loại hạt (hạt mè, hạt  cải),14,0,37,10-26-26
31.62,57.89,39.02,Đất sét,Cây đậu phộng (Lạc),38,0,0,20-20
31.73,54.97,64.26,Đất thịt tơi xốp,Cây bông,7,6,32,17-17-17
28.66,59.28,48.06,Đất mùn,Cây bắp,16,11,11,DAP
30.64,58.08,26.84,Đất mùn,Cây chè,43,0,2,20-20
37.76,71.09,43.07,Đất đỏ bazan,Khoai tây,34,0,2,DAP
33.85,61.06,68.59,Đất mùn,Các loại đậu,2,5,27,14-35-14
34.95,62.41,33.09,Đất sét,Các loại hạt (hạt mè, hạt  cải),33,0,3,Urea
24.25,54.71,65.01,Đất đỏ bazan,Cây mía,42,0,0,14-35-14
27.1,62.84,62.37,Đất thịt tơi xốp,Cây bắp,6,15,19,DAP
28.94,57.14,30.57,Đất thịt tơi xốp,Cây đậu phộng (Lạc),8,7,30,Urea
31.81,70.43,57.66,Đất mùn,Cây mía,5,12,9,DAP
28.93,58.65,20.0,Đất mùn,Cây mía,13,2,37,20-20
20.41,46.34,20.0,Đất mùn,Cây lúa,12,16,15,20-20
30.42,61.15,43.96,Đất sét,Các loại hạt (hạt mè, hạt  cải),11,3,41,28-28
30.24,71.18,28.39,Đất thịt tơi xốp,Cây bông,41,0,3,DAP
26.18,52.68,52.49,Đất sét,Cây bắp,24,0,18,10-26-26
26.92,49.33,52.14,Đất sét,Các loại đậu,6,22,14,17-17-17
31.43,58.06,40.83,Đất cát,Cây bắp,20,1,31,Urea
37.46,67.14,36.94,Đất cát,Cây chè,12,0,5,14-35-14
34.35,55.08,28.84,Đất cát,Các loại đậu,8,4,42,14-35-14
27.76,70.78,43.94,Đất mùn,Cây chuối,18,3,24,Urea
33.2,61.27,28.29,Đất mùn,Các loại hạt (hạt mè, hạt  cải),8,0,12,Urea
30.69,63.98,42.43,Đất cát,Cây mía,34,0,4,20-20
30.14,64.68,59.96,Đất cát,Cây mía,14,0,40,DAP
22.78,51.18,70.0,Đất thịt tơi xốp,Khoai tây,33,3,0,Urea
29.17,66.03,46.22,Đất đỏ bazan,Các loại hạt (hạt mè, hạt  cải),11,0,12,28-28
33.24,68.84,58.57,Đất cát,Cây bông,10,7,28,DAP
37.13,57.04,63.93,Đất cát,Các loại hạt (hạt mè, hạt  cải),30,0,0,DAP
28.43,54.4,36.47,Đất cát,Cây chuối,14,0,35,14-35-14
32.73,60.24,44.34,Đất mùn,Cây chuối,18,0,22,Urea
35.64,65.52,26.3,Đất mùn,Cây mía,14,4,34,20-20
36.01,73.09,57.84,Đất sét,Millets,6,1,14,20-20
29.78,56.76,51.66,Đất mùn,Cây chè,10,0,33,17-17-17
25.96,58.08,31.11,Đất đỏ bazan,Cây mía,15,3,38,DAP
29.97,66.26,65.15,Đất thịt tơi xốp,Các loại đậu,5,9,32,DAP
28.54,44.95,44.12,Đất cát,Các loại đậu,3,20,14,28-28
25.75,44.84,61.62,Đất thịt tơi xốp,Cây bắp,9,0,6,10-26-26
30.71,62.97,46.49,Đất mùn,Cây lúa,13,5,24,20-20
30.3,65.41,62.34,Đất mùn,Millets,4,9,28,DAP
30.6,53.91,34.29,Đất cát,Millets,34,1,0,Urea
27.59,50.67,65.48,Đất sét,Các loại hạt (hạt mè, hạt  cải),11,0,41,17-17-17
36.18,77.72,29.51,Đất cát,Cây bông,9,4,28,20-20
24.76,66.01,33.21,Đất mùn,Cây lúa,6,0,14,10-26-26
33.83,53.28,46.07,Đất mùn,Cây mía,16,0,6,DAP
32.95,47.94,29.06,Đất đỏ bazan,Cây bắp,8,5,31,28-28
29.43,72.23,62.55,Đất cát,Cây mía,38,0,4,DAP
24.91,47.76,39.44,Đất mùn,Khoai tây,12,8,14,Urea
35.11,64.06,54.89,Đất sét,Cây chuối,40,0,0,10-26-26
26.55,45.87,28.29,Đất mùn,Cây mía,31,0,2,14-35-14
24.91,52.61,26.29,Đất đỏ bazan,Cây bông,34,0,3,14-35-14
37.28,60.14,55.66,Đất thịt tơi xốp,Các loại hạt (hạt mè, hạt  cải),26,0,19,10-26-26
33.86,58.35,43.35,Đất cát,Cây mía,41,4,1,Urea
25.88,57.33,31.38,Đất sét,Các loại hạt (hạt mè, hạt  cải),38,0,2,14-35-14
31.8,58.18,56.23,Đất đỏ bazan,Cây bắp,41,0,2,10-26-26
32.57,74.55,66.3,Đất mùn,Millets,31,0,0,DAP
30.45,58.6,50.65,Đất cát,Cây đậu phộng (Lạc),7,0,17,14-35-14
38.32,66.46,54.06,Đất sét,Cây đậu phộng (Lạc),13,13,13,17-17-17
27.94,53.62,29.48,Đất mùn,Cây chuối,14,0,41,17-17-17
27.79,67.17,27.0,Đất cát,Khoai tây,33,3,0,17-17-17
26.1,59.75,42.28,Đất sét,Cây lúa,11,6,9,14-35-14
22.3,49.05,68.42,Đất mùn,Cây bông,9,2,12,28-28
31.46,61.7,26.0,Đất thịt tơi xốp,Khoai tây,10,6,29,DAP
29.15,45.48,44.29,Đất sét,Cây chuối,7,0,33,17-17-17
31.89,58.53,38.83,Đất mùn,Cây lúa,20,4,15,DAP
26.62,60.59,21.88,Đất cát,Cây đậu phộng (Lạc),11,10,28,10-26-26
33.07,75.97,55.05,Đất thịt tơi xốp,Khoai tây,34,0,0,17-17-17
37.36,62.5,53.31,Đất cát,Cây chuối,42,0,4,20-20
21.51,50.09,32.94,Đất đỏ bazan,Cây bắp,10,6,10,17-17-17
33.64,72.94,60.39,Đất cát,Khoai tây,5,0,13,10-26-26
29.71,61.87,54.45,Đất cát,Cây mía,31,4,1,17-17-17
21.84,58.79,53.97,Đất mùn,Cây bắp,10,13,11,14-35-14
24.82,48.36,32.63,Đất đỏ bazan,Cây lúa,36,0,0,Urea
23.69,51.88,45.1,Đất mùn,Khoai tây,26,0,14,14-35-14
29.45,57.06,52.39,Đất cát,Cây lúa,26,0,16,14-35-14
36.82,59.9,37.21,Đất thịt tơi xốp,Cây lúa,8,0,36,17-17-17
21.82,45.06,32.09,Đất đỏ bazan,Cây bông,19,1,16,20-20
24.72,53.8,54.35,Đất đỏ bazan,Khoai tây,5,0,10,10-26-26
28.16,63.93,44.75,Đất sét,Cây chè,1,6,32,17-17-17
32.9,59.42,57.62,Đất thịt tơi xốp,Millets,9,18,8,10-26-26
34.05,70.64,40.72,Đất sét,Cây bông,21,0,21,20-20
28.19,64.77,65.2,Đất cát,Millets,11,4,37,Urea
26.97,65.25,21.35,Đất đỏ bazan,Cây mía,11,6,31,DAP
33.2,73.6,53.85,Đất cát,Cây mía,21,0,19,20-20
34.76,73.32,59.45,Đất thịt tơi xốp,Cây đậu phộng (Lạc),13,0,36,10-26-26
35.09,61.52,60.88,Đất thịt tơi xốp,Cây lúa,12,0,41,14-35-14
40.0,70.47,54.47,Đất sét,Các loại đậu,9,9,27,20-20
33.24,58.1,55.98,Đất cát,Cây đậu phộng (Lạc),9,12,26,Urea
33.77,62.95,47.13,Đất đỏ bazan,Các loại đậu,17,3,44,Urea
27.77,54.87,39.6,Đất mùn,Khoai tây,17,2,37,14-35-14
36.98,63.67,54.3,Đất đỏ bazan,Millets,39,0,1,10-26-26
24.26,49.84,30.21,Đất cát,Cây đậu phộng (Lạc),11,13,31,20-20
37.53,70.73,37.05,Đất mùn,Cây mía,36,0,2,Urea
29.47,55.77,44.27,Đất đỏ bazan,Cây chè,5,0,18,Urea
27.32,63.12,22.92,Đất sét,Cây bông,42,0,2,28-28
37.86,58.44,55.05,Đất đỏ bazan,Các loại hạt (hạt mè, hạt  cải),7,14,13,10-26-26
27.18,65.88,42.06,Đất sét,Cây chuối,8,17,15,14-35-14
27.6,58.3,56.77,Đất mùn,Khoai tây,12,8,26,10-26-26
34.44,71.0,29.79,Đất mùn,Cây mía,13,0,38,28-28
35.13,56.04,35.97,Đất cát,Cây lúa,33,2,0,10-26-26
26.62,54.93,36.24,Đất mùn,Cây mía,22,0,22,28-28
35.15,68.47,44.92,Đất sét,Cây chuối,7,4,39,20-20
22.57,49.51,27.81,Đất mùn,Khoai tây,13,1,6,20-20
25.17,46.44,37.04,Đất thịt tơi xốp,Cây đậu phộng (Lạc),37,1,0,10-26-26
32.35,71.84,33.21,Đất sét,Millets,40,3,1,DAP
27.51,71.11,49.17,Đất mùn,Cây lúa,25,3,27,20-20
23.8,61.91,42.75,Đất mùn,Khoai tây,20,4,24,Urea
38.66,73.97,66.46,Đất mùn,Cây bông,30,2,1,10-26-26
32.18,68.06,59.24,Đất sét,Cây chuối,39,0,0,DAP
30.31,61.48,37.51,Đất thịt tơi xốp,Cây bắp,12,12,19,17-17-17
29.18,54.42,35.54,Đất mùn,Các loại đậu,3,0,17,17-17-17
35.96,58.63,40.76,Đất đỏ bazan,Các loại đậu,18,19,16,10-26-26
39.45,64.39,43.62,Đất sét,Cây mía,16,3,42,14-35-14
27.51,65.29,33.53,Đất đỏ bazan,Millets,39,0,0,17-17-17
26.15,52.69,49.11,Đất cát,Khoai tây,18,0,18,14-35-14
29.88,54.42,65.71,Đất sét,Khoai tây,13,10,33,14-35-14
30.23,73.9,61.14,Đất đỏ bazan,Khoai tây,35,0,0,14-35-14
26.15,51.15,60.56,Đất cát,Cây mía,15,0,13,Urea
37.54,62.31,37.71,Đất mùn,Các loại hạt (hạt mè, hạt  cải),12,0,39,Urea
28.85,45.37,49.17,Đất thịt tơi xốp,Cây bông,20,0,15,28-28
35.64,58.51,30.22,Đất cát,Các loại hạt (hạt mè, hạt  cải),6,0,33,Urea
35.76,72.58,44.43,Đất đỏ bazan,Các loại hạt (hạt mè, hạt  cải),37,2,0,20-20
31.51,68.14,52.98,Đất cát,Các loại đậu,7,18,22,10-26-26
34.32,72.1,42.27,Đất cát,Khoai tây,11,0,10,14-35-14
32.34,67.4,31.24,Đất đỏ bazan,Cây chuối,9,10,27,Urea
28.94,44.59,41.6,Đất đỏ bazan,Các loại hạt (hạt mè, hạt  cải),4,12,23,DAP
29.27,48.14,55.71,Đất thịt tơi xốp,Cây lúa,8,3,33,17-17-17
25.21,65.01,49.34,Đất sét,Cây chè,26,1,18,17-17-17
36.39,57.79,35.1,Đất sét,Các loại đậu,11,0,38,14-35-14
30.86,50.54,33.84,Đất mùn,Các loại hạt (hạt mè, hạt  cải),38,2,3,Urea
32.73,73.02,33.9,Đất thịt tơi xốp,Cây lúa,8,0,36,14-35-14
31.05,58.8,59.36,Đất mùn,Khoai tây,39,0,0,14-35-14
31.7,51.03,48.18,Đất mùn,Cây lúa,9,5,30,28-28
27.44,55.75,27.49,Đất đỏ bazan,Các loại đậu,39,0,0,DAP
24.79,54.34,46.13,Đất sét,Các loại hạt (hạt mè, hạt  cải),3,3,36,20-20
34.05,74.82,66.24,Đất đỏ bazan,Khoai tây,25,2,20,28-28
30.87,55.7,69.78,Đất mùn,Millets,5,7,31,20-20
32.12,61.45,49.19,Đất cát,Cây bông,20,3,22,DAP
29.63,55.16,68.27,Đất mùn,Cây lúa,8,12,33,28-28
24.08,47.59,39.13,Đất sét,Cây chè,38,1,0,DAP
31.51,64.47,59.18,Đất cát,Cây đậu phộng (Lạc),34,0,2,17-17-17
31.78,53.53,40.68,Đất mùn,Các loại đậu,8,3,28,DAP
30.64,62.44,50.79,Đất đỏ bazan,Millets,11,0,7,DAP
26.9,60.69,37.88,Đất đỏ bazan,Millets,36,0,2,Urea
38.72,73.5,49.78,Đất mùn,Cây đậu phộng (Lạc),41,3,0,10-26-26
30.44,62.02,31.71,Đất sét,Millets,35,0,0,Urea
37.48,61.89,62.39,Đất cát,Cây bông,7,11,34,14-35-14
34.0,62.86,45.13,Đất sét,Cây mía,9,0,10,DAP
30.48,58.07,30.84,Đất cát,Cây lúa,18,0,23,DAP
37.98,68.23,38.81,Đất sét,Các loại đậu,12,0,36,DAP
25.71,51.45,32.95,Đất đỏ bazan,Cây bắp,33,2,3,14-35-14
36.8,64.17,60.56,Đất sét,Các loại đậu,12,2,42,20-20
32.03,62.83,20.0,Đất thịt tơi xốp,Cây lúa,13,9,25,14-35-14
26.74,63.11,41.43,Đất cát,Cây bắp,36,0,1,10-26-26
22.55,58.99,43.67,Đất mùn,Các loại hạt (hạt mè, hạt  cải),20,0,23,10-26-26
35.78,52.73,32.13,Đất cát,Cây mía,23,2,19,10-26-26
24.42,56.1,47.1,Đất đỏ bazan,Cây chuối,38,0,2,DAP
28.15,40.67,31.16,Đất sét,Khoai tây,19,12,15,Urea
32.45,62.93,49.56,Đất thịt tơi xốp,Các loại hạt (hạt mè, hạt  cải),34,0,2,DAP
30.08,62.94,41.63,Đất mùn,Cây chè,6,21,22,Urea
32.4,66.97,35.57,Đất cát,Cây bông,16,0,39,28-28
24.56,57.15,43.97,Đất đỏ bazan,Cây đậu phộng (Lạc),14,13,17,20-20
31.1,61.27,51.17,Đất cát,Millets,9,12,31,17-17-17
31.96,60.96,58.97,Đất sét,Cây chè,9,3,31,DAP
25.05,55.58,39.01,Đất thịt tơi xốp,Cây lúa,8,21,14,10-26-26
31.87,45.49,37.69,Đất mùn,Millets,36,0,0,20-20
35.08,66.89,59.2,Đất mùn,Cây bắp,39,3,0,DAP
28.01,69.78,32.44,Đất sét,Cây đậu phộng (Lạc),25,3,21,20-20
33.92,59.98,42.08,Đất đỏ bazan,Khoai tây,22,4,28,20-20
29.37,58.84,44.67,Đất thịt tơi xốp,Millets,10,8,11,28-28
33.3,49.69,62.65,Đất cát,Các loại đậu,12,0,6,DAP
35.12,62.3,40.87,Đất thịt tơi xốp,Cây chè,39,1,3,10-26-26
33.85,69.07,48.24,Đất cát,Cây đậu phộng (Lạc),41,0,0,14-35-14
22.16,44.0,35.75,Đất đỏ bazan,Cây chè,16,2,18,Urea
36.97,75.86,59.72,Đất mùn,Cây bắp,16,0,43,10-26-26
31.11,62.66,29.66,Đất sét,Cây lúa,19,0,37,28-28
32.78,54.47,30.46,Đất mùn,Các loại đậu,25,4,19,20-20
40.0,65.82,37.56,Đất sét,Cây đậu phộng (Lạc),13,3,39,14-35-14
31.87,58.09,42.53,Đất thịt tơi xốp,Các loại đậu,37,4,3,20-20
22.87,41.97,58.12,Đất thịt tơi xốp,Cây bông,37,0,0,10-26-26
28.87,50.36,35.49,Đất mùn,Cây bông,22,0,23,10-26-26
35.06,74.46,31.5,Đất thịt tơi xốp,Millets,38,3,0,10-26-26
32.59,67.68,50.11,Đất cát,Các loại hạt (hạt mè, hạt  cải),18,0,44,17-17-17
27.49,65.54,39.21,Đất sét,Cây chè,3,1,13,28-28
32.29,63.71,48.26,Đất mùn,Cây mía,8,17,18,20-20
28.08,53.67,37.19,Đất sét,Cây lúa,39,0,0,10-26-26
26.48,55.64,33.13,Đất cát,Khoai tây,17,0,10,14-35-14
23.4,59.41,54.77,Đất cát,Cây lúa,4,19,19,17-17-17
31.32,55.37,58.58,Đất mùn,Cây đậu phộng (Lạc),17,0,41,DAP
24.71,51.42,45.18,Đất đỏ bazan,Các loại đậu,35,0,0,17-17-17
34.86,53.49,36.67,Đất mùn,Cây bông,11,0,38,14-35-14
34.21,67.02,41.72,Đất cát,Cây đậu phộng (Lạc),37,0,1,28-28
31.33,60.21,59.87,Đất sét,Cây bắp,10,11,11,14-35-14
28.65,59.53,29.64,Đất cát,Millets,32,0,0,14-35-14
38.88,70.87,44.32,Đất cát,Khoai tây,19,3,22,14-35-14
21.37,45.22,40.86,Đất đỏ bazan,Các loại đậu,7,16,19,14-35-14
28.63,44.44,45.65,Đất cát,Cây chuối,22,4,16,10-26-26
23.68,46.46,50.13,Đất cát,Các loại hạt (hạt mè, hạt  cải),38,3,1,14-35-14
23.41,60.75,42.1,Đất thịt tơi xốp,Cây chè,37,3,3,20-20
37.22,66.08,50.07,Đất cát,Cây lúa,35,4,0,DAP
33.6,66.97,34.42,Đất thịt tơi xốp,Cây đậu phộng (Lạc),10,0,41,DAP
26.63,46.79,30.36,Đất đỏ bazan,Millets,12,8,17,20-20
36.3,68.21,70.0,Đất đỏ bazan,Cây đậu phộng (Lạc),19,3,18,17-17-17
21.76,55.45,30.34,Đất mùn,Khoai tây,12,4,17,14-35-14
29.07,58.74,28.12,Đất thịt tơi xốp,Các loại hạt (hạt mè, hạt  cải),11,12,16,28-28
24.29,50.63,39.13,Đất đỏ bazan,Cây chuối,25,0,24,20-20
25.04,55.53,45.1,Đất mùn,Cây chè,10,2,12,14-35-14
34.32,64.31,36.15,Đất sét,Cây bắp,10,4,29,14-35-14
32.59,63.12,70.0,Đất cát,Cây chè,41,0,2,Urea
32.82,59.79,46.25,Đất đỏ bazan,Cây chuối,33,0,0,DAP
32.48,57.76,51.82,Đất mùn,Các loại hạt (hạt mè, hạt  cải),21,4,16,17-17-17
30.49,50.57,60.72,Đất mùn,Các loại đậu,8,2,19,Urea
39.67,70.21,40.71,Đất đỏ bazan,Cây bắp,10,1,37,DAP
22.13,57.13,50.74,Đất sét,Cây lúa,10,13,18,14-35-14
29.23,43.46,33.17,Đất mùn,Khoai tây,16,0,23,14-35-14
35.9,62.63,37.99,Đất mùn,Các loại đậu,8,0,16,10-26-26
31.97,58.76,35.33,Đất sét,Cây chè,8,18,16,DAP
30.52,70.95,33.52,Đất mùn,Cây chuối,12,0,35,28-28
34.03,61.83,32.95,Đất đỏ bazan,Cây chè,6,11,26,DAP
34.1,73.46,37.36,Đất đỏ bazan,Khoai tây,38,0,1,20-20
39.08,71.98,43.54,Đất cát,Cây bắp,6,11,23,20-20
28.55,54.27,52.97,Đất mùn,Cây bông,8,14,26,28-28
29.07,55.27,45.77,Đất đỏ bazan,Millets,7,13,18,17-17-17
34.07,57.14,68.4,Đất đỏ bazan,Cây lúa,22,0,20,14-35-14
27.02,52.06,41.73,Đất sét,Các loại hạt (hạt mè, hạt  cải),16,0,19,10-26-26
33.45,48.18,38.02,Đất sét,Khoai tây,8,15,11,Urea
31.9,69.5,42.17,Đất sét,Millets,12,3,33,Urea
31.14,60.35,52.46,Đất cát,Cây mía,14,0,11,20-20
30.97,54.68,37.37,Đất thịt tơi xốp,Cây lúa,37,1,2,17-17-17
30.31,51.6,31.75,Đất đỏ bazan,Các loại đậu,37,4,0,14-35-14
24.63,56.02,63.95,Đất đỏ bazan,Cây bắp,14,0,19,DAP
35.26,66.79,31.43,Đất sét,Cây chè,19,1,25,14-35-14
32.66,67.55,32.86,Đất mùn,Các loại đậu,39,4,0,20-20
25.98,46.81,32.02,Đất mùn,Cây đậu phộng (Lạc),9,4,8,17-17-17
29.36,69.37,67.13,Đất đỏ bazan,Cây bông,12,9,31,10-26-26
26.82,67.63,48.79,Đất đỏ bazan,Các loại hạt (hạt mè, hạt  cải),9,10,29,20-20
27.68,45.34,27.54,Đất cát,Cây chè,26,0,17,10-26-26
32.35,50.94,60.56,Đất sét,Cây mía,14,2,34,Urea
29.08,58.44,44.95,Đất sét,Các loại hạt (hạt mè, hạt  cải),3,15,21,DAP
38.73,64.24,58.22,Đất mùn,Cây chuối,17,4,42,DAP
32.74,73.33,29.74,Đất đỏ bazan,Các loại đậu,11,9,28,17-17-17
27.48,51.08,47.43,Đất cát,Millets,16,0,20,14-35-14
30.98,57.31,46.71,Đất sét,Các loại hạt (hạt mè, hạt  cải),10,14,24,DAP
29.6,56.7,21.18,Đất mùn,Cây lúa,5,13,19,20-20
32.08,66.03,52.81,Đất mùn,Cây bông,17,0,40,17-17-17
29.49,63.36,44.57,Đất đỏ bazan,Millets,38,0,3,20-20
25.92,60.03,27.02,Đất cát,Các loại hạt (hạt mè, hạt  cải),12,0,12,28-28
26.18,68.33,41.63,Đất thịt tơi xốp,Các loại hạt (hạt mè, hạt  cải),37,2,0,10-26-26
35.17,70.71,27.27,Đất sét,Cây bắp,24,0,26,14-35-14
36.98,71.46,50.7,Đất cát,Cây bắp,36,1,0,20-20
34.49,73.5,53.12,Đất mùn,Cây chè,10,0,42,14-35-14
25.43,56.25,52.07,Đất thịt tơi xốp,Các loại hạt (hạt mè, hạt  cải),10,9,35,Urea
27.65,43.04,45.86,Đất mùn,Khoai tây,13,0,9,10-26-26
25.68,59.99,51.16,Đất cát,Cây đậu phộng (Lạc),16,3,7,14-35-14
38.07,59.39,38.63,Đất mùn,Cây đậu phộng (Lạc),17,2,15,Urea
29.69,64.81,55.18,Đất đỏ bazan,Cây chuối,2,4,27,DAP
39.08,71.79,39.02,Đất thịt tơi xốp,Cây bông,9,0,17,14-35-14
33.96,69.47,57.06,Đất thịt tơi xốp,Cây chuối,8,14,22,Urea
31.14,73.75,31.4,Đất sét,Cây mía,11,3,17,10-26-26
36.11,75.99,23.4,Đất thịt tơi xốp,Cây lúa,11,3,41,17-17-17
26.25,51.99,50.36,Đất cát,Các loại hạt (hạt mè, hạt  cải),19,0,18,14-35-14
29.89,60.28,35.37,Đất thịt tơi xốp,Cây bắp,12,2,34,Urea
40.0,71.12,37.22,Đất đỏ bazan,Khoai tây,14,4,38,17-17-17
28.13,51.6,58.09,Đất sét,Cây chè,11,2,38,14-35-14
28.67,68.13,40.26,Đất mùn,Cây bắp,23,3,20,28-28
26.71,54.0,55.47,Đất thịt tơi xốp,Các loại hạt (hạt mè, hạt  cải),17,0,30,DAP
21.7,53.27,56.56,Đất sét,Cây bắp,36,0,4,10-26-26
31.15,58.86,38.45,Đất thịt tơi xốp,Cây chuối,20,3,25,17-17-17
25.55,68.17,51.97,Đất mùn,Millets,23,0,25,17-17-17
33.79,71.99,49.54,Đất đỏ bazan,Cây bông,42,0,1,DAP
28.67,71.7,49.84,Đất cát,Cây chè,11,11,9,14-35-14
33.94,66.71,33.69,Đất đỏ bazan,Các loại đậu,8,0,16,17-17-17
24.03,58.77,40.78,Đất mùn,Millets,15,4,14,DAP
31.27,51.12,66.51,Đất thịt tơi xốp,Các loại hạt (hạt mè, hạt  cải),9,2,42,14-35-14
29.69,59.32,48.74,Đất mùn,Các loại đậu,19,1,18,DAP
32.59,60.47,55.36,Đất thịt tơi xốp,Cây chè,19,0,20,20-20
39.38,58.0,21.52,Đất cát,Các loại hạt (hạt mè, hạt  cải),4,10,32,10-26-26
22.6,44.65,29.06,Đất sét,Cây đậu phộng (Lạc),17,0,36,17-17-17
32.81,62.82,28.5,Đất cát,Khoai tây,8,0,36,20-20
26.07,44.83,41.52,Đất đỏ bazan,Cây lúa,6,19,15,14-35-14
23.78,50.25,44.26,Đất cát,Cây mía,44,0,3,20-20
29.12,65.5,30.37,Đất cát,Các loại đậu,24,0,26,17-17-17
24.26,61.26,47.06,Đất đỏ bazan,Cây bắp,14,0,38,14-35-14
35.41,68.17,53.47,Đất cát,Cây chuối,38,0,4,10-26-26
24.95,57.77,34.91,Đất đỏ bazan,Cây bắp,39,1,0,17-17-17
32.94,56.93,51.95,Đất mùn,Cây chè,3,13,15,28-28
26.58,70.19,43.73,Đất cát,Khoai tây,10,14,14,17-17-17
35.99,73.71,47.66,Đất thịt tơi xốp,Cây chè,20,0,22,10-26-26
31.43,47.42,45.65,Đất mùn,Các loại hạt (hạt mè, hạt  cải),8,7,33,10-26-26
24.04,43.72,22.01,Đất thịt tơi xốp,Cây chuối,16,0,37,28-28
36.31,53.88,36.31,Đất mùn,Cây bông,19,0,44,14-35-14
28.16,47.49,29.78,Đất thịt tơi xốp,Cây bắp,14,13,13,28-28
37.94,58.24,42.79,Đất mùn,Khoai tây,3,22,22,28-28
24.42,48.89,41.63,Đất thịt tơi xốp,Các loại đậu,9,16,18,20-20
27.33,58.15,22.18,Đất thịt tơi xốp,Cây lúa,35,3,3,20-20
31.02,44.25,41.7,Đất cát,Khoai tây,35,0,0,Urea
24.63,60.8,31.01,Đất đỏ bazan,Cây lúa,4,18,22,10-26-26
22.31,41.54,59.77,Đất sét,Các loại đậu,10,1,7,17-17-17
28.56,63.57,40.1,Đất thịt tơi xốp,Các loại hạt (hạt mè, hạt  cải),22,2,25,10-26-26
26.66,54.01,31.78,Đất mùn,Các loại hạt (hạt mè, hạt  cải),34,3,0,20-20
35.53,75.2,29.57,Đất mùn,Cây bắp,8,11,31,Urea
26.26,67.11,38.22,Đất mùn,Cây chuối,16,14,15,20-20
23.52,53.51,70.0,Đất cát,Cây lúa,33,3,0,10-26-26
24.25,58.48,37.87,Đất thịt tơi xốp,Cây mía,10,12,20,Urea
30.53,69.13,35.08,Đất cát,Cây chuối,5,17,19,14-35-14
28.54,60.27,31.15,Đất thịt tơi xốp,Cây lúa,14,1,37,Urea
23.03,47.87,42.5,Đất mùn,Khoai tây,41,2,0,DAP
27.38,41.75,70.0,Đất cát,Millets,7,3,13,14-35-14
28.76,47.19,42.6,Đất mùn,Cây bông,13,6,15,20-20
32.94,56.15,39.04,Đất sét,Khoai tây,10,0,44,DAP
30.95,51.06,49.29,Đất đỏ bazan,Millets,1,22,16,20-20
38.62,70.77,25.82,Đất cát,Cây đậu phộng (Lạc),20,0,22,Urea
23.99,47.13,39.12,Đất mùn,Các loại đậu,11,11,21,10-26-26
35.52,69.26,40.18,Đất mùn,Cây chè,13,0,36,DAP
29.77,66.6,24.94,Đất mùn,Khoai tây,0,21,15,DAP
22.08,55.41,30.32,Đất đỏ bazan,Cây chè,12,13,16,17-17-17
38.92,68.71,67.94,Đất đỏ bazan,Cây lúa,14,0,36,10-26-26
21.59,47.89,48.19,Đất sét,Cây đậu phộng (Lạc),22,3,20,10-26-26
30.53,71.63,58.35,Đất sét,Cây chuối,7,10,33,DAP
31.03,63.64,58.7,Đất mùn,Khoai tây,13,0,42,DAP
26.25,58.93,30.41,Đất sét,Cây chè,16,0,8,28-28
27.78,47.15,25.01,Đất đỏ bazan,Các loại hạt (hạt mè, hạt  cải),32,0,0,14-35-14
33.17,71.81,25.25,Đất thịt tơi xốp,Các loại đậu,6,8,29,Urea
33.5,56.92,24.03,Đất mùn,Cây chè,8,19,15,28-28
30.44,44.11,42.92,Đất cát,Millets,36,1,0,14-35-14
32.97,68.78,70.0,Đất sét,Cây lúa,28,0,17,14-35-14
27.06,40.83,46.05,Đất mùn,Cây chè,7,14,15,17-17-17
31.04,58.13,57.29,Đất sét,Cây mía,10,2,16,17-17-17
30.83,65.17,47.75,Đất mùn,Cây bông,22,0,22,28-28
31.21,63.59,39.81,Đất thịt tơi xốp,Cây mía,24,2,32,17-17-17
31.8,67.54,30.73,Đất thịt tơi xốp,Cây chè,17,0,10,10-26-26
28.54,61.73,53.85,Đất sét,Cây mía,14,0,5,10-26-26
25.17,52.14,60.08,Đất sét,Millets,12,0,30,20-20
32.28,59.29,33.73,Đất cát,Cây chuối,10,9,25,14-35-14
29.33,61.81,52.99,Đất mùn,Các loại đậu,4,8,30,14-35-14
26.82,47.7,36.38,Đất cát,Millets,23,0,20,20-20
20.79,58.13,63.78,Đất sét,Khoai tây,11,15,11,28-28
23.46,51.39,66.66,Đất mùn,Cây bắp,39,0,0,28-28
24.18,44.13,35.86,Đất sét,Các loại đậu,24,0,28,Urea
32.87,75.67,28.54,Đất sét,Cây mía,3,9,34,Urea
25.45,46.24,30.1,Đất cát,Cây mía,7,14,12,10-26-26
39.74,60.17,21.63,Đất mùn,Các loại hạt (hạt mè, hạt  cải),4,9,33,14-35-14
32.08,59.3,58.06,Đất đỏ bazan,Các loại hạt (hạt mè, hạt  cải),12,18,14,20-20
30.51,52.84,30.95,Đất đỏ bazan,Cây đậu phộng (Lạc),42,0,0,10-26-26
34.11,55.59,36.69,Đất cát,Khoai tây,8,3,5,14-35-14
32.32,62.37,45.01,Đất cát,Cây đậu phộng (Lạc),8,0,43,10-26-26
28.02,53.05,28.07,Đất mùn,Khoai tây,26,0,18,Urea
31.92,56.42,20.53,Đất thịt tơi xốp,Các loại đậu,12,0,42,28-28
29.87,54.64,41.07,Đất thịt tơi xốp,Khoai tây,32,0,0,Urea
25.04,44.26,24.93,Đất cát,Cây lúa,14,2,44,20-20
36.1,73.12,51.29,Đất sét,Cây đậu phộng (Lạc),35,2,0,17-17-17
30.18,63.89,56.27,Đất sét,Millets,14,4,10,20-20
30.75,57.34,38.18,Đất thịt tơi xốp,Cây mía,34,0,0,28-28
26.99,58.1,39.21,Đất thịt tơi xốp,Cây bắp,13,0,44,17-17-17
31.22,62.28,43.12,Đất sét,Các loại hạt (hạt mè, hạt  cải),41,2,0,14-35-14
26.24,42.54,70.0,Đất cát,Cây mía,38,0,2,14-35-14
30.16,73.4,62.27,Đất sét,Cây mía,33,3,2,14-35-14
37.13,61.9,67.27,Đất đỏ bazan,Các loại hạt (hạt mè, hạt  cải),13,0,35,Urea
30.61,60.97,28.66,Đất thịt tơi xốp,Các loại đậu,18,0,15,17-17-17
40.0,60.26,61.12,Đất sét,Các loại hạt (hạt mè, hạt  cải),13,3,39,Urea
39.7,65.03,33.95,Đất đỏ bazan,Các loại hạt (hạt mè, hạt  cải),11,2,34,DAP
37.83,72.8,47.8,Đất cát,Cây bông,12,10,25,20-20
34.87,52.87,24.26,Đất đỏ bazan,Cây lúa,41,1,0,10-26-26
35.94,78.88,56.11,Đất mùn,Cây đậu phộng (Lạc),39,0,0,14-35-14
28.21,60.33,34.58,Đất sét,Khoai tây,42,2,0,20-20
28.71,56.73,35.54,Đất sét,Cây chè,39,0,0,20-20
24.5,43.5,22.45,Đất mùn,Khoai tây,17,0,38,10-26-26
32.84,61.49,52.7,Đất cát,Cây chuối,22,3,17,10-26-26
28.98,57.19,43.18,Đất cát,Cây mía,43,3,1,20-20
29.58,45.95,24.54,Đất mùn,Millets,4,12,32,DAP
30.61,51.99,36.27,Đất đỏ bazan,Cây chuối,9,17,13,DAP
23.16,48.77,42.61,Đất cát,Cây bắp,20,0,27,28-28
32.57,69.05,45.35,Đất thịt tơi xốp,Cây mía,13,3,9,28-28
24.76,61.52,44.12,Đất đỏ bazan,Millets,24,0,24,14-35-14
35.84,53.53,41.21,Đất thịt tơi xốp,Cây chuối,19,0,39,17-17-17
23.47,59.67,53.64,Đất thịt tơi xốp,Cây bông,11,14,15,14-35-14
33.5,62.28,32.37,Đất đỏ bazan,Cây mía,22,0,21,20-20
27.97,53.64,28.44,Đất thịt tơi xốp,Cây mía,7,3,32,17-17-17
24.34,54.43,66.95,Đất đỏ bazan,Cây mía,8,2,42,20-20
31.09,59.6,33.1,Đất thịt tơi xốp,Cây lúa,14,4,16,17-17-17
23.32,57.71,54.19,Đất cát,Khoai tây,9,0,14,10-26-26
23.28,48.81,34.98,Đất mùn,Cây chè,14,3,25,Urea
32.16,54.28,39.92,Đất sét,Cây đậu phộng (Lạc),39,3,1,Urea
23.82,62.55,43.11,Đất mùn,Cây mía,3,13,12,10-26-26
30.33,57.26,50.77,Đất thịt tơi xốp,Cây bông,31,0,4,28-28
33.73,61.45,61.26,Đất đỏ bazan,Cây bắp,39,0,1,17-17-17
32.69,72.28,38.65,Đất mùn,Cây chè,37,1,0,Urea
23.44,49.3,63.03,Đất mùn,Cây mía,10,0,10,28-28
35.71,57.85,44.78,Đất thịt tơi xốp,Cây bông,11,11,11,28-28
24.99,66.72,29.41,Đất đỏ bazan,Cây đậu phộng (Lạc),10,21,19,Urea
20.52,46.83,35.07,Đất thịt tơi xốp,Cây đậu phộng (Lạc),10,9,14,28-28
33.8,59.62,68.25,Đất mùn,Cây bông,13,0,42,20-20
33.49,54.83,41.26,Đất mùn,Cây chè,11,13,11,10-26-26
29.67,55.61,51.15,Đất đỏ bazan,Millets,8,0,8,20-20
30.68,59.47,45.25,Đất cát,Cây chuối,13,0,40,17-17-17
26.48,57.43,33.64,Đất thịt tơi xốp,Cây lúa,37,0,0,14-35-14
32.94,64.13,60.88,Đất đỏ bazan,Khoai tây,7,16,16,Urea
40.0,64.34,28.36,Đất sét,Cây đậu phộng (Lạc),12,4,40,20-20
36.13,73.48,70.0,Đất mùn,Cây mía,10,0,38,Urea
27.98,52.26,44.53,Đất thịt tơi xốp,Các loại hạt (hạt mè, hạt  cải),19,0,14,28-28
31.98,58.87,58.24,Đất sét,Cây đậu phộng (Lạc),18,0,33,10-26-26
31.47,58.3,39.96,Đất thịt tơi xốp,Cây lúa,32,0,0,20-20
31.81,57.99,62.68,Đất cát,Khoai tây,7,6,34,Urea
37.77,55.25,50.88,Đất cát,Millets,12,0,16,Urea
29.33,55.2,61.35,Đất cát,Khoai tây,20,0,19,Urea
32.85,59.83,44.54,Đất thịt tơi xốp,Các loại hạt (hạt mè, hạt  cải),8,2,40,28-28
28.72,45.24,39.24,Đất thịt tơi xốp,Cây chuối,43,0,0,20-20
28.52,47.06,36.31,Đất sét,Các loại hạt (hạt mè, hạt  cải),35,0,0,17-17-17
25.47,57.84,58.11,Đất sét,Khoai tây,11,0,14,DAP
26.15,68.06,41.5,Đất đỏ bazan,Cây bông,12,0,13,Urea
22.95,47.88,36.75,Đất thịt tơi xốp,Các loại đậu,43,0,0,14-35-14
34.85,71.71,50.57,Đất mùn,Cây đậu phộng (Lạc),36,4,4,17-17-17
27.69,58.19,70.0,Đất cát,Các loại hạt (hạt mè, hạt  cải),31,0,0,28-28
31.43,46.23,27.98,Đất sét,Cây chuối,38,4,0,17-17-17
34.41,58.34,39.5,Đất mùn,Các loại đậu,13,2,14,20-20
22.77,60.17,30.85,Đất đỏ bazan,Cây chuối,36,0,2,Urea
32.0,63.0,26.06,Đất cát,Millets,6,13,29,DAP
35.34,64.93,31.98,Đất sét,Các loại hạt (hạt mè, hạt  cải),7,9,26,Urea
31.64,53.93,46.5,Đất thịt tơi xốp,Các loại đậu,12,17,12,14-35-14
40.0,73.42,42.79,Đất thịt tơi xốp,Cây chè,8,5,25,DAP
30.67,61.79,70.0,Đất đỏ bazan,Khoai tây,11,0,33,28-28
31.15,58.01,20.55,Đất sét,Cây chuối,0,16,20,DAP
32.26,63.7,54.1,Đất mùn,Các loại hạt (hạt mè, hạt  cải),38,0,0,DAP
32.94,65.59,37.37,Đất sét,Cây bắp,24,0,20,28-28
31.06,53.58,33.37,Đất thịt tơi xốp,Cây mía,9,4,30,Urea
29.5,43.2,31.87,Đất đỏ bazan,Cây bắp,3,15,19,10-26-26
30.09,45.72,35.36,Đất cát,Các loại hạt (hạt mè, hạt  cải),11,0,16,17-17-17
31.13,52.49,40.63,Đất mùn,Các loại hạt (hạt mè, hạt  cải),41,0,0,Urea
23.38,57.65,23.02,Đất cát,Khoai tây,13,1,13,14-35-14
21.31,51.38,34.91,Đất đỏ bazan,Cây lúa,18,18,8,14-35-14
34.52,64.07,41.38,Đất cát,Các loại hạt (hạt mè, hạt  cải),17,19,12,17-17-17
23.91,47.47,43.3,Đất sét,Cây bắp,16,10,12,17-17-17
30.26,57.22,40.09,Đất cát,Các loại đậu,25,2,28,20-20
35.47,67.7,66.68,Đất cát,Cây bông,13,0,13,DAP
32.54,58.92,43.95,Đất thịt tơi xốp,Cây mía,34,0,0,28-28
34.02,68.57,47.58,Đất sét,Cây bắp,38,1,0,DAP
30.79,48.95,45.28,Đất thịt tơi xốp,Khoai tây,17,0,14,28-28
22.43,56.08,31.03,Đất đỏ bazan,Cây mía,39,3,4,28-28
26.59,58.55,40.52,Đất sét,Millets,10,0,5,17-17-17
35.14,59.91,45.38,Đất đỏ bazan,Các loại hạt (hạt mè, hạt  cải),9,2,14,14-35-14
26.62,46.12,36.96,Đất thịt tơi xốp,Khoai tây,25,0,28,28-28
36.62,60.89,31.29,Đất thịt tơi xốp,Cây bông,12,0,39,17-17-17
31.74,60.76,52.06,Đất mùn,Các loại đậu,12,10,26,Urea
27.3,53.57,30.09,Đất thịt tơi xốp,Cây mía,36,0,2,DAP
25.53,66.93,43.97,Đất thịt tơi xốp,Cây chuối,8,3,16,20-20
33.49,68.47,41.93,Đất sét,Khoai tây,10,0,39,20-20
29.44,67.64,34.34,Đất thịt tơi xốp,Cây bắp,4,5,33,28-28
31.4,53.31,38.96,Đất mùn,Cây mía,8,2,32,10-26-26
28.49,62.9,43.12,Đất thịt tơi xốp,Cây lúa,11,0,37,14-35-14
28.16,51.2,43.04,Đất thịt tơi xốp,Cây đậu phộng (Lạc),20,0,26,10-26-26
25.01,68.47,20.0,Đất cát,Các loại đậu,5,12,32,Urea
21.17,41.47,69.82,Đất cát,Cây chuối,6,0,13,10-26-26
37.67,57.53,46.72,Đất mùn,Các loại đậu,37,2,0,20-20
22.97,52.59,58.34,Đất thịt tơi xốp,Cây bắp,11,0,17,10-26-26
25.2,43.7,38.61,Đất thịt tơi xốp,Cây lúa,44,0,3,14-35-14
35.88,78.27,46.3,Đất mùn,Khoai tây,37,4,0,10-26-26
33.19,66.17,37.08,Đất thịt tơi xốp,Cây đậu phộng (Lạc),19,1,37,DAP
30.68,66.84,47.59,Đất sét,Cây đậu phộng (Lạc),20,0,16,14-35-14
28.56,61.95,35.05,Đất đỏ bazan,Cây mía,26,0,21,10-26-26
25.5,52.83,32.4,Đất thịt tơi xốp,Cây bắp,16,11,12,20-20
29.68,53.79,33.21,Đất thịt tơi xốp,Cây chuối,17,0,35,28-28
31.23,59.48,40.81,Đất mùn,Cây chè,27,2,20,28-28
25.13,54.49,68.4,Đất mùn,Cây bắp,43,0,0,Urea
33.11,64.58,70.0,Đất mùn,Cây lúa,12,0,33,20-20
37.04,74.37,60.83,Đất sét,Cây bắp,14,0,35,17-17-17
29.26,55.32,37.97,Đất đỏ bazan,Millets,40,4,0,Urea
31.41,73.32,30.0,Đất thịt tơi xốp,Các loại đậu,9,4,7,Urea
29.66,51.34,33.38,Đất cát,Cây bông,38,2,1,28-28
38.64,73.89,24.43,Đất đỏ bazan,Khoai tây,17,3,14,14-35-14
32.27,66.39,44.16,Đất mùn,Các loại hạt (hạt mè, hạt  cải),6,4,14,17-17-17
31.98,71.09,57.24,Đất sét,Cây bắp,30,0,2,Urea
32.2,67.65,34.68,Đất thịt tơi xốp,Cây bắp,4,11,25,Urea
34.86,63.91,28.03,Đất sét,Cây chè,13,0,36,10-26-26
35.2,59.92,34.79,Đất cát,Cây đậu phộng (Lạc),14,0,11,Urea
27.29,43.87,59.55,Đất thịt tơi xốp,Khoai tây,11,4,12,14-35-14
31.65,62.43,44.31,Đất mùn,Các loại hạt (hạt mè, hạt  cải),37,0,0,20-20
27.14,62.52,23.61,Đất mùn,Cây lúa,37,0,3,14-35-14
34.29,62.31,59.0,Đất thịt tơi xốp,Cây chè,8,8,29,Urea
34.1,73.57,58.27,Đất sét,Các loại đậu,38,0,0,Urea
30.03,52.95,35.22,Đất cát,Cây đậu phộng (Lạc),25,0,18,Urea
30.44,50.67,28.24,Đất sét,Cây đậu phộng (Lạc),14,0,36,10-26-26
22.91,57.98,48.26,Đất cát,Khoai tây,24,4,22,17-17-17
31.78,68.85,30.4,Đất sét,Cây đậu phộng (Lạc),38,0,0,Urea
22.04,42.62,30.2,Đất đỏ bazan,Cây chuối,10,4,45,DAP
21.17,53.65,26.09,Đất cát,Cây chuối,4,14,22,Urea
29.92,60.54,26.63,Đất thịt tơi xốp,Cây chè,13,1,34,28-28
37.31,76.05,41.17,Đất mùn,Cây mía,11,12,31,17-17-17
27.21,59.57,29.83,Đất thịt tơi xốp,Cây bông,9,18,24,Urea
24.24,50.03,61.83,Đất sét,Các loại hạt (hạt mè, hạt  cải),12,1,12,28-28
24.0,45.62,24.15,Đất cát,Cây chuối,14,15,14,14-35-14
29.25,63.08,52.62,Đất thịt tơi xốp,Cây mía,21,4,29,28-28
38.84,59.76,40.13,Đất thịt tơi xốp,Millets,13,3,35,Urea
27.56,57.7,65.07,Đất đỏ bazan,Khoai tây,9,8,32,14-35-14
28.68,67.29,22.56,Đất cát,Cây bông,7,0,37,20-20
33.64,66.85,33.19,Đất đỏ bazan,Cây đậu phộng (Lạc),3,19,17,14-35-14
38.58,69.85,53.04,Đất thịt tơi xốp,Cây chè,12,12,32,Urea
21.75,59.66,26.34,Đất sét,Cây chuối,15,4,12,17-17-17
29.28,50.3,33.27,Đất sét,Cây bắp,30,0,2,20-20
26.86,59.65,38.45,Đất cát,Cây đậu phộng (Lạc),24,0,22,28-28
30.57,62.75,27.2,Đất cát,Khoai tây,7,11,31,DAP
33.25,61.57,24.83,Đất cát,Millets,6,15,12,17-17-17
24.62,48.57,46.69,Đất đỏ bazan,Cây chè,21,0,21,28-28
34.81,52.08,24.15,Đất thịt tơi xốp,Các loại hạt (hạt mè, hạt  cải),15,0,38,DAP
21.07,61.79,38.38,Đất sét,Khoai tây,9,8,10,17-17-17
34.84,64.32,51.31,Đất thịt tơi xốp,Cây đậu phộng (Lạc),15,13,14,17-17-17
35.16,68.01,47.87,Đất sét,Cây đậu phộng (Lạc),6,11,28,DAP
30.7,55.66,49.99,Đất cát,Millets,41,0,1,Urea
25.09,67.19,40.04,Đất mùn,Cây đậu phộng (Lạc),17,0,19,DAP
29.06,54.83,25.81,Đất cát,Cây đậu phộng (Lạc),26,0,24,14-35-14
34.1,57.5,52.38,Đất đỏ bazan,Cây mía,10,0,41,DAP
31.75,69.81,26.93,Đất mùn,Cây đậu phộng (Lạc),10,1,36,Urea
27.94,51.24,67.82,Đất mùn,Cây chè,8,0,11,20-20
36.3,61.96,55.25,Đất sét,Cây chuối,4,4,26,Urea
32.17,59.99,29.91,Đất thịt tơi xốp,Các loại hạt (hạt mè, hạt  cải),10,4,32,14-35-14
32.6,55.24,25.85,Đất đỏ bazan,Các loại đậu,10,11,25,14-35-14
21.11,46.75,40.36,Đất mùn,Cây lúa,13,0,6,28-28
27.76,48.25,32.92,Đất sét,Khoai tây,8,0,8,17-17-17
24.97,56.24,31.96,Đất thịt tơi xốp,Các loại đậu,38,1,0,DAP
33.13,59.46,51.97,Đất cát,Khoai tây,21,0,20,14-35-14
22.97,50.21,48.12,Đất thịt tơi xốp,Millets,23,0,18,10-26-26
30.37,53.97,39.69,Đất thịt tơi xốp,Cây mía,14,1,38,10-26-26
22.99,40.85,53.03,Đất thịt tơi xốp,Millets,11,14,16,DAP
33.79,70.29,36.68,Đất thịt tơi xốp,Cây chuối,20,0,22,28-28
33.8,56.61,45.77,Đất đỏ bazan,Các loại đậu,9,14,10,20-20
35.21,60.24,45.82,Đất cát,Millets,23,4,26,17-17-17
21.68,57.54,26.22,Đất sét,Khoai tây,16,0,12,10-26-26
25.54,55.47,43.59,Đất thịt tơi xốp,Cây mía,27,0,21,DAP
29.88,47.26,53.13,Đất thịt tơi xốp,Cây chuối,4,22,11,Urea
28.2,67.68,36.91,Đất sét,Cây bắp,8,20,19,17-17-17
31.52,62.57,31.45,Đất đỏ bazan,Millets,39,4,2,20-20
33.21,57.68,38.86,Đất sét,Các loại hạt (hạt mè, hạt  cải),22,0,20,Urea
28.13,56.05,29.83,Đất đỏ bazan,Cây bông,33,0,1,Urea
24.11,47.61,64.23,Đất đỏ bazan,Cây bắp,13,4,8,10-26-26
35.31,70.81,53.98,Đất đỏ bazan,Cây bông,42,1,3,14-35-14
29.83,60.95,39.12,Đất sét,Các loại đậu,8,10,11,10-26-26
26.17,50.41,34.14,Đất sét,Cây chè,32,3,3,10-26-26
33.95,67.71,34.77,Đất cát,Các loại đậu,10,0,43,DAP
34.66,67.58,55.82,Đất sét,Cây mía,13,0,12,20-20
33.61,51.43,21.75,Đất mùn,Cây đậu phộng (Lạc),39,1,0,28-28
21.95,50.68,43.79,Đất mùn,Cây chè,41,2,0,10-26-26
29.67,60.39,41.65,Đất thịt tơi xốp,Các loại hạt (hạt mè, hạt  cải),19,3,15,10-26-26
30.3,64.8,39.21,Đất cát,Các loại hạt (hạt mè, hạt  cải),25,0,22,DAP
24.96,55.02,37.99,Đất cát,Cây lúa,13,1,8,DAP
32.56,72.74,47.31,Đất mùn,Khoai tây,14,14,7,DAP
29.01,69.98,40.41,Đất mùn,Cây chuối,17,0,15,10-26-26
36.18,57.1,69.39,Đất thịt tơi xốp,Cây mía,17,0,34,14-35-14
36.38,55.25,66.99,Đất đỏ bazan,Cây lúa,19,0,22,Urea
35.93,62.65,54.57,Đất đỏ bazan,Các loại đậu,18,0,40,DAP
38.59,58.32,22.54,Đất cát,Cây bông,12,6,32,DAP
35.4,71.15,68.71,Đất thịt tơi xốp,Cây mía,25,0,19,DAP
35.82,67.5,35.88,Đất đỏ bazan,Các loại đậu,39,3,1,14-35-14
26.32,57.24,34.69,Đất đỏ bazan,Khoai tây,19,0,29,DAP
20.87,52.12,44.25,Đất mùn,Các loại đậu,19,0,21,Urea
28.55,52.81,50.01,Đất đỏ bazan,Các loại hạt (hạt mè, hạt  cải),13,3,40,28-28
23.55,44.85,38.3,Đất sét,Cây bắp,17,0,12,28-28
27.9,56.05,35.89,Đất đỏ bazan,Cây lúa,36,2,0,28-28
31.89,64.06,35.44,Đất đỏ bazan,Các loại hạt (hạt mè, hạt  cải),36,3,0,28-28
38.18,64.93,44.1,Đất đỏ bazan,Khoai tây,4,5,30,28-28
33.68,55.49,34.75,Đất thịt tơi xốp,Cây lúa,5,13,24,Urea
33.96,63.95,35.17,Đất mùn,Cây chuối,8,4,28,17-17-17
27.22,60.5,39.08,Đất đỏ bazan,Khoai tây,39,4,2,Urea
28.88,55.9,30.64,Đất mùn,Cây bông,16,4,7,Urea
27.05,61.36,20.0,Đất thịt tơi xốp,Cây đậu phộng (Lạc),7,4,36,17-17-17
24.86,53.59,48.95,Đất mùn,Cây chè,22,3,28,10-26-26
30.02,45.23,32.68,Đất cát,Cây mía,35,0,0,28-28
34.35,63.85,55.26,Đất mùn,Cây mía,36,0,1,DAP
31.31,63.35,63.08,Đất sét,Cây bắp,9,1,14,DAP
29.49,61.66,51.22,Đất cát,Cây bắp,15,0,14,14-35-14
36.16,61.54,37.54,Đất thịt tơi xốp,Cây chuối,11,2,37,DAP
30.06,50.33,41.32,Đất cát,Cây bông,36,0,0,17-17-17
26.23,63.15,63.34,Đất cát,Cây đậu phộng (Lạc),7,9,28,28-28
34.31,72.57,43.94,Đất đỏ bazan,Cây chuối,40,0,0,Urea
32.15,57.38,34.34,Đất mùn,Millets,19,0,34,14-35-14
31.4,63.38,33.1,Đất đỏ bazan,Các loại đậu,10,8,33,10-26-26
22.78,60.52,42.05,Đất đỏ bazan,Cây bắp,39,3,0,28-28
34.4,69.58,53.39,Đất đỏ bazan,Millets,37,4,0,DAP
29.5,52.2,23.95,Đất đỏ bazan,Các loại đậu,31,0,0,28-28
38.09,64.63,48.69,Đất sét,Các loại hạt (hạt mè, hạt  cải),7,13,10,20-20
32.69,64.23,53.47,Đất sét,Cây mía,3,17,18,DAP
31.0,69.87,70.0,Đất thịt tơi xốp,Khoai tây,8,12,10,10-26-26
26.94,56.72,39.94,Đất cát,Cây chè,8,18,10,28-28
34.54,69.83,51.36,Đất thịt tơi xốp,Cây đậu phộng (Lạc),8,0,33,Urea
27.54,61.58,33.57,Đất cát,Cây chuối,11,0,16,DAP
33.06,58.19,38.52,Đất cát,Cây bông,41,0,0,20-20
31.85,60.43,55.57,Đất thịt tơi xốp,Millets,7,15,14,17-17-17
30.72,58.92,37.12,Đất thịt tơi xốp,Khoai tây,40,0,0,14-35-14
30.93,51.93,59.3,Đất sét,Millets,12,0,30,Urea
32.82,51.28,43.6,Đất mùn,Các loại hạt (hạt mè, hạt  cải),12,4,15,DAP
38.48,75.65,60.75,Đất đỏ bazan,Cây chè,19,4,39,Urea
30.05,52.42,36.56,Đất sét,Khoai tây,8,1,10,17-17-17
32.52,68.89,20.1,Đất thịt tơi xốp,Cây bắp,10,1,41,10-26-26
36.56,57.49,36.1,Đất cát,Cây chè,36,4,0,14-35-14
35.24,58.34,70.0,Đất đỏ bazan,Các loại hạt (hạt mè, hạt  cải),16,2,41,14-35-14
36.62,59.89,60.47,Đất sét,Millets,32,0,2,DAP
36.55,74.21,57.63,Đất mùn,Cây bắp,8,9,26,10-26-26
28.24,54.65,34.37,Đất thịt tơi xốp,Cây chè,9,2,10,14-35-14
34.81,71.07,65.13,Đất cát,Cây đậu phộng (Lạc),9,8,19,20-20
33.96,61.85,38.37,Đất mùn,Cây chè,11,4,36,14-35-14
38.66,57.13,38.41,Đất đỏ bazan,Millets,26,0,17,Urea
31.6,44.66,29.0,Đất đỏ bazan,Khoai tây,36,0,0,10-26-26
29.13,60.0,59.01,Đất sét,Khoai tây,41,0,1,10-26-26
27.19,41.27,67.57,Đất thịt tơi xốp,Các loại hạt (hạt mè, hạt  cải),11,1,5,10-26-26
31.59,60.6,35.3,Đất cát,Millets,10,9,19,17-17-17
32.81,55.45,48.08,Đất mùn,Millets,0,16,15,28-28
32.75,63.09,59.4,Đất cát,Cây bắp,9,13,35,28-28
27.87,61.74,37.0,Đất sét,Millets,26,1,23,DAP
38.12,64.6,30.72,Đất thịt tơi xốp,Millets,36,0,3,10-26-26
22.16,53.56,37.96,Đất đỏ bazan,Cây đậu phộng (Lạc),16,8,9,14-35-14
38.32,64.18,57.84,Đất thịt tơi xốp,Các loại hạt (hạt mè, hạt  cải),26,1,14,10-26-26
33.42,63.69,60.05,Đất sét,Cây đậu phộng (Lạc),17,0,32,10-26-26
25.72,54.34,33.33,Đất cát,Cây bông,11,16,22,20-20
21.15,51.19,29.68,Đất đỏ bazan,Cây mía,13,14,10,28-28
34.09,70.6,61.54,Đất mùn,Cây mía,15,0,43,DAP
29.46,63.38,62.2,Đất thịt tơi xốp,Cây mía,13,0,11,10-26-26
25.92,43.31,64.77,Đất thịt tơi xốp,Các loại đậu,40,0,2,17-17-17
35.55,69.73,53.43,Đất mùn,Khoai tây,8,14,22,20-20
34.25,53.36,35.9,Đất đỏ bazan,Các loại hạt (hạt mè, hạt  cải),42,0,0,DAP
30.97,57.22,43.37,Đất thịt tơi xốp,Các loại đậu,13,0,36,17-17-17
35.2,68.47,37.24,Đất cát,Cây mía,12,2,37,10-26-26
38.71,73.81,59.76,Đất cát,Cây đậu phộng (Lạc),41,0,1,Urea
27.71,60.06,36.77,Đất đỏ bazan,Cây bông,28,0,19,DAP
37.03,63.45,41.49,Đất mùn,Các loại đậu,45,2,3,14-35-14
27.23,58.51,45.98,Đất mùn,Cây chè,35,0,0,14-35-14
26.97,48.53,43.66,Đất mùn,Cây bông,14,4,27,14-35-14
32.92,65.89,35.29,Đất cát,Cây lúa,9,4,9,17-17-17
34.48,69.0,39.73,Đất đỏ bazan,Cây đậu phộng (Lạc),14,3,37,28-28
33.94,63.51,41.89,Đất mùn,Cây đậu phộng (Lạc),22,1,18,17-17-17
24.62,49.8,42.81,Đất thịt tơi xốp,Cây lúa,6,0,18,10-26-26
25.36,63.37,30.4,Đất thịt tơi xốp,Khoai tây,19,0,25,14-35-14
26.91,59.1,36.25,Đất thịt tơi xốp,Cây bắp,38,2,0,28-28
29.0,55.01,42.96,Đất thịt tơi xốp,Các loại đậu,43,0,0,17-17-17
23.18,55.93,31.73,Đất cát,Cây chè,16,0,8,17-17-17
25.19,58.09,62.65,Đất sét,Khoai tây,7,3,13,Urea
30.44,67.97,37.89,Đất cát,Cây bắp,26,4,20,28-28
31.66,60.47,54.89,Đất thịt tơi xốp,Cây đậu phộng (Lạc),5,11,32,Urea
32.64,64.3,55.06,Đất đỏ bazan,Millets,27,0,21,20-20
35.96,77.25,46.31,Đất cát,Các loại đậu,9,14,16,10-26-26
27.57,53.84,61.93,Đất đỏ bazan,Cây lúa,40,0,2,28-28
35.24,70.01,41.45,Đất mùn,Cây chè,10,0,45,10-26-26
32.01,75.48,46.92,Đất mùn,Các loại đậu,9,4,39,28-28
28.57,68.99,26.74,Đất thịt tơi xốp,Cây bông,14,1,38,17-17-17
29.65,74.25,48.5,Đất sét,Cây chuối,15,13,12,20-20
31.88,54.26,51.83,Đất cát,Millets,20,1,15,14-35-14
30.33,61.47,37.93,Đất sét,Cây chè,13,10,20,10-26-26
34.43,71.22,33.72,Đất mùn,Khoai tây,36,0,3,17-17-17
30.99,57.9,54.41,Đất thịt tơi xốp,Millets,8,0,11,28-28
25.38,47.27,38.73,Đất cát,Cây mía,27,0,17,20-20
29.31,42.8,34.07,Đất mùn,Cây bông,10,20,20,14-35-14
22.93,58.67,22.0,Đất sét,Cây chuối,17,3,40,17-17-17
32.33,62.09,28.28,Đất đỏ bazan,Cây bắp,23,0,20,20-20
23.94,52.75,22.5,Đất đỏ bazan,Cây mía,11,0,7,17-17-17
26.11,44.04,20.63,Đất thịt tơi xốp,Cây bắp,16,1,15,14-35-14
34.03,68.66,20.0,Đất cát,Cây lúa,4,5,25,20-20
28.66,50.21,39.99,Đất sét,Cây đậu phộng (Lạc),13,0,43,10-26-26
29.25,57.38,56.74,Đất sét,Cây bông,35,0,0,20-20
26.73,63.35,28.54,Đất đỏ bazan,Cây bắp,7,1,18,14-35-14
29.75,52.14,42.92,Đất đỏ bazan,Các loại đậu,23,0,19,10-26-26
34.74,69.51,46.51,Đất đỏ bazan,Cây mía,9,22,21,10-26-26
25.21,53.68,31.32,Đất mùn,Cây mía,25,0,21,10-26-26
26.97,51.24,63.49,Đất mùn,Cây bông,36,4,0,Urea
31.39,63.52,49.6,Đất thịt tơi xốp,Millets,14,1,6,14-35-14
39.5,68.84,59.07,Đất cát,Các loại hạt (hạt mè, hạt  cải),40,0,3,17-17-17
34.34,68.17,58.41,Đất đỏ bazan,Cây bắp,12,8,18,28-28
32.1,63.35,34.52,Đất sét,Cây bông,11,0,43,14-35-14
30.78,59.71,47.46,Đất thịt tơi xốp,Cây chuối,7,0,34,10-26-26
27.6,61.78,39.37,Đất mùn,Cây lúa,37,0,0,20-20
30.31,50.02,52.94,Đất sét,Cây chè,8,0,37,10-26-26
28.01,66.74,40.07,Đất cát,Các loại hạt (hạt mè, hạt  cải),39,0,0,20-20
29.01,49.29,48.79,Đất thịt tơi xốp,Khoai tây,15,12,15,DAP
34.92,71.93,35.76,Đất cát,Các loại hạt (hạt mè, hạt  cải),14,0,37,14-35-14
27.61,59.67,27.04,Đất cát,Cây bắp,35,1,0,14-35-14
30.73,51.55,50.9,Đất cát,Cây chè,17,0,33,DAP
27.12,57.97,29.2,Đất đỏ bazan,Cây đậu phộng (Lạc),36,0,0,17-17-17
31.4,55.24,50.94,Đất sét,Cây lúa,22,0,16,17-17-17
32.58,72.75,56.62,Đất đỏ bazan,Cây bông,26,0,19,20-20
31.08,53.63,67.76,Đất đỏ bazan,Các loại đậu,16,0,37,Urea
22.92,58.85,40.66,Đất cát,Cây chuối,7,14,24,10-26-26
33.69,68.75,64.77,Đất cát,Cây bông,7,11,30,28-28
38.32,63.67,32.08,Đất đỏ bazan,Các loại hạt (hạt mè, hạt  cải),8,0,34,20-20
27.0,53.84,49.81,Đất sét,Cây bông,24,2,24,DAP
31.16,64.16,61.68,Đất cát,Cây bông,8,17,14,Urea
36.68,51.39,43.94,Đất đỏ bazan,Cây mía,13,0,37,Urea
29.88,69.91,32.28,Đất cát,Khoai tây,27,0,25,10-26-26
28.79,61.44,38.2,Đất cát,Các loại hạt (hạt mè, hạt  cải),45,3,4,DAP
38.44,70.05,40.58,Đất thịt tơi xốp,Cây chuối,6,17,19,10-26-26
33.82,74.87,62.48,Đất thịt tơi xốp,Khoai tây,7,17,9,DAP
31.87,58.58,44.74,Đất mùn,Khoai tây,38,0,0,10-26-26
35.06,66.92,66.68,Đất cát,Cây bắp,15,7,12,10-26-26
31.51,53.12,38.43,Đất mùn,Các loại hạt (hạt mè, hạt  cải),16,0,10,28-28
27.12,59.72,32.35,Đất thịt tơi xốp,Các loại hạt (hạt mè, hạt  cải),9,10,27,DAP
30.3,53.26,50.53,Đất thịt tơi xốp,Cây bắp,5,6,30,28-28
30.39,50.71,35.06,Đất sét,Millets,40,2,3,14-35-14
30.46,61.98,38.7,Đất đỏ bazan,Millets,41,0,0,14-35-14
32.91,59.28,65.83,Đất đỏ bazan,Cây bắp,34,3,0,DAP
36.53,68.28,24.67,Đất mùn,Millets,26,1,16,Urea
31.2,63.41,20.0,Đất thịt tơi xốp,Các loại hạt (hạt mè, hạt  cải),5,13,27,14-35-14
25.88,51.25,47.05,Đất đỏ bazan,Các loại hạt (hạt mè, hạt  cải),21,2,26,DAP
25.16,49.77,36.67,Đất mùn,Cây mía,10,14,17,Urea
37.12,73.59,58.49,Đất đỏ bazan,Cây đậu phộng (Lạc),34,3,0,Urea
32.36,68.52,44.89,Đất thịt tơi xốp,Các loại hạt (hạt mè, hạt  cải),11,3,43,20-20
33.07,59.3,29.82,Đất cát,Cây chè,10,2,33,DAP
33.7,54.7,46.14,Đất cát,Millets,8,4,38,10-26-26
27.23,66.64,23.67,Đất mùn,Cây chuối,39,4,0,17-17-17
29.68,59.72,38.04,Đất cát,Cây lúa,13,0,35,17-17-17
26.52,49.31,24.53,Đất mùn,Cây bắp,14,0,5,10-26-26
28.59,68.77,43.37,Đất sét,Các loại đậu,26,2,21,10-26-26
27.05,63.47,50.21,Đất thịt tơi xốp,Các loại đậu,1,21,19,14-35-14
26.85,55.04,32.87,Đất đỏ bazan,Các loại đậu,16,0,14,14-35-14
35.75,65.56,56.3,Đất mùn,Cây mía,11,0,37,14-35-14
30.32,57.25,49.76,Đất đỏ bazan,Millets,3,10,37,Urea
25.58,44.88,44.58,Đất mùn,Millets,9,8,11,DAP
36.84,69.25,34.94,Đất sét,Cây mía,16,4,18,10-26-26
26.6,59.53,54.76,Đất thịt tơi xốp,Cây bắp,7,16,13,14-35-14
30.17,51.46,26.6,Đất sét,Cây chè,5,15,15,DAP
23.42,58.92,31.9,Đất mùn,Cây bông,25,3,20,17-17-17
34.71,70.96,45.56,Đất mùn,Các loại hạt (hạt mè, hạt  cải),9,14,11,28-28
23.21,61.42,38.75,Đất đỏ bazan,Cây mía,9,1,10,Urea
28.66,55.38,60.99,Đất đỏ bazan,Cây bông,13,0,11,17-17-17
31.02,55.51,28.28,Đất cát,Cây chuối,12,2,17,28-28
31.18,61.94,25.48,Đất sét,Cây mía,10,3,36,Urea
29.41,59.37,32.03,Đất cát,Cây đậu phộng (Lạc),38,1,4,14-35-14
37.15,54.95,39.11,Đất đỏ bazan,Khoai tây,16,0,43,28-28
33.32,69.38,35.87,Đất sét,Cây lúa,11,3,28,DAP
24.37,53.17,55.48,Đất đỏ bazan,Cây chuối,11,0,36,DAP
27.64,40.23,66.03,Đất đỏ bazan,Cây mía,38,3,3,Urea
25.47,54.39,36.46,Đất thịt tơi xốp,Khoai tây,37,0,4,Urea
35.97,56.77,47.57,Đất thịt tơi xốp,Cây bắp,5,15,21,DAP
29.73,55.37,43.18,Đất đỏ bazan,Cây bắp,25,3,25,14-35-14
30.34,70.27,32.51,Đất mùn,Khoai tây,6,11,33,10-26-26
24.16,62.88,41.92,Đất sét,Cây bông,19,0,21,DAP
36.79,58.13,54.07,Đất đỏ bazan,Khoai tây,20,3,15,14-35-14
35.66,58.0,53.6,Đất cát,Cây chè,11,16,15,DAP
31.46,52.2,31.78,Đất mùn,Cây đậu phộng (Lạc),24,0,23,28-28
27.52,50.05,30.28,Đất sét,Cây mía,15,1,12,20-20
31.72,56.61,58.53,Đất cát,Cây chuối,37,0,0,17-17-17
30.56,61.41,56.55,Đất đỏ bazan,Khoai tây,4,0,14,14-35-14
36.1,60.94,59.0,Đất sét,Khoai tây,35,2,2,20-20
31.44,54.65,44.13,Đất cát,Các loại đậu,25,0,19,28-28
35.97,67.11,42.9,Đất sét,Khoai tây,3,11,31,DAP
24.32,56.99,61.02,Đất đỏ bazan,Các loại hạt (hạt mè, hạt  cải),32,2,1,14-35-14
28.32,58.66,47.07,Đất sét,Cây chè,16,1,38,20-20
32.94,58.34,26.77,Đất cát,Cây chè,40,0,0,Urea
34.71,60.07,27.77,Đất cát,Cây bắp,17,4,23,10-26-26
26.56,53.14,68.28,Đất sét,Millets,13,0,10,17-17-17
28.67,46.65,41.01,Đất sét,Cây bắp,39,0,0,Urea
38.53,71.59,55.4,Đất mùn,Cây chè,42,0,0,17-17-17
26.85,57.04,22.3,Đất đỏ bazan,Cây bông,16,0,41,17-17-17
37.69,56.38,57.45,Đất sét,Cây mía,7,2,8,10-26-26
30.5,44.64,38.98,Đất thịt tơi xốp,Cây bắp,40,0,1,20-20
26.28,48.68,70.0,Đất đỏ bazan,Cây mía,34,4,2,Urea
25.57,62.06,37.05,Đất sét,Cây mía,12,4,13,20-20
36.47,68.04,31.14,Đất thịt tơi xốp,Cây đậu phộng (Lạc),15,0,34,14-35-14
29.61,61.46,58.05,Đất sét,Cây bắp,13,15,16,20-20
32.27,43.73,42.3,Đất đỏ bazan,Cây đậu phộng (Lạc),11,0,31,10-26-26
32.45,72.32,58.58,Đất đỏ bazan,Cây mía,35,4,4,17-17-17
31.45,59.69,21.84,Đất sét,Cây bông,36,2,3,20-20
30.78,58.79,47.7,Đất sét,Cây mía,27,4,19,DAP
34.17,50.98,30.6,Đất thịt tơi xốp,Cây lúa,14,0,42,Urea
28.46,59.53,22.83,Đất cát,Các loại hạt (hạt mè, hạt  cải),40,4,0,28-28
31.84,70.47,33.25,Đất cát,Cây lúa,5,4,34,DAP
32.44,68.93,49.8,Đất thịt tơi xốp,Millets,41,1,1,17-17-17
29.94,66.26,49.69,Đất sét,Cây chuối,11,0,5,20-20
31.34,71.35,48.67,Đất thịt tơi xốp,Khoai tây,10,15,12,20-20
25.63,62.91,41.61,Đất sét,Cây chè,20,0,22,DAP
34.35,55.97,36.25,Đất sét,Millets,33,1,0,20-20
30.51,65.48,56.53,Đất sét,Cây bông,6,5,27,17-17-17
37.83,68.34,49.42,Đất thịt tơi xốp,Millets,38,0,0,14-35-14
24.16,50.01,55.95,Đất cát,Cây mía,3,10,28,28-28
30.37,56.03,56.06,Đất đỏ bazan,Cây chuối,26,0,14,14-35-14
20.52,53.81,70.0,Đất thịt tơi xốp,Cây mía,7,4,9,14-35-14
30.38,62.75,49.15,Đất mùn,Millets,9,0,31,DAP
26.95,66.15,29.7,Đất sét,Cây bắp,37,0,0,10-26-26
30.91,45.69,26.52,Đất đỏ bazan,Millets,17,0,13,17-17-17
28.2,65.07,29.22,Đất thịt tơi xốp,Các loại đậu,3,12,33,28-28
33.24,67.96,42.8,Đất thịt tơi xốp,Cây đậu phộng (Lạc),14,0,36,DAP
26.61,61.2,31.07,Đất mùn,Cây mía,8,2,10,14-35-14
30.87,49.79,47.29,Đất cát,Cây chè,23,0,24,20-20
29.27,66.25,31.4,Đất mùn,Cây lúa,19,2,22,10-26-26
23.6,58.44,26.7,Đất thịt tơi xốp,Các loại hạt (hạt mè, hạt  cải),28,0,14,28-28
36.42,67.17,50.44,Đất cát,Cây bông,36,3,0,28-28
20.0,55.62,31.35,Đất mùn,Cây đậu phộng (Lạc),9,20,16,17-17-17
29.8,56.47,33.35,Đất sét,Cây chuối,18,4,23,28-28
29.62,47.21,39.21,Đất thịt tơi xốp,Cây bông,38,0,0,Urea
22.62,42.74,22.19,Đất mùn,Cây mía,18,15,9,14-35-14
25.29,46.46,44.88,Đất thịt tơi xốp,Millets,9,14,10,Urea
32.55,48.07,47.11,Đất sét,Millets,37,0,1,28-28
32.87,61.85,40.26,Đất thịt tơi xốp,Cây mía,13,1,9,Urea
26.11,61.27,51.36,Đất thịt tơi xốp,Cây đậu phộng (Lạc),35,4,3,20-20
31.87,60.06,34.29,Đất thịt tơi xốp,Cây đậu phộng (Lạc),9,2,25,28-28
32.58,48.15,44.44,Đất mùn,Cây lúa,43,1,0,28-28
29.57,61.98,37.31,Đất sét,Cây mía,14,0,37,28-28
27.54,61.78,69.59,Đất thịt tơi xốp,Các loại hạt (hạt mè, hạt  cải),10,10,29,DAP
35.8,70.42,24.42,Đất cát,Cây bông,19,2,24,28-28
30.64,43.47,43.45,Đất sét,Khoai tây,20,2,16,10-26-26
33.81,60.32,39.79,Đất mùn,Millets,11,0,13,20-20
32.19,56.71,42.67,Đất sét,Cây đậu phộng (Lạc),19,1,19,17-17-17
24.9,56.17,38.53,Đất mùn,Các loại đậu,3,22,16,20-20
30.68,53.52,44.75,Đất đỏ bazan,Cây bông,12,0,13,DAP
27.75,51.19,44.54,Đất đỏ bazan,Khoai tây,6,17,17,DAP
32.06,56.81,35.82,Đất thịt tơi xốp,Cây mía,17,0,21,14-35-14
32.21,61.12,67.23,Đất sét,Cây lúa,14,16,10,10-26-26
33.28,65.51,47.53,Đất sét,Cây chè,16,0,10,14-35-14
26.89,53.69,24.47,Đất mùn,Cây bông,12,3,27,10-26-26
31.99,66.28,51.34,Đất đỏ bazan,Cây bắp,22,0,14,DAP
40.0,75.62,45.82,Đất thịt tơi xốp,Cây bông,37,0,0,17-17-17
39.55,77.65,32.25,Đất cát,Cây lúa,39,0,0,DAP
31.1,54.3,49.85,Đất cát,Millets,26,0,17,17-17-17
30.71,50.67,62.58,Đất thịt tơi xốp,Các loại hạt (hạt mè, hạt  cải),10,11,33,Urea
36.09,74.92,37.36,Đất đỏ bazan,Cây bắp,13,4,34,DAP
32.41,73.63,40.09,Đất mùn,Cây mía,42,0,0,DAP
20.41,47.39,70.0,Đất mùn,Cây lúa,9,0,12,14-35-14
39.16,63.48,44.6,Đất thịt tơi xốp,Millets,9,12,32,17-17-17
29.43,48.63,56.66,Đất đỏ bazan,Cây chuối,23,0,21,17-17-17
25.23,48.9,32.37,Đất sét,Cây lúa,35,0,1,20-20
27.82,57.4,31.09,Đất đỏ bazan,Các loại hạt (hạt mè, hạt  cải),42,0,0,28-28
26.28,53.62,61.96,Đất mùn,Cây lúa,13,10,29,Urea
29.07,44.79,38.69,Đất thịt tơi xốp,Cây lúa,39,0,0,DAP
29.07,56.85,52.96,Đất sét,Các loại hạt (hạt mè, hạt  cải),21,0,22,17-17-17
27.78,53.53,62.54,Đất thịt tơi xốp,Cây chuối,13,8,10,DAP
31.27,64.6,62.52,Đất mùn,Các loại đậu,6,4,29,28-28
23.13,50.43,38.07,Đất sét,Cây lúa,32,4,0,28-28
30.36,62.15,33.85,Đất cát,Các loại đậu,36,3,0,Urea
27.51,66.12,33.06,Đất sét,Khoai tây,26,0,23,DAP
36.98,65.69,42.05,Đất mùn,Các loại hạt (hạt mè, hạt  cải),40,0,4,20-20
24.77,53.31,26.82,Đất cát,Cây bắp,8,1,5,20-20
29.73,65.86,46.73,Đất sét,Khoai tây,40,3,0,17-17-17
28.3,50.98,67.77,Đất thịt tơi xốp,Cây chuối,14,0,18,DAP
35.46,67.95,51.35,Đất mùn,Cây lúa,14,0,38,Urea
38.51,72.13,44.07,Đất cát,Millets,14,3,39,Urea
26.83,56.77,54.59,Đất mùn,Các loại đậu,24,1,15,17-17-17
34.03,53.39,46.23,Đất thịt tơi xốp,Khoai tây,11,10,18,Urea
34.11,57.79,43.23,Đất đỏ bazan,Cây mía,26,1,23,17-17-17
23.16,58.93,47.74,Đất mùn,Millets,1,13,12,28-28
22.4,57.86,63.99,Đất mùn,Các loại đậu,10,0,8,Urea
25.11,62.03,42.44,Đất đỏ bazan,Cây chè,33,2,1,14-35-14
30.54,67.81,51.69,Đất sét,Cây bắp,34,0,0,Urea
40.0,77.33,57.68,Đất cát,Các loại đậu,35,0,0,14-35-14
29.77,67.26,46.16,Đất cát,Khoai tây,20,0,18,10-26-26
28.57,63.78,31.25,Đất thịt tơi xốp,Cây lúa,17,0,39,Urea
40.0,78.33,45.34,Đất thịt tơi xốp,Cây bắp,36,0,0,DAP
28.38,52.69,45.92,Đất cát,Khoai tây,9,5,30,DAP
25.14,49.84,20.0,Đất thịt tơi xốp,Cây bắp,15,16,10,10-26-26
32.76,59.14,55.84,Đất sét,Các loại hạt (hạt mè, hạt  cải),11,16,8,20-20
28.16,54.87,44.86,Đất sét,Khoai tây,10,4,4,14-35-14
32.63,54.58,41.18,Đất sét,Cây lúa,38,0,3,28-28
28.25,53.46,37.81,Đất cát,Các loại hạt (hạt mè, hạt  cải),12,0,36,14-35-14
27.1,58.81,28.94,Đất cát,Cây bắp,9,1,16,17-17-17
31.7,56.91,48.75,Đất thịt tơi xốp,Cây bắp,19,0,18,17-17-17
33.32,59.59,41.45,Đất đỏ bazan,Cây chuối,7,14,16,10-26-26
29.16,54.43,24.67,Đất đỏ bazan,Các loại hạt (hạt mè, hạt  cải),42,0,0,Urea
33.63,64.13,34.63,Đất cát,Cây bông,13,1,9,10-26-26
33.46,62.58,24.01,Đất sét,Các loại hạt (hạt mè, hạt  cải),1,14,17,DAP
29.49,61.99,38.54,Đất sét,Cây đậu phộng (Lạc),10,1,37,28-28
37.73,78.44,43.81,Đất mùn,Cây bắp,5,6,23,DAP
32.28,57.19,36.23,Đất đỏ bazan,Cây chuối,10,0,43,10-26-26
32.34,69.02,43.22,Đất đỏ bazan,Cây đậu phộng (Lạc),10,2,10,17-17-17
30.69,61.53,44.72,Đất cát,Cây đậu phộng (Lạc),12,10,8,17-17-17
28.05,59.27,27.07,Đất đỏ bazan,Cây chè,7,3,13,20-20
36.17,61.99,40.86,Đất sét,Các loại đậu,8,0,41,28-28
26.77,64.03,57.33,Đất đỏ bazan,Các loại hạt (hạt mè, hạt  cải),9,5,27,20-20
33.21,59.82,45.42,Đất mùn,Cây bông,20,0,17,10-26-26
30.82,55.95,70.0,Đất mùn,Cây chuối,40,0,1,10-26-26
34.65,70.51,57.0,Đất thịt tơi xốp,Khoai tây,40,0,3,28-28
30.43,70.25,53.78,Đất đỏ bazan,Cây bắp,11,9,18,17-17-17
22.87,45.11,21.74,Đất thịt tơi xốp,Cây mía,13,13,13,DAP
22.79,48.84,56.1,Đất thịt tơi xốp,Cây lúa,6,0,12,Urea
26.32,63.21,69.24,Đất đỏ bazan,Cây bắp,14,0,37,17-17-17
31.25,69.0,50.68,Đất cát,Cây bắp,13,9,35,17-17-17
31.95,57.54,27.63,Đất mùn,Millets,8,15,20,17-17-17
27.03,63.0,44.8,Đất mùn,Cây bắp,8,17,18,DAP
39.45,77.38,41.31,Đất đỏ bazan,Khoai tây,8,1,42,10-26-26
27.13,53.92,67.62,Đất thịt tơi xốp,Khoai tây,9,7,25,Urea
31.83,61.48,51.62,Đất sét,Cây đậu phộng (Lạc),9,0,32,14-35-14
21.37,57.03,60.02,Đất cát,Millets,6,0,9,17-17-17
28.78,45.41,33.28,Đất đỏ bazan,Millets,12,3,29,17-17-17
33.44,67.72,40.98,Đất mùn,Cây bắp,13,6,33,DAP
33.14,57.63,47.22,Đất mùn,Cây chè,14,0,12,Urea
29.37,74.97,35.82,Đất đỏ bazan,Các loại đậu,21,0,24,10-26-26
28.65,63.42,42.26,Đất mùn,Cây chuối,21,1,17,10-26-26
28.31,57.46,30.33,Đất cát,Millets,37,0,4,14-35-14
37.01,59.22,39.3,Đất cát,Cây bông,11,0,37,14-35-14
24.68,49.73,57.68,Đất thịt tơi xốp,Khoai tây,36,0,0,17-17-17
23.48,47.26,34.88,Đất mùn,Khoai tây,18,0,21,Urea
34.27,69.31,41.01,Đất mùn,Các loại hạt (hạt mè, hạt  cải),38,0,0,17-17-17
24.87,66.48,38.24,Đất thịt tơi xốp,Cây đậu phộng (Lạc),13,17,16,17-17-17
31.6,46.43,60.07,Đất mùn,Cây chè,35,0,0,17-17-17
33.9,64.42,47.41,Đất cát,Millets,23,0,13,28-28
29.68,61.79,25.12,Đất mùn,Cây chuối,40,3,0,20-20
36.07,67.14,27.42,Đất sét,Các loại hạt (hạt mè, hạt  cải),35,1,0,Urea
30.88,47.99,36.9,Đất cát,Khoai tây,44,0,3,DAP
23.28,50.87,49.11,Đất sét,Cây lúa,20,0,21,10-26-26
25.46,51.66,35.48,Đất sét,Cây mía,23,4,14,17-17-17
31.97,56.88,44.52,Đất cát,Khoai tây,7,9,27,10-26-26
33.65,54.44,47.34,Đất mùn,Các loại đậu,20,0,20,28-28
29.41,52.2,37.85,Đất sét,Cây chuối,42,0,0,28-28
33.14,53.67,35.54,Đất mùn,Cây chuối,11,0,40,DAP
34.04,51.83,35.12,Đất mùn,Cây bắp,7,12,25,10-26-26
29.59,69.84,47.02,Đất cát,Khoai tây,45,4,2,DAP
21.86,61.37,27.44,Đất sét,Millets,9,17,15,10-26-26
25.15,53.19,39.29,Đất cát,Các loại đậu,7,10,23,10-26-26
28.5,65.02,37.98,Đất thịt tơi xốp,Cây chè,18,0,38,14-35-14
25.95,54.58,31.28,Đất thịt tơi xốp,Cây bông,8,0,13,28-28
28.8,55.76,35.61,Đất mùn,Khoai tây,9,0,35,20-20
28.73,63.67,33.14,Đất mùn,Cây lúa,10,0,13,17-17-17
28.11,45.22,66.38,Đất đỏ bazan,Cây bắp,14,3,19,DAP
24.63,51.74,20.0,Đất mùn,Cây lúa,10,14,25,17-17-17
24.23,60.39,25.34,Đất mùn,Cây đậu phộng (Lạc),38,0,1,DAP
35.44,59.69,21.57,Đất cát,Các loại đậu,8,0,36,Urea
32.54,55.61,56.88,Đất sét,Các loại hạt (hạt mè, hạt  cải),10,0,33,28-28
29.74,50.15,30.71,Đất thịt tơi xốp,Cây bông,24,2,25,10-26-26
32.17,47.61,35.09,Đất sét,Cây chè,44,0,0,10-26-26
31.94,53.5,34.06,Đất thịt tơi xốp,Cây chuối,6,1,14,17-17-17
32.9,54.1,49.07,Đất thịt tơi xốp,Cây chuối,10,0,4,Urea
30.2,44.61,36.62,Đất sét,Các loại đậu,21,0,22,DAP
28.07,71.72,34.22,Đất đỏ bazan,Cây chè,43,0,0,DAP
33.42,53.47,50.87,Đất cát,Các loại hạt (hạt mè, hạt  cải),7,2,36,28-28
38.9,76.36,23.34,Đất thịt tơi xốp,Khoai tây,8,3,38,10-26-26
28.68,59.59,30.67,Đất sét,Các loại hạt (hạt mè, hạt  cải),17,12,14,10-26-26
30.71,61.75,42.85,Đất mùn,Cây bắp,23,3,23,14-35-14
29.26,46.67,40.59,Đất sét,Cây bông,11,1,36,17-17-17
33.76,64.28,62.87,Đất cát,Millets,7,0,39,17-17-17
27.86,67.32,40.15,Đất sét,Cây mía,5,0,9,17-17-17
28.44,56.96,55.12,Đất thịt tơi xốp,Cây lúa,10,0,6,28-28
29.24,46.88,44.55,Đất thịt tơi xốp,Cây đậu phộng (Lạc),15,4,34,20-20
33.89,67.27,44.73,Đất sét,Cây mía,21,0,13,10-26-26
29.21,48.17,26.09,Đất đỏ bazan,Các loại hạt (hạt mè, hạt  cải),15,11,13,28-28
33.05,61.26,28.59,Đất thịt tơi xốp,Millets,20,0,22,14-35-14
27.83,50.75,31.94,Đất đỏ bazan,Cây lúa,15,0,44,14-35-14
25.88,42.06,48.59,Đất thịt tơi xốp,Cây bắp,15,4,31,10-26-26
37.68,64.53,62.03,Đất sét,Millets,17,0,36,DAP
35.76,52.2,41.09,Đất cát,Cây bắp,36,0,2,10-26-26
30.46,58.56,39.96,Đất cát,Cây chè,38,1,4,20-20
34.07,61.18,26.06,Đất thịt tơi xốp,Cây chè,7,4,33,Urea
34.33,54.12,42.26,Đất cát,Cây bắp,26,0,18,10-26-26
22.92,51.28,23.58,Đất sét,Millets,36,0,0,14-35-14
35.58,65.91,30.27,Đất đỏ bazan,Cây chè,11,0,12,14-35-14
31.27,50.14,42.65,Đất đỏ bazan,Cây đậu phộng (Lạc),42,2,2,DAP
26.24,60.66,48.23,Đất thịt tơi xốp,Cây chè,27,2,17,20-20
33.36,49.37,28.54,Đất thịt tơi xốp,Cây bông,16,0,36,DAP
27.0,58.9,67.14,Đất đỏ bazan,Cây lúa,10,0,10,Urea
34.61,56.25,58.99,Đất đỏ bazan,Các loại hạt (hạt mè, hạt  cải),41,0,0,28-28
25.43,50.03,57.43,Đất mùn,Các loại đậu,5,11,30,Urea
28.68,68.2,43.9,Đất cát,Cây bông,21,0,28,DAP
21.33,53.57,55.5,Đất sét,Millets,7,13,19,DAP
37.75,58.35,37.82,Đất đỏ bazan,Cây chuối,33,0,0,Urea
35.21,73.16,48.0,Đất thịt tơi xốp,Cây mía,8,4,13,28-28
29.75,56.27,31.85,Đất mùn,Cây đậu phộng (Lạc),6,11,28,20-20
23.77,54.99,41.64,Đất sét,Cây bắp,25,0,14,10-26-26
34.64,54.07,50.89,Đất thịt tơi xốp,Cây bắp,21,0,27,Urea
31.77,48.2,49.79,Đất sét,Millets,22,1,20,20-20
22.76,49.09,32.91,Đất thịt tơi xốp,Các loại đậu,1,22,19,14-35-14
32.98,66.5,41.35,Đất sét,Cây lúa,26,0,24,Urea
26.24,54.1,38.98,Đất mùn,Millets,12,0,11,20-20
31.48,62.77,52.55,Đất cát,Cây chè,18,4,16,28-28
30.87,68.3,42.11,Đất mùn,Cây bông,12,13,16,Urea
33.65,56.18,56.49,Đất cát,Các loại hạt (hạt mè, hạt  cải),8,10,15,28-28
24.49,60.36,22.61,Đất thịt tơi xốp,Millets,9,15,19,DAP
27.9,57.2,31.87,Đất sét,Các loại đậu,15,0,34,DAP
25.3,58.41,32.96,Đất mùn,Cây bắp,42,4,0,20-20
33.84,59.65,46.92,Đất sét,Các loại đậu,18,0,19,DAP
33.61,64.0,22.98,Đất cát,Các loại hạt (hạt mè, hạt  cải),8,11,29,DAP
32.61,72.07,32.62,Đất sét,Millets,13,3,37,14-35-14
26.98,44.04,66.35,Đất sét,Cây lúa,9,0,14,Urea
26.08,46.32,70.0,Đất cát,Cây lúa,43,0,4,28-28
23.46,44.89,36.24,Đất thịt tơi xốp,Cây lúa,15,4,38,28-28
22.68,55.72,37.57,Đất mùn,Cây chè,11,3,17,20-20
32.61,54.03,34.38,Đất mùn,Cây chuối,3,19,21,20-20
22.73,57.96,38.9,Đất đỏ bazan,Cây đậu phộng (Lạc),20,4,24,Urea
33.53,69.87,62.59,Đất cát,Cây chè,13,0,37,17-17-17
29.59,61.69,42.35,Đất cát,Các loại đậu,25,1,20,14-35-14
35.43,75.29,47.09,Đất sét,Cây đậu phộng (Lạc),11,8,32,14-35-14
28.02,58.94,45.14,Đất sét,Các loại đậu,8,0,33,DAP
28.71,50.83,38.48,Đất sét,Các loại hạt (hạt mè, hạt  cải),41,0,0,DAP
28.69,57.93,30.03,Đất cát,Cây mía,32,1,2,17-17-17
31.97,74.57,25.98,Đất mùn,Cây chuối,11,0,10,20-20
38.94,72.08,57.52,Đất thịt tơi xốp,Cây bắp,14,18,13,14-35-14
27.52,45.64,50.85,Đất thịt tơi xốp,Cây chuối,24,3,19,17-17-17
27.02,50.44,41.89,Đất sét,Cây chè,7,17,12,20-20
35.55,67.27,37.82,Đất cát,Các loại đậu,9,0,41,DAP
34.18,74.74,50.05,Đất đỏ bazan,Cây bắp,38,2,0,10-26-26
36.35,71.25,37.03,Đất cát,Millets,21,1,20,17-17-17
29.98,53.76,60.3,Đất mùn,Millets,9,0,38,17-17-17
22.47,54.03,32.7,Đất sét,Khoai tây,35,2,0,10-26-26
29.13,67.3,34.87,Đất thịt tơi xốp,Cây lúa,17,0,37,28-28
30.91,69.94,41.75,Đất cát,Cây bắp,17,0,11,10-26-26
28.89,56.51,48.61,Đất sét,Cây bắp,18,4,28,17-17-17
28.99,60.36,45.61,Đất thịt tơi xốp,Cây mía,16,0,40,28-28
27.53,56.83,40.73,Đất thịt tơi xốp,Các loại đậu,44,0,0,14-35-14
38.55,59.74,67.6,Đất đỏ bazan,Cây đậu phộng (Lạc),13,3,37,20-20
33.73,65.97,52.77,Đất sét,Các loại đậu,10,22,19,10-26-26
28.95,61.0,49.42,Đất cát,Cây lúa,5,5,24,10-26-26
29.44,60.05,37.08,Đất mùn,Các loại đậu,32,2,0,20-20
37.91,78.37,47.5,Đất thịt tơi xốp,Cây chè,37,4,2,14-35-14
22.06,53.64,62.43,Đất cát,Millets,38,0,2,Urea
29.9,50.37,36.94,Đất đỏ bazan,Cây bắp,10,17,21,14-35-14
29.48,65.8,57.41,Đất mùn,Cây bông,1,5,27,14-35-14
40.0,69.31,59.57,Đất cát,Cây chuối,40,0,4,DAP
25.82,56.18,61.74,Đất mùn,Cây chè,7,2,8,28-28
28.24,40.02,40.05,Đất đỏ bazan,Các loại đậu,1,17,15,20-20
32.76,51.56,45.73,Đất cát,Khoai tây,31,2,0,DAP
36.77,64.73,55.77,Đất đỏ bazan,Cây chè,8,3,28,17-17-17
20.58,55.92,31.05,Đất mùn,Khoai tây,21,0,18,14-35-14
21.55,53.17,35.77,Đất đỏ bazan,Cây lúa,22,1,18,DAP
31.85,64.85,57.26,Đất mùn,Các loại đậu,35,0,2,DAP
27.38,50.41,31.84,Đất sét,Cây lúa,16,0,36,17-17-17
24.4,57.91,27.16,Đất mùn,Millets,12,10,31,DAP
32.6,54.47,50.6,Đất sét,Cây mía,3,17,13,20-20
30.3,52.93,55.68,Đất mùn,Khoai tây,10,16,12,14-35-14
36.87,57.57,45.09,Đất sét,Cây chuối,4,9,33,17-17-17
34.86,62.76,36.35,Đất đỏ bazan,Cây chuối,2,21,13,28-28
35.65,71.86,53.99,Đất mùn,Cây đậu phộng (Lạc),44,0,0,14-35-14
30.31,50.43,35.53,Đất sét,Cây bắp,25,0,22,28-28
25.23,48.47,57.13,Đất đỏ bazan,Cây chuối,9,0,6,14-35-14
26.81,65.88,59.33,Đất mùn,Millets,10,0,5,20-20
38.19,61.79,70.0,Đất mùn,Cây mía,2,7,27,20-20
33.87,62.52,61.81,Đất cát,Millets,6,9,36,10-26-26
28.87,57.72,46.25,Đất sét,Cây mía,5,8,33,28-28
37.83,59.3,43.69,Đất mùn,Cây bông,13,11,12,17-17-17
29.8,59.07,54.15,Đất cát,Các loại hạt (hạt mè, hạt  cải),9,0,42,Urea
32.93,59.84,31.68,Đất mùn,Các loại đậu,12,0,34,28-28
26.86,48.06,41.76,Đất cát,Cây bắp,37,0,0,14-35-14
35.24,56.8,37.98,Đất đỏ bazan,Khoai tây,17,3,35,28-28
35.85,63.92,50.71,Đất mùn,Cây đậu phộng (Lạc),17,13,16,14-35-14
29.78,70.86,33.51,Đất sét,Khoai tây,12,0,9,20-20
21.61,58.34,25.13,Đất sét,Cây bắp,17,18,10,17-17-17
27.69,65.61,48.22,Đất đỏ bazan,Các loại hạt (hạt mè, hạt  cải),8,12,13,Urea
24.76,43.52,35.03,Đất cát,Khoai tây,34,1,4,17-17-17
30.93,47.92,53.87,Đất cát,Cây chè,8,3,33,14-35-14
29.99,54.05,36.41,Đất sét,Các loại đậu,16,0,13,20-20
28.32,51.25,38.83,Đất cát,Các loại hạt (hạt mè, hạt  cải),10,0,17,DAP
32.3,57.5,28.11,Đất thịt tơi xốp,Khoai tây,4,8,30,17-17-17
28.84,56.24,54.54,Đất mùn,Cây bắp,39,4,3,DAP
34.15,64.07,42.61,Đất sét,Cây đậu phộng (Lạc),17,4,22,20-20
34.1,59.07,37.26,Đất đỏ bazan,Cây lúa,21,0,26,14-35-14
29.23,57.13,41.46,Đất đỏ bazan,Cây bắp,42,3,1,20-20
32.1,61.91,33.02,Đất mùn,Khoai tây,11,5,25,10-26-26
29.11,56.7,40.85,Đất đỏ bazan,Các loại đậu,39,0,0,10-26-26
30.83,43.14,58.64,Đất thịt tơi xốp,Cây chuối,15,0,11,DAP
29.28,64.36,38.44,Đất thịt tơi xốp,Cây chuối,21,0,19,28-28
25.66,68.77,42.77,Đất cát,Cây chè,8,1,6,DAP
29.51,61.2,48.69,Đất mùn,Cây chuối,40,0,0,17-17-17
29.72,51.46,39.97,Đất thịt tơi xốp,Các loại hạt (hạt mè, hạt  cải),16,6,11,DAP
33.16,68.18,27.27,Đất mùn,Cây bắp,35,3,0,Urea
38.57,69.47,35.76,Đất cát,Khoai tây,16,0,37,DAP
30.4,58.65,58.25,Đất cát,Cây chè,9,3,36,28-28
34.75,70.91,33.64,Đất sét,Cây bắp,14,0,35,20-20
25.52,57.37,36.07,Đất cát,Cây lúa,15,15,20,28-28
27.58,60.64,42.28,Đất mùn,Cây chuối,14,2,12,DAP
33.06,73.54,63.25,Đất đỏ bazan,Cây mía,3,13,31,14-35-14
30.98,60.43,34.78,Đất sét,Millets,35,3,0,DAP
38.1,74.1,66.48,Đất mùn,Cây mía,33,0,3,17-17-17
28.06,60.94,51.32,Đất sét,Cây bông,12,0,5,10-26-26
25.92,63.87,37.41,Đất đỏ bazan,Cây mía,10,0,14,10-26-26
28.82,48.22,36.64,Đất mùn,Cây chè,34,3,0,Urea
37.06,75.75,28.48,Đất mùn,Các loại hạt (hạt mè, hạt  cải),12,0,34,Urea
32.73,68.98,46.02,Đất sét,Các loại đậu,25,0,27,Urea
29.23,61.98,39.5,Đất mùn,Cây mía,8,16,18,14-35-14
31.37,64.37,50.13,Đất sét,Các loại đậu,24,0,21,20-20
34.0,59.81,36.57,Đất cát,Cây chuối,18,3,24,DAP
31.81,58.06,49.03,Đất thịt tơi xốp,Cây chuối,12,10,11,Urea
22.25,58.5,48.46,Đất cát,Các loại đậu,19,0,14,20-20
31.1,60.2,37.11,Đất sét,Cây bắp,10,4,6,20-20
35.42,57.14,39.62,Đất cát,Các loại đậu,20,0,21,Urea
26.7,56.64,48.14,Đất thịt tơi xốp,Cây đậu phộng (Lạc),31,0,0,20-20
32.35,63.16,38.72,Đất đỏ bazan,Cây đậu phộng (Lạc),14,2,42,28-28
24.07,56.17,37.66,Đất thịt tơi xốp,Các loại đậu,38,0,0,DAP
36.03,64.38,52.82,Đất cát,Cây đậu phộng (Lạc),41,1,3,10-26-26
33.45,73.71,34.17,Đất sét,Khoai tây,27,0,25,28-28
34.69,66.52,43.91,Đất thịt tơi xốp,Cây chè,13,17,14,DAP
26.83,55.99,70.0,Đất thịt tơi xốp,Khoai tây,15,1,31,28-28
37.23,57.81,35.92,Đất đỏ bazan,Cây mía,38,1,3,Urea
37.91,67.79,65.15,Đất mùn,Khoai tây,14,2,42,17-17-17
32.7,52.68,51.6,Đất cát,Các loại hạt (hạt mè, hạt  cải),13,0,33,20-20
30.57,51.83,41.43,Đất thịt tơi xốp,Các loại đậu,39,0,0,20-20
27.81,50.2,35.57,Đất thịt tơi xốp,Các loại hạt (hạt mè, hạt  cải),20,0,18,28-28
28.53,48.81,31.53,Đất cát,Cây chè,13,7,13,Urea
32.33,66.18,32.51,Đất cát,Cây chè,45,1,0,14-35-14
34.3,69.48,20.0,Đất thịt tơi xốp,Millets,10,5,25,17-17-17
26.61,57.1,26.11,Đất mùn,Cây chè,10,0,43,DAP
30.74,57.16,66.9,Đất cát,Cây mía,38,0,3,20-20
24.54,66.05,39.14,Đất thịt tơi xốp,Cây lúa,15,0,34,20-20
34.76,60.13,44.36,Đất cát,Millets,15,4,42,17-17-17
25.47,55.49,58.13,Đất mùn,Cây mía,13,11,28,28-28
27.35,62.5,42.01,Đất cát,Khoai tây,12,4,12,14-35-14
28.11,55.71,25.36,Đất sét,Cây bắp,38,3,0,14-35-14
33.96,48.63,35.77,Đất cát,Khoai tây,21,0,26,DAP
36.51,58.06,51.75,Đất mùn,Các loại đậu,14,0,40,DAP
33.0,54.95,39.38,Đất mùn,Millets,4,0,16,DAP
24.16,49.21,39.12,Đất mùn,Cây chè,44,2,0,10-26-26
32.06,61.93,57.19,Đất sét,Millets,15,0,13,Urea
31.63,59.15,26.89,Đất thịt tơi xốp,Cây lúa,38,1,2,14-35-14
35.34,74.07,53.44,Đất mùn,Khoai tây,3,6,33,Urea
29.35,50.79,33.69,Đất mùn,Cây bông,38,0,0,20-20
33.25,55.48,47.7,Đất cát,Millets,19,0,16,17-17-17
30.75,58.05,65.23,Đất đỏ bazan,Cây bông,14,0,36,Urea
30.72,66.14,20.0,Đất đỏ bazan,Millets,2,19,21,17-17-17
22.18,48.97,24.49,Đất sét,Cây bắp,9,0,42,DAP
33.14,62.56,26.19,Đất cát,Các loại hạt (hạt mè, hạt  cải),9,12,29,Urea
21.2,48.29,57.03,Đất cát,Cây đậu phộng (Lạc),34,2,0,10-26-26
28.41,58.76,58.06,Đất đỏ bazan,Các loại hạt (hạt mè, hạt  cải),10,12,11,14-35-14
22.68,56.76,68.02,Đất thịt tơi xốp,Cây bông,8,0,11,10-26-26
37.59,56.26,44.68,Đất đỏ bazan,Cây chè,42,2,4,28-28
30.81,47.67,38.48,Đất cát,Cây mía,5,19,24,Urea
31.48,59.28,37.95,Đất thịt tơi xốp,Các loại đậu,23,1,25,14-35-14
29.47,59.62,31.33,Đất đỏ bazan,Cây mía,41,1,2,10-26-26
28.52,63.14,37.44,Đất thịt tơi xốp,Cây lúa,33,2,0,Urea
37.46,62.66,42.24,Đất sét,Millets,34,0,0,Urea
24.64,58.38,63.27,Đất mùn,Cây bắp,38,0,0,20-20
40.0,77.27,38.47,Đất đỏ bazan,Millets,15,0,40,17-17-17
22.31,49.61,31.26,Đất thịt tơi xốp,Cây chuối,17,0,17,DAP
29.54,59.13,40.66,Đất mùn,Cây mía,41,0,0,17-17-17
35.59,59.08,70.0,Đất thịt tơi xốp,Cây đậu phộng (Lạc),6,10,13,DAP
33.9,62.16,47.51,Đất cát,Các loại đậu,6,14,17,DAP
34.54,58.84,53.98,Đất thịt tơi xốp,Cây chè,10,19,13,28-28
33.48,58.65,32.9,Đất mùn,Cây mía,7,3,39,28-28
34.99,75.44,53.77,Đất mùn,Các loại hạt (hạt mè, hạt  cải),19,0,42,20-20
40.0,66.7,69.57,Đất đỏ bazan,Khoai tây,14,4,40,28-28
26.37,52.2,36.71,Đất mùn,Cây bông,17,4,44,14-35-14
30.89,58.66,49.31,Đất mùn,Khoai tây,15,0,8,14-35-14
28.31,43.74,42.46,Đất đỏ bazan,Khoai tây,8,0,35,20-20
24.14,51.65,39.68,Đất thịt tơi xốp,Cây mía,7,4,27,14-35-14
24.67,47.76,26.37,Đất mùn,Millets,35,1,2,10-26-26
23.6,55.67,40.76,Đất thịt tơi xốp,Các loại đậu,16,2,21,20-20
27.74,65.66,67.85,Đất mùn,Millets,13,0,36,17-17-17
27.83,41.06,29.89,Đất cát,Cây mía,15,16,7,Urea
28.66,64.42,38.34,Đất thịt tơi xốp,Các loại hạt (hạt mè, hạt  cải),13,15,11,28-28
27.57,47.43,38.87,Đất đỏ bazan,Cây mía,21,0,19,20-20
32.25,51.79,35.69,Đất thịt tơi xốp,Millets,14,0,10,DAP
33.02,48.8,52.02,Đất sét,Khoai tây,22,0,15,28-28
30.68,54.7,40.85,Đất thịt tơi xốp,Cây bắp,19,0,13,DAP
30.56,60.51,28.79,Đất đỏ bazan,Cây chuối,16,1,40,20-20
25.84,60.68,34.82,Đất cát,Cây bông,7,12,27,14-35-14
34.57,55.7,53.44,Đất sét,Các loại hạt (hạt mè, hạt  cải),43,0,0,14-35-14
26.71,55.16,44.94,Đất đỏ bazan,Cây bông,24,0,22,10-26-26
22.88,46.03,22.86,Đất thịt tơi xốp,Các loại hạt (hạt mè, hạt  cải),11,0,13,28-28
33.69,55.35,60.53,Đất thịt tơi xốp,Các loại hạt (hạt mè, hạt  cải),12,7,36,10-26-26
29.22,49.26,33.55,Đất đỏ bazan,Cây chuối,35,0,0,28-28
32.64,67.85,32.04,Đất mùn,Cây bắp,5,7,27,17-17-17
25.17,47.0,37.3,Đất thịt tơi xốp,Cây chè,6,22,13,10-26-26
30.7,57.61,50.29,Đất thịt tơi xốp,Các loại hạt (hạt mè, hạt  cải),16,0,7,Urea
29.75,58.55,65.87,Đất sét,Cây đậu phộng (Lạc),18,1,40,10-26-26
27.58,64.9,58.56,Đất đỏ bazan,Khoai tây,11,14,10,20-20
30.12,64.91,33.26,Đất cát,Millets,35,0,4,20-20
28.43,63.69,37.41,Đất cát,Millets,1,21,19,17-17-17
26.62,61.65,36.08,Đất mùn,Cây lúa,31,0,0,20-20
33.94,57.36,51.49,Đất sét,Millets,10,2,41,20-20
33.34,65.67,58.35,Đất thịt tơi xốp,Millets,12,3,37,17-17-17
31.03,54.07,57.8,Đất thịt tơi xốp,Cây bông,6,0,16,28-28
32.8,73.72,52.98,Đất sét,Các loại đậu,2,6,25,Urea
33.37,65.55,45.17,Đất đỏ bazan,Cây lúa,13,0,36,20-20
26.13,55.73,53.35,Đất đỏ bazan,Các loại hạt (hạt mè, hạt  cải),13,0,5,Urea
29.21,57.9,34.9,Đất đỏ bazan,Cây đậu phộng (Lạc),10,14,24,Urea
33.39,63.67,59.26,Đất thịt tơi xốp,Cây bắp,11,16,15,17-17-17
30.47,61.98,21.87,Đất thịt tơi xốp,Millets,42,0,1,DAP
24.6,59.94,58.54,Đất thịt tơi xốp,Cây đậu phộng (Lạc),12,0,12,17-17-17
32.18,53.01,45.88,Đất cát,Cây đậu phộng (Lạc),1,18,14,DAP
26.48,61.28,57.82,Đất cát,Cây mía,9,3,16,10-26-26
33.16,63.11,53.91,Đất cát,Các loại đậu,23,0,28,10-26-26
37.39,69.61,67.14,Đất đỏ bazan,Millets,38,0,2,20-20
38.64,74.69,33.53,Đất cát,Cây mía,14,3,16,Urea
22.93,59.18,36.33,Đất mùn,Các loại đậu,11,0,38,17-17-17
31.44,62.56,39.08,Đất đỏ bazan,Cây lúa,45,0,0,20-20
25.6,66.44,64.99,Đất sét,Cây chè,9,6,29,DAP
33.19,59.66,56.19,Đất mùn,Cây lúa,6,12,14,14-35-14
27.12,47.82,58.64,Đất sét,Cây mía,38,0,0,Urea
28.19,51.2,44.38,Đất sét,Cây bông,24,0,16,14-35-14
31.97,58.34,59.73,Đất đỏ bazan,Cây bông,6,11,32,DAP
34.13,65.02,35.68,Đất thịt tơi xốp,Cây bông,41,0,3,DAP
26.4,65.58,44.9,Đất cát,Cây bắp,27,0,20,Urea
37.03,63.45,39.53,Đất đỏ bazan,Cây bông,39,3,0,20-20
21.34,54.69,39.42,Đất đỏ bazan,Các loại đậu,20,2,26,14-35-14
30.34,57.74,34.86,Đất đỏ bazan,Millets,16,0,42,DAP
27.05,53.84,37.54,Đất thịt tơi xốp,Cây bắp,23,0,24,14-35-14
28.09,53.58,27.41,Đất mùn,Khoai tây,13,6,14,28-28
36.19,70.05,26.41,Đất thịt tơi xốp,Cây chuối,19,3,24,14-35-14
27.86,44.14,58.37,Đất thịt tơi xốp,Cây đậu phộng (Lạc),13,0,16,14-35-14
26.41,56.89,37.25,Đất mùn,Các loại hạt (hạt mè, hạt  cải),31,0,2,17-17-17
28.03,42.81,70.0,Đất thịt tơi xốp,Cây mía,5,0,14,10-26-26
29.21,57.22,49.29,Đất sét,Cây lúa,17,13,14,14-35-14
37.56,66.53,37.17,Đất thịt tơi xốp,Cây mía,15,0,39,14-35-14
35.57,69.22,38.56,Đất sét,Cây chè,26,0,17,28-28
34.43,59.77,62.97,Đất đỏ bazan,Cây bông,17,2,42,14-35-14
31.27,43.49,37.61,Đất mùn,Cây đậu phộng (Lạc),35,0,3,14-35-14
25.82,61.11,39.24,Đất đỏ bazan,Cây đậu phộng (Lạc),6,20,16,17-17-17
26.5,45.75,61.25,Đất đỏ bazan,Millets,36,0,0,DAP
34.03,60.39,43.18,Đất mùn,Cây mía,10,0,6,10-26-26
28.01,50.4,61.19,Đất đỏ bazan,Millets,6,2,11,DAP
28.67,55.39,64.88,Đất sét,Các loại hạt (hạt mè, hạt  cải),14,3,35,17-17-17
30.47,67.64,60.18,Đất đỏ bazan,Cây bông,39,0,0,17-17-17
29.93,66.3,55.91,Đất thịt tơi xốp,Cây bông,8,9,11,DAP
30.69,60.36,64.89,Đất mùn,Cây đậu phộng (Lạc),7,9,32,17-17-17
30.92,49.97,58.06,Đất mùn,Cây chè,13,0,37,Urea
28.21,57.45,20.0,Đất cát,Các loại đậu,18,13,13,DAP
27.18,64.47,30.84,Đất đỏ bazan,Cây lúa,15,17,18,20-20
21.63,57.62,34.24,Đất cát,Cây bắp,11,15,11,20-20
30.78,61.89,28.42,Đất sét,Millets,12,3,36,DAP
27.05,50.42,42.32,Đất sét,Cây lúa,10,4,11,17-17-17
31.18,47.51,35.51,Đất đỏ bazan,Cây chuối,13,12,25,17-17-17
31.88,56.55,43.06,Đất mùn,Cây bông,9,0,12,DAP
31.35,62.93,34.02,Đất sét,Cây đậu phộng (Lạc),17,2,28,14-35-14
30.99,59.97,63.35,Đất đỏ bazan,Cây chuối,13,0,14,DAP
32.83,55.64,40.91,Đất mùn,Cây chè,42,0,0,14-35-14
33.9,50.25,20.0,Đất đỏ bazan,Millets,7,19,12,10-26-26
24.38,50.13,34.67,Đất sét,Cây bông,13,3,33,28-28
31.49,58.29,37.49,Đất sét,Millets,44,0,0,14-35-14
31.93,53.26,30.3,Đất sét,Cây chuối,31,1,4,DAP
33.75,70.86,30.19,Đất mùn,Cây chè,25,0,16,10-26-26
36.49,72.03,52.71,Đất đỏ bazan,Cây chuối,9,13,23,17-17-17
33.91,50.88,53.37,Đất đỏ bazan,Cây lúa,5,3,32,Urea
40.0,76.4,57.23,Đất đỏ bazan,Cây mía,10,19,18,14-35-14
32.12,76.73,34.45,Đất thịt tơi xốp,Cây chuối,4,3,33,Urea
24.06,53.06,37.08,Đất cát,Cây mía,23,0,24,28-28
25.5,53.43,42.85,Đất đỏ bazan,Cây chè,5,10,31,17-17-17
34.0,59.76,27.52,Đất thịt tơi xốp,Cây bắp,13,0,41,DAP
22.5,58.83,39.36,Đất đỏ bazan,Các loại hạt (hạt mè, hạt  cải),10,4,12,Urea
38.66,60.15,57.58,Đất cát,Millets,38,0,3,DAP
33.03,59.23,50.06,Đất cát,Cây bông,9,7,28,17-17-17
27.05,53.34,70.0,Đất mùn,Khoai tây,10,1,10,28-28
27.27,62.47,57.15,Đất sét,Millets,16,0,5,DAP
29.07,56.52,53.78,Đất sét,Cây bông,5,14,11,Urea
38.17,66.45,68.55,Đất mùn,Cây bông,37,4,0,Urea
28.13,55.71,50.38,Đất sét,Cây bông,18,3,20,14-35-14
32.56,62.62,56.5,Đất sét,Cây bắp,11,0,40,DAP
30.84,47.62,28.08,Đất đỏ bazan,Millets,34,2,1,Urea
30.98,64.17,26.26,Đất đỏ bazan,Khoai tây,6,11,32,20-20
25.27,52.33,20.33,Đất mùn,Cây chè,15,0,36,20-20
29.51,47.21,49.01,Đất sét,Cây chuối,1,14,12,DAP
38.59,68.57,31.88,Đất mùn,Cây lúa,41,0,4,14-35-14
33.01,56.62,38.75,Đất cát,Các loại đậu,38,0,4,17-17-17
29.94,54.58,36.36,Đất cát,Cây bông,20,2,20,10-26-26
28.42,68.97,38.11,Đất cát,Cây đậu phộng (Lạc),35,1,1,20-20
31.81,62.69,55.11,Đất cát,Cây đậu phộng (Lạc),17,0,8,14-35-14
28.06,49.09,36.0,Đất sét,Khoai tây,21,0,26,28-28
32.09,67.57,37.6,Đất mùn,Cây mía,25,0,18,10-26-26
30.4,73.93,50.87,Đất sét,Cây bông,11,2,37,DAP
31.37,61.56,36.38,Đất sét,Các loại hạt (hạt mè, hạt  cải),12,0,33,20-20
28.4,64.69,20.0,Đất thịt tơi xốp,Cây chuối,9,8,30,DAP
35.46,68.5,33.83,Đất đỏ bazan,Cây lúa,7,3,32,14-35-14
33.36,48.62,48.04,Đất thịt tơi xốp,Cây lúa,9,0,36,14-35-14
30.09,51.69,31.75,Đất sét,Cây mía,35,2,0,20-20
31.62,53.17,41.08,Đất sét,Cây bắp,38,0,0,DAP
35.85,65.73,46.71,Đất sét,Cây chuối,41,0,0,20-20
28.23,59.71,40.91,Đất sét,Các loại hạt (hạt mè, hạt  cải),19,2,18,DAP
22.91,52.89,43.54,Đất thịt tơi xốp,Khoai tây,36,0,0,17-17-17
31.57,59.0,29.74,Đất mùn,Millets,32,0,3,17-17-17
33.33,68.93,44.04,Đất mùn,Cây chuối,41,0,0,20-20
26.1,56.4,70.0,Đất đỏ bazan,Cây bắp,8,14,10,20-20
23.85,54.74,31.15,Đất thịt tơi xốp,Cây bắp,10,4,8,28-28
33.93,68.08,68.4,Đất đỏ bazan,Cây đậu phộng (Lạc),4,5,28,20-20
24.14,50.03,56.4,Đất đỏ bazan,Các loại hạt (hạt mè, hạt  cải),11,3,5,10-26-26
30.9,61.42,48.45,Đất mùn,Cây đậu phộng (Lạc),13,0,6,28-28
38.27,61.02,39.38,Đất sét,Cây chè,10,1,14,10-26-26
30.53,72.94,69.94,Đất thịt tơi xốp,Các loại đậu,14,0,37,DAP
36.91,57.36,46.79,Đất thịt tơi xốp,Cây đậu phộng (Lạc),9,4,30,10-26-26
27.89,58.78,32.12,Đất sét,Millets,37,0,1,20-20
25.91,61.37,35.85,Đất thịt tơi xốp,Khoai tây,37,0,0,20-20
26.89,45.93,34.24,Đất mùn,Khoai tây,37,0,0,28-28
26.9,54.22,37.63,Đất cát,Các loại hạt (hạt mè, hạt  cải),41,0,0,28-28
33.83,56.33,40.46,Đất sét,Cây bông,9,11,17,Urea
32.23,65.73,36.41,Đất thịt tơi xốp,Các loại đậu,13,0,11,10-26-26
33.56,69.13,30.78,Đất sét,Các loại hạt (hạt mè, hạt  cải),13,0,13,14-35-14
22.37,59.31,53.4,Đất cát,Millets,25,1,21,14-35-14
40.0,66.19,57.22,Đất cát,Cây lúa,40,0,0,14-35-14
26.38,58.32,37.72,Đất mùn,Các loại đậu,38,0,0,Urea
25.09,55.29,28.94,Đất mùn,Khoai tây,15,0,39,10-26-26
34.6,52.97,41.6,Đất đỏ bazan,Cây chuối,12,3,41,14-35-14
30.08,55.2,40.09,Đất sét,Cây lúa,14,0,11,17-17-17
29.16,50.81,20.0,Đất thịt tơi xốp,Millets,7,16,12,17-17-17
23.32,50.4,46.44,Đất thịt tơi xốp,Cây chè,27,3,27,10-26-26
27.41,54.55,26.1,Đất mùn,Cây bông,33,0,0,Urea
29.23,70.7,54.12,Đất cát,Cây bắp,42,3,0,10-26-26
35.92,63.54,54.99,Đất sét,Cây mía,17,0,40,14-35-14
24.33,52.3,46.6,Đất đỏ bazan,Cây bông,20,0,16,14-35-14
33.99,62.02,24.13,Đất mùn,Cây bông,42,0,3,28-28
33.8,69.65,29.13,Đất thịt tơi xốp,Cây mía,11,2,33,20-20
29.19,67.99,28.27,Đất sét,Các loại đậu,42,0,0,17-17-17
32.92,56.58,28.5,Đất mùn,Cây đậu phộng (Lạc),2,14,21,28-28
29.7,50.47,41.56,Đất cát,Khoai tây,11,19,22,28-28
22.82,48.25,49.55,Đất sét,Cây bắp,21,0,24,28-28
24.87,53.41,36.47,Đất mùn,Các loại hạt (hạt mè, hạt  cải),31,4,0,DAP
29.25,54.77,56.41,Đất cát,Các loại hạt (hạt mè, hạt  cải),17,12,11,10-26-26
28.88,54.57,38.98,Đất sét,Cây lúa,39,3,0,20-20
36.11,61.24,27.61,Đất mùn,Cây bông,14,4,35,20-20
27.91,48.69,33.26,Đất đỏ bazan,Khoai tây,37,0,0,17-17-17
32.0,59.17,32.35,Đất mùn,Cây bông,40,0,0,28-28
31.12,56.27,40.65,Đất mùn,Cây lúa,17,0,37,DAP
38.03,60.56,64.39,Đất mùn,Millets,18,0,35,14-35-14
40.0,78.63,39.77,Đất sét,Cây chè,13,2,39,14-35-14
21.56,48.99,38.37,Đất sét,Cây chuối,32,1,4,Urea
34.16,57.77,64.71,Đất đỏ bazan,Cây bông,3,12,29,20-20
29.74,67.3,55.7,Đất sét,Cây đậu phộng (Lạc),41,3,4,20-20
24.02,52.18,41.72,Đất đỏ bazan,Cây lúa,40,0,0,28-28
31.44,57.6,49.09,Đất thịt tơi xốp,Cây chè,35,0,2,28-28
27.82,58.21,39.11,Đất đỏ bazan,Các loại đậu,23,3,13,17-17-17
28.68,48.05,70.0,Đất sét,Cây mía,4,0,10,10-26-26
37.79,65.38,42.1,Đất mùn,Các loại đậu,16,2,42,Urea
30.84,62.89,31.1,Đất thịt tơi xốp,Các loại đậu,18,0,36,DAP
32.08,69.28,53.59,Đất sét,Các loại đậu,12,19,10,20-20
30.53,54.66,40.76,Đất đỏ bazan,Cây chuối,23,0,22,DAP
27.28,67.0,60.31,Đất đỏ bazan,Khoai tây,9,6,30,17-17-17
30.52,52.92,33.2,Đất mùn,Các loại hạt (hạt mè, hạt  cải),8,11,32,Urea
25.51,63.32,68.32,Đất sét,Cây bắp,4,12,33,10-26-26
30.28,76.59,30.6,Đất sét,Khoai tây,10,0,35,28-28
31.27,76.13,35.28,Đất đỏ bazan,Cây bông,9,3,32,20-20
26.52,59.29,37.89,Đất thịt tơi xốp,Cây mía,21,0,19,14-35-14
37.78,70.33,64.11,Đất mùn,Cây chuối,5,10,28,10-26-26
30.49,58.21,39.3,Đất sét,Khoai tây,12,11,11,17-17-17
29.18,54.17,23.3,Đất cát,Khoai tây,42,1,0,28-28
25.21,46.78,31.12,Đất sét,Các loại hạt (hạt mè, hạt  cải),44,2,0,Urea
22.64,49.3,30.33,Đất thịt tơi xốp,Cây lúa,9,4,12,Urea
30.2,64.88,52.82,Đất sét,Các loại hạt (hạt mè, hạt  cải),8,15,13,20-20
24.84,49.58,47.64,Đất mùn,Cây đậu phộng (Lạc),37,0,0,10-26-26
30.49,58.83,54.73,Đất mùn,Cây lúa,35,4,2,17-17-17
30.73,49.9,32.48,Đất mùn,Các loại đậu,15,0,10,20-20
29.82,58.66,44.21,Đất cát,Millets,26,4,17,28-28
23.92,47.26,38.11,Đất đỏ bazan,Cây bắp,9,7,25,Urea
27.8,66.49,56.09,Đất mùn,Khoai tây,11,11,14,28-28
40.0,75.55,28.97,Đất thịt tơi xốp,Khoai tây,15,0,40,17-17-17
31.12,72.97,50.32,Đất sét,Các loại đậu,14,17,8,17-17-17
24.8,61.32,54.78,Đất thịt tơi xốp,Cây bông,7,6,32,20-20
32.45,67.58,55.57,Đất thịt tơi xốp,Cây bông,4,0,10,17-17-17
31.61,66.27,33.06,Đất cát,Các loại đậu,7,6,18,Urea
40.0,65.43,64.34,Đất cát,Các loại đậu,14,0,36,17-17-17
34.46,78.03,54.74,Đất đỏ bazan,Millets,42,0,1,14-35-14
20.26,41.18,47.6,Đất đỏ bazan,Millets,23,0,14,DAP
36.22,77.81,51.95,Đất thịt tơi xốp,Các loại đậu,37,0,0,14-35-14
30.24,56.13,30.91,Đất thịt tơi xốp,Cây đậu phộng (Lạc),38,2,1,10-26-26
35.54,62.73,42.81,Đất mùn,Cây lúa,14,10,11,DAP
29.73,58.45,60.67,Đất mùn,Cây bông,9,0,8,14-35-14
27.58,64.59,62.12,Đất cát,Cây bông,14,1,34,20-20
26.09,69.65,41.82,Đất mùn,Cây bông,9,0,39,28-28
30.48,61.31,44.39,Đất đỏ bazan,Millets,22,0,15,Urea
29.86,48.43,47.14,Đất sét,Cây bắp,39,0,2,14-35-14
25.2,65.72,54.26,Đất thịt tơi xốp,Cây mía,8,2,32,20-20
31.81,70.13,21.18,Đất đỏ bazan,Khoai tây,13,0,36,28-28
22.32,56.11,24.06,Đất thịt tơi xốp,Cây bắp,15,0,38,17-17-17
25.7,67.81,42.7,Đất mùn,Cây chè,25,0,17,20-20
30.23,55.76,53.54,Đất mùn,Cây đậu phộng (Lạc),5,7,25,14-35-14
32.37,55.24,33.67,Đất mùn,Cây chè,18,0,32,17-17-17
26.08,44.39,42.34,Đất sét,Cây mía,16,2,26,20-20
39.89,76.0,32.46,Đất đỏ bazan,Khoai tây,44,3,0,17-17-17
38.92,57.75,34.28,Đất sét,Cây chè,13,0,38,DAP
26.41,55.23,43.13,Đất thịt tơi xốp,Cây đậu phộng (Lạc),20,1,27,10-26-26
35.85,62.3,36.56,Đất đỏ bazan,Millets,16,0,42,Urea
33.0,59.14,48.43,Đất thịt tơi xốp,Cây chè,3,8,31,14-35-14
35.84,73.34,56.27,Đất đỏ bazan,Cây đậu phộng (Lạc),11,6,26,10-26-26
32.85,53.21,37.96,Đất thịt tơi xốp,Cây đậu phộng (Lạc),40,2,0,DAP
36.16,64.0,43.68,Đất mùn,Millets,20,0,19,Urea
28.03,51.46,40.88,Đất cát,Cây chè,10,3,11,17-17-17
38.77,73.1,64.83,Đất cát,Cây lúa,9,4,35,28-28
39.61,74.2,29.32,Đất sét,Cây bông,9,1,38,28-28
40.0,65.97,61.68,Đất thịt tơi xốp,Cây bông,10,4,39,17-17-17
31.66,68.88,64.94,Đất cát,Cây lúa,36,0,0,17-17-17
25.79,47.25,45.73,Đất sét,Millets,32,0,0,DAP
37.12,73.45,56.53,Đất mùn,Cây chuối,15,14,13,14-35-14
27.79,54.72,69.39,Đất thịt tơi xốp,Cây bắp,40,0,0,20-20
27.84,50.3,41.85,Đất mùn,Cây lúa,12,7,24,14-35-14
23.68,57.9,28.78,Đất cát,Cây bắp,32,0,2,14-35-14
32.02,47.68,43.98,Đất mùn,Cây mía,36,0,0,28-28
34.91,53.17,64.9,Đất cát,Cây lúa,15,13,15,DAP
31.87,56.38,39.33,Đất sét,Cây đậu phộng (Lạc),40,2,0,20-20
33.5,61.54,58.09,Đất mùn,Các loại đậu,39,0,0,14-35-14
21.34,47.91,23.25,Đất mùn,Cây đậu phộng (Lạc),13,2,6,10-26-26
27.75,48.05,35.2,Đất cát,Các loại hạt (hạt mè, hạt  cải),25,4,24,Urea
27.41,57.31,54.62,Đất mùn,Cây chè,20,4,14,20-20
36.6,74.72,50.92,Đất cát,Các loại hạt (hạt mè, hạt  cải),39,0,0,10-26-26
21.52,56.82,37.02,Đất sét,Cây chè,21,2,20,DAP
39.1,77.95,44.22,Đất cát,Cây bông,13,0,36,28-28
30.22,56.38,60.39,Đất mùn,Cây bắp,14,10,33,Urea
24.32,66.77,37.7,Đất thịt tơi xốp,Khoai tây,26,0,16,20-20
31.78,51.44,58.82,Đất mùn,Cây đậu phộng (Lạc),10,4,4,17-17-17
27.73,59.27,54.2,Đất đỏ bazan,Cây chè,3,5,35,DAP
25.66,45.25,65.07,Đất cát,Cây đậu phộng (Lạc),8,0,15,28-28
37.17,70.91,67.53,Đất cát,Khoai tây,21,4,22,14-35-14
27.41,53.44,36.65,Đất thịt tơi xốp,Cây mía,31,0,0,Urea
32.37,61.99,20.42,Đất mùn,Các loại hạt (hạt mè, hạt  cải),7,3,41,17-17-17
29.68,74.89,47.11,Đất cát,Cây đậu phộng (Lạc),22,0,21,20-20
29.9,53.17,58.98,Đất thịt tơi xốp,Khoai tây,12,5,24,17-17-17
31.08,56.03,45.64,Đất thịt tơi xốp,Millets,14,1,14,14-35-14
31.95,59.95,41.17,Đất mùn,Cây bắp,15,3,39,20-20
28.83,59.74,35.13,Đất mùn,Khoai tây,1,14,14,Urea
28.67,59.49,43.85,Đất mùn,Các loại đậu,38,1,1,28-28
32.76,50.9,22.0,Đất đỏ bazan,Cây bông,9,20,17,14-35-14
40.0,52.95,43.51,Đất mùn,Cây chuối,10,0,43,14-35-14
28.17,50.93,37.01,Đất sét,Cây mía,30,0,0,17-17-17
28.66,62.69,52.78,Đất cát,Cây chè,45,0,0,DAP
32.76,57.8,53.21,Đất mùn,Cây bông,17,3,28,10-26-26
33.29,71.48,55.06,Đất mùn,Cây chuối,14,1,36,Urea
22.61,60.89,53.36,Đất thịt tơi xốp,Khoai tây,27,0,18,17-17-17
24.55,59.45,47.37,Đất đỏ bazan,Cây đậu phộng (Lạc),1,15,15,Urea
28.72,58.94,59.53,Đất cát,Khoai tây,13,15,13,28-28
36.49,58.68,47.81,Đất sét,Cây bông,42,2,2,DAP
27.77,61.89,27.29,Đất thịt tơi xốp,Cây chuối,15,0,38,28-28
27.09,45.13,20.39,Đất đỏ bazan,Cây chuối,17,0,41,28-28
30.34,65.26,61.34,Đất mùn,Các loại đậu,10,5,35,17-17-17
28.74,60.87,37.06,Đất sét,Cây bắp,10,16,19,17-17-17
38.12,66.69,33.67,Đất mùn,Cây mía,15,2,9,DAP
37.98,66.3,70.0,Đất đỏ bazan,Cây lúa,22,0,16,10-26-26
30.61,58.28,51.6,Đất mùn,Khoai tây,22,0,25,14-35-14
30.0,42.84,46.81,Đất mùn,Cây đậu phộng (Lạc),8,17,12,17-17-17
39.4,75.28,52.3,Đất đỏ bazan,Cây bắp,14,3,39,10-26-26
27.74,60.46,44.85,Đất đỏ bazan,Cây chuối,19,0,21,20-20
27.37,52.05,37.96,Đất sét,Cây bắp,24,0,20,28-28
32.5,71.1,69.62,Đất đỏ bazan,Cây chuối,7,7,11,10-26-26
26.46,43.65,36.14,Đất thịt tơi xốp,Cây bắp,12,0,13,20-20
30.31,69.86,46.3,Đất thịt tơi xốp,Cây bông,45,1,0,10-26-26
32.02,50.79,61.39,Đất cát,Các loại hạt (hạt mè, hạt  cải),7,8,37,10-26-26
36.4,70.69,31.58,Đất cát,Khoai tây,16,0,44,28-28
31.51,54.73,65.9,Đất cát,Các loại đậu,16,0,10,14-35-14
39.77,60.41,50.77,Đất cát,Cây chuối,6,4,34,Urea
33.93,62.94,38.71,Đất đỏ bazan,Millets,39,0,0,14-35-14
32.13,65.75,52.1,Đất mùn,Các loại đậu,13,0,35,14-35-14
29.99,54.89,41.47,Đất đỏ bazan,Cây bông,34,3,0,Urea
38.38,71.17,56.45,Đất sét,Cây chuối,36,0,3,14-35-14
30.43,59.04,40.61,Đất mùn,Các loại đậu,39,4,0,Urea
28.65,49.55,30.12,Đất đỏ bazan,Cây bông,19,11,6,Urea
25.07,45.11,36.38,Đất sét,Cây bắp,2,20,18,20-20
26.73,51.88,26.29,Đất đỏ bazan,Cây chè,13,2,41,DAP
35.68,63.89,46.79,Đất cát,Các loại hạt (hạt mè, hạt  cải),14,14,13,20-20
33.56,59.78,61.64,Đất mùn,Các loại đậu,13,2,40,28-28
28.48,60.34,33.57,Đất cát,Millets,43,0,3,28-28
34.31,58.35,30.92,Đất thịt tơi xốp,Millets,43,0,1,10-26-26
28.81,49.93,33.75,Đất đỏ bazan,Cây chè,34,1,0,17-17-17
24.11,57.89,23.7,Đất mùn,Cây mía,27,2,17,28-28
31.21,55.32,38.91,Đất đỏ bazan,Các loại hạt (hạt mè, hạt  cải),41,0,0,10-26-26
28.66,41.97,62.44,Đất đỏ bazan,Cây đậu phộng (Lạc),8,9,19,14-35-14
22.83,46.9,34.09,Đất sét,Cây chuối,9,0,42,DAP
25.54,65.51,26.75,Đất thịt tơi xốp,Cây lúa,10,13,29,28-28
30.02,68.96,35.81,Đất đỏ bazan,Cây mía,14,0,32,20-20
29.98,73.22,48.77,Đất sét,Millets,26,4,18,Urea
34.95,71.28,53.19,Đất đỏ bazan,Millets,41,2,0,20-20
27.38,57.61,57.88,Đất cát,Cây bắp,8,0,5,DAP
35.64,66.88,38.75,Đất thịt tơi xốp,Các loại hạt (hạt mè, hạt  cải),2,18,24,10-26-26
39.23,71.01,31.63,Đất sét,Cây bông,39,0,0,DAP
26.84,54.27,49.61,Đất đỏ bazan,Cây lúa,20,0,26,28-28
34.38,70.03,23.96,Đất cát,Các loại hạt (hạt mè, hạt  cải),38,2,1,DAP
37.38,61.81,32.73,Đất mùn,Cây bông,3,5,31,28-28
36.92,62.66,58.76,Đất sét,Cây chè,9,17,19,20-20
31.54,66.48,66.12,Đất sét,Cây chuối,11,13,27,DAP
30.38,67.91,57.24,Đất cát,Cây mía,14,0,33,14-35-14
33.13,61.63,41.66,Đất cát,Cây lúa,15,1,32,28-28
40.0,61.51,32.66,Đất cát,Cây lúa,10,2,44,14-35-14
37.05,61.02,32.03,Đất cát,Các loại hạt (hạt mè, hạt  cải),18,2,21,Urea
29.45,60.0,64.63,Đất mùn,Cây bắp,10,4,28,Urea
20.82,42.97,44.06,Đất đỏ bazan,Cây chè,16,3,17,17-17-17
34.04,60.33,70.0,Đất cát,Các loại hạt (hạt mè, hạt  cải),7,10,27,20-20
25.22,62.81,49.09,Đất đỏ bazan,Cây lúa,5,3,10,28-28
25.96,53.04,46.11,Đất thịt tơi xốp,Cây đậu phộng (Lạc),6,11,31,10-26-26
34.01,50.12,30.27,Đất mùn,Cây chè,12,4,9,DAP
40.0,71.27,25.24,Đất đỏ bazan,Cây bắp,16,4,17,17-17-17
35.95,70.71,37.39,Đất thịt tơi xốp,Cây bông,37,3,0,14-35-14
29.41,52.65,48.35,Đất mùn,Cây đậu phộng (Lạc),7,3,27,DAP
33.88,55.46,26.2,Đất thịt tơi xốp,Millets,37,0,0,28-28
33.99,68.26,39.64,Đất đỏ bazan,Cây đậu phộng (Lạc),11,0,6,10-26-26
24.47,57.6,70.0,Đất cát,Cây chè,39,1,0,14-35-14
25.83,44.55,44.99,Đất cát,Cây lúa,5,20,24,Urea
24.74,60.74,60.98,Đất mùn,Các loại đậu,5,3,17,17-17-17
27.19,59.49,56.18,Đất thịt tơi xốp,Cây bắp,9,17,16,DAP
31.1,50.28,40.57,Đất sét,Cây bông,7,3,24,28-28
26.73,44.52,40.8,Đất sét,Cây lúa,8,0,31,14-35-14
30.46,71.86,41.95,Đất sét,Cây chuối,0,7,28,10-26-26
28.7,59.26,46.42,Đất thịt tơi xốp,Các loại đậu,11,2,39,Urea
32.49,61.52,47.27,Đất cát,Cây chuối,14,16,23,Urea
25.28,55.11,38.36,Đất sét,Các loại đậu,13,0,9,28-28
23.54,50.26,50.16,Đất mùn,Millets,27,2,23,20-20
28.53,62.54,61.11,Đất đỏ bazan,Cây bắp,15,2,36,14-35-14
26.45,56.63,64.39,Đất sét,Các loại đậu,14,9,27,Urea
27.71,67.71,47.17,Đất mùn,Các loại đậu,8,9,15,10-26-26
24.98,47.0,20.99,Đất mùn,Cây mía,15,12,6,28-28
35.07,59.79,61.83,Đất thịt tơi xốp,Cây chè,14,13,14,28-28
36.94,58.84,55.16,Đất cát,Cây mía,1,7,33,28-28
30.26,50.57,43.21,Đất thịt tơi xốp,Các loại đậu,13,6,11,DAP
32.12,69.24,36.58,Đất đỏ bazan,Cây bông,43,0,0,14-35-14
22.33,46.53,40.1,Đất sét,Cây bông,27,1,14,DAP
27.36,61.34,43.04,Đất thịt tơi xốp,Cây chuối,11,0,17,28-28
29.03,53.72,43.41,Đất mùn,Cây chuối,10,0,34,DAP
32.8,55.77,44.43,Đất cát,Cây đậu phộng (Lạc),16,0,10,14-35-14
32.28,58.89,29.28,Đất sét,Các loại đậu,8,1,10,28-28
37.53,58.75,51.59,Đất đỏ bazan,Cây lúa,12,0,41,10-26-26
22.55,56.57,51.93,Đất mùn,Các loại hạt (hạt mè, hạt  cải),19,0,26,Urea
22.07,52.72,24.22,Đất cát,Millets,17,15,14,10-26-26
28.92,44.74,44.89,Đất đỏ bazan,Millets,44,1,0,17-17-17
26.05,48.76,45.26,Đất mùn,Cây đậu phộng (Lạc),38,0,0,DAP
24.84,58.91,43.15,Đất đỏ bazan,Cây bông,34,0,0,DAP
30.62,70.7,46.64,Đất mùn,Các loại hạt (hạt mè, hạt  cải),1,21,17,20-20
26.56,59.44,32.72,Đất thịt tơi xốp,Cây bắp,7,11,17,20-20
31.15,55.59,35.09,Đất đỏ bazan,Cây đậu phộng (Lạc),14,0,36,14-35-14
25.6,57.71,30.94,Đất thịt tơi xốp,Millets,2,20,16,28-28
26.71,55.75,70.0,Đất thịt tơi xốp,Khoai tây,13,0,35,28-28
29.67,63.41,36.42,Đất đỏ bazan,Millets,20,0,17,28-28
33.3,61.13,64.91,Đất thịt tơi xốp,Các loại hạt (hạt mè, hạt  cải),13,4,36,28-28
32.01,57.23,32.85,Đất cát,Cây mía,41,1,2,10-26-26
30.59,54.91,43.28,Đất cát,Cây đậu phộng (Lạc),33,2,0,DAP
37.88,74.88,27.06,Đất đỏ bazan,Cây chè,15,1,18,28-28
30.48,47.8,70.0,Đất mùn,Cây lúa,40,2,0,28-28
30.3,69.31,52.01,Đất thịt tơi xốp,Cây đậu phộng (Lạc),11,1,8,DAP
34.08,55.54,59.21,Đất thịt tơi xốp,Millets,4,6,34,20-20
38.45,63.15,58.06,Đất sét,Cây đậu phộng (Lạc),6,2,8,10-26-26
24.76,55.27,34.69,Đất cát,Cây mía,17,16,20,17-17-17
25.73,68.57,70.0,Đất cát,Millets,10,4,26,17-17-17
20.56,55.98,65.55,Đất mùn,Cây đậu phộng (Lạc),34,0,0,DAP
38.77,68.24,57.2,Đất cát,Cây chuối,42,0,0,20-20
30.56,55.9,40.77,Đất sét,Các loại hạt (hạt mè, hạt  cải),14,0,5,DAP
26.93,51.37,50.87,Đất cát,Các loại hạt (hạt mè, hạt  cải),8,0,39,Urea
26.67,42.74,30.17,Đất đỏ bazan,Cây bắp,2,14,18,Urea
31.42,63.61,32.38,Đất mùn,Cây chuối,38,0,0,28-28
26.7,43.08,32.35,Đất thịt tơi xốp,Khoai tây,10,16,13,17-17-17
26.05,51.11,35.27,Đất đỏ bazan,Cây chuối,10,18,10,17-17-17
25.12,46.17,43.74,Đất đỏ bazan,Các loại hạt (hạt mè, hạt  cải),25,1,20,20-20
32.41,67.07,32.33,Đất mùn,Cây đậu phộng (Lạc),12,0,6,Urea
27.81,63.26,43.38,Đất cát,Cây chuối,32,0,0,10-26-26
23.36,50.24,34.4,Đất cát,Cây mía,40,0,2,DAP
33.0,57.63,37.28,Đất mùn,Cây bông,12,0,16,Urea
26.02,55.23,47.78,Đất cát,Các loại hạt (hạt mè, hạt  cải),10,2,12,28-28
26.74,56.43,41.86,Đất mùn,Cây bắp,23,4,22,DAP
33.17,68.4,25.54,Đất thịt tơi xốp,Cây đậu phộng (Lạc),17,0,32,Urea
33.5,69.8,35.8,Đất sét,Khoai tây,16,0,35,DAP
28.32,55.53,39.8,Đất sét,Cây đậu phộng (Lạc),16,3,13,14-35-14
29.54,71.68,57.48,Đất cát,Cây chè,13,12,16,10-26-26
25.68,50.13,50.92,Đất đỏ bazan,Cây mía,36,1,0,Urea
28.77,63.48,49.52,Đất đỏ bazan,Cây đậu phộng (Lạc),37,0,0,DAP
23.17,44.36,26.03,Đất cát,Cây chè,37,0,0,20-20
27.12,63.03,28.6,Đất mùn,Cây lúa,12,4,39,DAP
31.38,57.13,37.26,Đất thịt tơi xốp,Khoai tây,36,0,0,20-20
27.91,58.99,64.03,Đất thịt tơi xốp,Các loại hạt (hạt mè, hạt  cải),41,0,0,DAP
36.99,70.45,29.04,Đất đỏ bazan,Cây mía,27,1,20,DAP
35.01,69.3,40.11,Đất cát,Cây mía,25,0,32,DAP
30.71,67.85,56.82,Đất thịt tơi xốp,Các loại hạt (hạt mè, hạt  cải),8,13,28,14-35-14
38.22,70.27,63.95,Đất thịt tơi xốp,Khoai tây,24,0,19,14-35-14
30.23,47.44,55.39,Đất đỏ bazan,Cây đậu phộng (Lạc),38,2,4,DAP
33.72,52.61,37.01,Đất thịt tơi xốp,Millets,22,0,27,10-26-26
29.14,58.06,43.94,Đất sét,Cây lúa,37,0,0,14-35-14
34.18,69.67,48.66,Đất cát,Cây bông,23,3,19,Urea
28.32,59.85,58.07,Đất cát,Các loại đậu,35,0,0,DAP
28.16,57.48,62.2,Đất cát,Cây bông,6,0,7,10-26-26
40.0,52.02,45.67,Đất sét,Cây bắp,19,0,44,14-35-14
30.08,57.14,37.49,Đất sét,Cây bông,18,0,40,28-28
27.61,61.04,41.97,Đất sét,Cây đậu phộng (Lạc),34,2,4,14-35-14
23.74,62.35,31.53,Đất cát,Khoai tây,38,4,1,Urea
22.26,52.88,34.12,Đất mùn,Cây bông,18,0,19,20-20
34.77,66.85,35.35,Đất sét,Khoai tây,14,4,41,17-17-17
26.63,45.47,29.06,Đất sét,Các loại đậu,5,12,31,20-20
24.69,52.7,23.05,Đất mùn,Cây chuối,30,4,3,28-28
24.7,48.88,41.18,Đất thịt tơi xốp,Các loại đậu,18,0,22,28-28
28.79,61.59,40.95,Đất cát,Millets,16,6,14,DAP
25.37,56.61,56.98,Đất cát,Millets,9,0,34,10-26-26
35.56,61.27,33.78,Đất thịt tơi xốp,Cây đậu phộng (Lạc),18,4,22,DAP
29.95,59.77,47.09,Đất đỏ bazan,Các loại hạt (hạt mè, hạt  cải),10,15,11,14-35-14
28.85,45.97,49.62,Đất thịt tơi xốp,Cây chuối,24,0,24,Urea
22.68,53.23,44.85,Đất sét,Các loại hạt (hạt mè, hạt  cải),38,2,4,17-17-17
33.94,57.41,48.69,Đất mùn,Cây lúa,16,0,45,17-17-17
34.02,63.05,32.44,Đất sét,Cây mía,11,13,26,20-20
26.44,51.89,42.5,Đất sét,Cây mía,17,0,8,28-28
27.43,65.87,20.0,Đất cát,Cây mía,15,0,44,17-17-17
26.23,55.01,32.74,Đất mùn,Cây chè,13,0,13,20-20
30.45,68.48,46.14,Đất thịt tơi xốp,Các loại đậu,27,0,20,14-35-14
25.4,50.75,42.4,Đất thịt tơi xốp,Cây đậu phộng (Lạc),33,2,0,14-35-14
27.56,58.15,53.0,Đất thịt tơi xốp,Cây bông,15,1,39,17-17-17
37.29,61.83,31.91,Đất thịt tơi xốp,Cây bông,11,2,37,10-26-26
25.22,56.62,37.89,Đất cát,Millets,35,4,0,Urea
26.88,58.54,70.0,Đất đỏ bazan,Các loại đậu,10,0,33,20-20
21.46,49.42,45.96,Đất cát,Cây bông,27,0,19,Urea
28.14,68.89,31.96,Đất sét,Cây bông,11,9,33,28-28
32.55,64.64,43.51,Đất mùn,Các loại đậu,11,0,45,17-17-17
24.15,40.44,44.93,Đất đỏ bazan,Khoai tây,20,2,22,28-28
36.93,71.6,35.49,Đất mùn,Cây bắp,12,3,37,17-17-17
32.73,62.28,57.46,Đất cát,Cây đậu phộng (Lạc),12,0,44,28-28
29.55,66.21,41.21,Đất sét,Millets,45,1,4,17-17-17
25.75,59.79,24.64,Đất đỏ bazan,Cây lúa,6,21,15,17-17-17
35.85,54.97,32.94,Đất mùn,Khoai tây,41,1,0,17-17-17
31.4,69.24,29.06,Đất đỏ bazan,Millets,35,0,0,10-26-26
34.9,71.05,59.48,Đất đỏ bazan,Cây chuối,11,4,40,20-20
30.98,59.93,30.97,Đất mùn,Cây chuối,13,0,6,28-28
24.15,51.72,31.91,Đất đỏ bazan,Cây mía,9,4,13,Urea
27.35,47.36,48.45,Đất cát,Các loại hạt (hạt mè, hạt  cải),10,18,18,17-17-17
30.03,48.19,41.44,Đất thịt tơi xốp,Các loại đậu,11,0,9,17-17-17
28.44,52.45,34.64,Đất đỏ bazan,Millets,22,0,26,28-28
24.69,45.0,34.65,Đất thịt tơi xốp,Khoai tây,19,0,23,DAP
34.34,54.99,47.61,Đất thịt tơi xốp,Cây mía,8,0,10,DAP
28.13,53.68,52.13,Đất thịt tơi xốp,Cây bông,6,13,26,28-28
27.41,51.23,46.31,Đất thịt tơi xốp,Cây chè,23,0,20,10-26-26
32.89,60.09,59.65,Đất sét,Cây chuối,13,0,11,20-20
31.34,59.69,60.78,Đất đỏ bazan,Millets,18,0,36,17-17-17
27.79,58.46,20.0,Đất đỏ bazan,Cây chè,6,5,27,14-35-14
22.44,58.98,31.46,Đất mùn,Các loại hạt (hạt mè, hạt  cải),11,0,15,20-20
20.09,49.43,29.64,Đất thịt tơi xốp,Các loại đậu,17,11,11,14-35-14
32.2,67.18,28.11,Đất mùn,Cây đậu phộng (Lạc),15,18,16,14-35-14
31.51,67.28,31.19,Đất sét,Cây lúa,10,0,19,DAP
33.68,55.21,53.32,Đất cát,Khoai tây,20,2,14,17-17-17
30.94,46.3,42.29,Đất mùn,Cây mía,8,3,31,28-28
30.93,52.97,59.12,Đất đỏ bazan,Các loại đậu,10,8,33,17-17-17
27.81,60.0,25.06,Đất cát,Cây đậu phộng (Lạc),45,0,0,20-20
31.36,56.32,45.45,Đất cát,Cây đậu phộng (Lạc),8,0,9,17-17-17
27.52,59.49,43.56,Đất sét,Cây bắp,2,14,18,17-17-17
32.97,57.21,28.8,Đất mùn,Cây đậu phộng (Lạc),10,1,41,14-35-14
30.13,57.87,62.23,Đất thịt tơi xốp,Các loại hạt (hạt mè, hạt  cải),42,0,3,10-26-26
29.13,72.87,40.38,Đất thịt tơi xốp,Cây mía,9,15,19,Urea
29.47,68.26,30.54,Đất cát,Các loại hạt (hạt mè, hạt  cải),38,0,3,17-17-17
27.2,52.83,31.04,Đất đỏ bazan,Cây lúa,8,17,16,28-28
29.52,70.13,55.59,Đất mùn,Millets,25,0,23,17-17-17
26.58,49.05,23.6,Đất mùn,Cây đậu phộng (Lạc),22,1,15,20-20
32.39,69.83,53.98,Đất đỏ bazan,Cây bông,8,0,8,17-17-17
27.86,58.24,49.66,Đất đỏ bazan,Cây đậu phộng (Lạc),14,2,18,Urea
27.87,59.72,43.57,Đất mùn,Cây đậu phộng (Lạc),8,0,34,DAP
31.12,59.5,48.49,Đất mùn,Cây bắp,20,1,23,10-26-26
29.45,60.16,56.75,Đất thịt tơi xốp,Millets,6,13,26,Urea
25.45,59.9,50.43,Đất thịt tơi xốp,Cây bắp,18,0,18,DAP
27.06,61.03,44.75,Đất cát,Các loại đậu,4,18,17,Urea
25.44,59.38,44.01,Đất đỏ bazan,Cây lúa,5,11,26,10-26-26
26.27,47.12,39.19,Đất đỏ bazan,Cây lúa,37,3,3,28-28
30.57,48.3,44.43,Đất cát,Các loại đậu,41,0,0,14-35-14
27.27,66.44,34.85,Đất mùn,Các loại hạt (hạt mè, hạt  cải),11,1,19,20-20
21.07,43.97,40.04,Đất thịt tơi xốp,Cây chè,4,20,19,28-28
33.6,59.48,46.26,Đất cát,Cây mía,17,14,15,Urea
30.34,54.73,62.24,Đất thịt tơi xốp,Cây bông,10,2,10,28-28
28.43,66.03,44.05,Đất thịt tơi xốp,Millets,14,3,10,17-17-17
25.5,56.26,56.35,Đất cát,Cây đậu phộng (Lạc),15,0,31,28-28
33.23,61.09,39.74,Đất mùn,Các loại hạt (hạt mè, hạt  cải),22,2,21,17-17-17
27.83,45.02,52.22,Đất thịt tơi xốp,Các loại hạt (hạt mè, hạt  cải),34,0,1,DAP
21.81,55.61,64.1,Đất đỏ bazan,Cây mía,9,2,11,Urea
37.5,70.28,65.23,Đất thịt tơi xốp,Cây chuối,30,4,0,Urea
25.64,52.31,36.33,Đất mùn,Cây bắp,37,0,0,Urea
32.72,65.66,45.12,Đất sét,Các loại hạt (hạt mè, hạt  cải),11,12,32,DAP
27.83,51.16,44.2,Đất sét,Cây chè,18,0,16,17-17-17
29.8,49.21,70.0,Đất mùn,Cây chuối,36,1,0,17-17-17
27.94,55.06,48.07,Đất sét,Millets,11,0,7,10-26-26
33.38,69.64,47.26,Đất thịt tơi xốp,Millets,11,0,11,20-20
33.15,56.8,52.58,Đất thịt tơi xốp,Cây bắp,6,1,13,DAP
20.27,48.38,26.05,Đất thịt tơi xốp,Cây bông,25,0,18,Urea
25.8,68.86,28.28,Đất sét,Cây lúa,16,0,36,20-20
24.18,49.22,58.28,Đất cát,Cây đậu phộng (Lạc),12,8,28,Urea
27.34,64.09,45.24,Đất cát,Cây lúa,4,10,25,28-28
33.33,61.68,36.85,Đất mùn,Cây lúa,22,0,26,14-35-14
37.84,71.33,37.32,Đất thịt tơi xốp,Các loại hạt (hạt mè, hạt  cải),12,0,36,DAP
29.4,59.77,36.99,Đất cát,Khoai tây,7,12,17,Urea
26.96,53.75,21.67,Đất cát,Khoai tây,17,21,18,Urea
29.02,54.06,21.84,Đất sét,Millets,42,0,0,DAP
25.28,48.89,31.22,Đất đỏ bazan,Cây lúa,34,0,1,10-26-26
26.16,67.1,44.73,Đất cát,Cây chè,26,3,21,17-17-17
32.81,49.4,37.62,Đất mùn,Cây đậu phộng (Lạc),12,3,32,DAP
25.24,59.52,65.55,Đất thịt tơi xốp,Cây mía,7,0,4,28-28
36.1,74.43,33.26,Đất sét,Millets,7,2,44,28-28
30.99,68.56,42.89,Đất thịt tơi xốp,Cây đậu phộng (Lạc),19,2,20,20-20
34.66,61.82,45.18,Đất cát,Cây chè,7,0,46,17-17-17
31.8,59.13,20.0,Đất sét,Cây lúa,11,0,39,14-35-14
28.69,65.85,51.02,Đất cát,Cây đậu phộng (Lạc),11,6,19,20-20
21.55,59.81,42.69,Đất sét,Cây chuối,9,12,15,17-17-17
29.05,44.58,47.92,Đất đỏ bazan,Cây lúa,26,0,23,DAP
25.08,46.33,34.66,Đất đỏ bazan,Cây mía,45,2,0,10-26-26
39.1,61.36,46.18,Đất cát,Cây bông,9,0,44,DAP
31.15,63.79,67.79,Đất mùn,Khoai tây,12,13,15,28-28
26.49,52.95,43.97,Đất thịt tơi xốp,Millets,20,3,25,Urea
33.41,65.63,33.09,Đất mùn,Các loại đậu,8,0,30,20-20
36.63,63.13,35.97,Đất đỏ bazan,Khoai tây,37,0,0,17-17-17
36.12,70.69,43.66,Đất sét,Cây chè,7,0,38,10-26-26
40.0,67.3,47.09,Đất sét,Cây lúa,4,6,25,20-20
27.05,46.43,54.7,Đất mùn,Khoai tây,7,8,11,20-20
33.43,57.05,40.58,Đất thịt tơi xốp,Millets,20,0,21,20-20
38.27,63.64,34.87,Đất thịt tơi xốp,Cây đậu phộng (Lạc),37,3,0,Urea
24.67,58.06,36.05,Đất thịt tơi xốp,Các loại đậu,35,2,0,17-17-17
23.88,50.11,28.85,Đất sét,Cây chuối,16,10,7,17-17-17
25.87,52.61,51.85,Đất mùn,Cây bắp,17,4,16,10-26-26
30.82,64.35,50.99,Đất sét,Cây đậu phộng (Lạc),4,7,33,17-17-17
26.97,52.44,68.26,Đất sét,Millets,11,12,12,Urea
27.44,57.21,44.21,Đất sét,Cây bông,18,0,14,14-35-14
28.67,57.85,35.03,Đất đỏ bazan,Cây mía,25,0,15,Urea
32.67,62.29,40.3,Đất sét,Khoai tây,7,3,4,10-26-26
27.76,53.93,55.61,Đất thịt tơi xốp,Cây bông,20,0,20,DAP
31.99,70.0,65.07,Đất thịt tơi xốp,Cây chuối,39,0,0,10-26-26
26.59,61.53,38.46,Đất đỏ bazan,Cây chè,10,0,14,DAP
36.79,65.0,25.87,Đất sét,Cây chuối,41,0,1,28-28
30.99,49.27,20.0,Đất thịt tơi xốp,Cây đậu phộng (Lạc),13,11,27,14-35-14
32.87,73.43,28.8,Đất sét,Cây mía,43,0,1,DAP
27.71,43.77,39.93,Đất cát,Cây lúa,37,3,3,14-35-14
30.04,71.83,37.85,Đất mùn,Cây bông,26,0,27,17-17-17
25.45,43.45,27.0,Đất thịt tơi xốp,Cây chè,32,0,4,10-26-26
38.42,58.28,58.78,Đất mùn,Khoai tây,10,18,15,Urea
24.38,43.06,57.85,Đất đỏ bazan,Cây bông,26,4,17,Urea
29.03,55.07,21.85,Đất thịt tơi xốp,Cây chuối,11,0,37,10-26-26
25.8,52.64,23.15,Đất sét,Cây bông,10,2,41,14-35-14
29.63,52.15,29.15,Đất đỏ bazan,Cây mía,10,0,14,28-28
29.02,56.54,25.46,Đất đỏ bazan,Các loại đậu,15,18,20,10-26-26
30.19,50.07,55.28,Đất thịt tơi xốp,Millets,8,8,31,28-28
31.02,57.58,20.0,Đất thịt tơi xốp,Cây đậu phộng (Lạc),10,3,27,Urea
27.75,53.08,32.46,Đất sét,Các loại hạt (hạt mè, hạt  cải),20,0,21,28-28
30.13,67.09,45.6,Đất cát,Các loại đậu,6,0,13,28-28
38.71,69.52,49.63,Đất thịt tơi xốp,Cây chè,42,3,0,Urea
31.68,50.27,50.06,Đất cát,Khoai tây,5,8,28,14-35-14
34.14,78.24,27.47,Đất sét,Các loại đậu,10,0,41,10-26-26
29.59,52.76,46.61,Đất mùn,Cây chè,35,3,1,17-17-17
23.14,53.52,59.52,Đất đỏ bazan,Cây đậu phộng (Lạc),38,0,1,DAP
26.88,63.51,45.65,Đất mùn,Khoai tây,38,4,0,28-28
31.84,68.04,40.76,Đất mùn,Cây bông,8,15,17,Urea
29.83,49.84,47.91,Đất đỏ bazan,Cây mía,9,0,36,14-35-14
31.49,60.18,54.84,Đất thịt tơi xốp,Cây bông,9,0,36,DAP
25.78,46.81,28.23,Đất đỏ bazan,Cây bông,8,5,25,17-17-17
20.09,57.36,36.23,Đất sét,Cây mía,10,17,18,14-35-14
25.48,53.37,67.14,Đất sét,Cây chè,15,0,33,10-26-26
22.11,50.94,33.26,Đất cát,Millets,12,14,13,14-35-14
30.8,50.26,34.44,Đất cát,Cây lúa,8,11,11,20-20
33.95,66.85,45.81,Đất mùn,Các loại hạt (hạt mè, hạt  cải),0,13,32,Urea
35.04,68.15,32.62,Đất thịt tơi xốp,Cây đậu phộng (Lạc),3,4,32,17-17-17
26.46,54.2,60.37,Đất mùn,Cây bắp,11,0,11,DAP
29.54,70.83,36.15,Đất thịt tơi xốp,Cây chè,35,0,4,14-35-14
29.84,56.17,52.61,Đất sét,Cây mía,24,4,25,DAP
29.53,57.3,28.3,Đất đỏ bazan,Cây bắp,4,14,31,Urea
22.59,58.51,42.18,Đất đỏ bazan,Millets,10,22,13,10-26-26
23.48,58.68,33.71,Đất thịt tơi xốp,Cây mía,32,0,0,DAP
21.23,56.98,70.0,Đất đỏ bazan,Cây bông,31,0,3,14-35-14
22.9,52.41,37.35,Đất đỏ bazan,Cây bắp,8,4,16,Urea
38.33,73.15,39.17,Đất sét,Các loại hạt (hạt mè, hạt  cải),21,4,22,10-26-26
36.38,71.89,48.76,Đất đỏ bazan,Khoai tây,10,2,10,14-35-14
32.37,71.46,24.3,Đất sét,Cây đậu phộng (Lạc),12,10,28,20-20
27.4,59.99,27.39,Đất thịt tơi xốp,Cây lúa,19,0,35,14-35-14
33.21,56.71,52.11,Đất cát,Millets,16,1,6,Urea
23.73,47.43,43.98,Đất thịt tơi xốp,Cây chè,38,2,0,10-26-26
25.27,46.34,30.37,Đất sét,Cây chuối,42,0,0,Urea
29.25,55.35,49.89,Đất thịt tơi xốp,Cây đậu phộng (Lạc),38,2,0,28-28
29.28,54.61,62.26,Đất đỏ bazan,Cây đậu phộng (Lạc),14,0,13,20-20
31.57,56.03,49.4,Đất cát,Millets,12,7,33,Urea
23.31,47.22,25.84,Đất cát,Cây mía,11,10,9,Urea
23.77,59.04,33.31,Đất cát,Cây chè,15,4,39,DAP
40.0,67.48,41.87,Đất cát,Các loại đậu,10,4,15,14-35-14
35.78,56.41,50.19,Đất đỏ bazan,Các loại hạt (hạt mè, hạt  cải),8,14,10,28-28
23.83,60.51,31.59,Đất thịt tơi xốp,Cây bông,8,19,22,20-20
22.79,55.32,40.35,Đất thịt tơi xốp,Cây bắp,24,0,22,10-26-26
26.91,47.11,41.41,Đất mùn,Cây bông,9,8,8,14-35-14
30.24,53.59,54.41,Đất thịt tơi xốp,Cây lúa,11,12,29,Urea
35.62,59.35,43.06,Đất thịt tơi xốp,Cây lúa,10,0,32,DAP
28.35,52.08,20.51,Đất thịt tơi xốp,Cây lúa,45,0,4,Urea
30.66,48.43,53.73,Đất mùn,Millets,12,12,31,28-28
28.5,60.14,60.87,Đất cát,Cây chè,10,5,28,10-26-26
37.5,65.89,45.19,Đất mùn,Cây lúa,7,4,28,28-28
37.32,62.83,35.2,Đất đỏ bazan,Cây lúa,13,0,38,DAP
23.99,57.62,43.9,Đất thịt tơi xốp,Các loại đậu,2,19,21,20-20
31.38,58.81,20.99,Đất sét,Cây bắp,3,4,33,14-35-14
26.97,61.39,69.28,Đất sét,Cây chè,36,0,2,14-35-14
24.87,53.77,41.62,Đất cát,Cây đậu phộng (Lạc),45,0,0,10-26-26
27.57,52.6,61.71,Đất thịt tơi xốp,Các loại đậu,7,8,31,28-28
34.1,65.21,40.7,Đất đỏ bazan,Các loại đậu,18,3,27,Urea
35.45,66.58,36.72,Đất đỏ bazan,Cây đậu phộng (Lạc),42,0,2,20-20
31.24,51.41,41.09,Đất thịt tơi xốp,Cây bông,26,0,14,17-17-17
28.27,64.54,36.26,Đất cát,Cây lúa,26,1,20,Urea
27.03,62.23,28.65,Đất sét,Cây bắp,44,3,0,28-28
32.46,68.48,31.3,Đất cát,Cây mía,8,4,43,14-35-14
26.35,63.69,58.47,Đất mùn,Cây chè,14,0,36,17-17-17
32.76,50.34,37.94,Đất mùn,Cây mía,16,1,31,Urea
21.71,44.2,43.22,Đất thịt tơi xốp,Cây mía,21,0,23,Urea
30.04,62.08,62.67,Đất thịt tơi xốp,Khoai tây,12,17,11,17-17-17
28.1,69.82,63.0,Đất cát,Cây bắp,6,7,28,10-26-26
33.02,78.74,48.74,Đất thịt tơi xốp,Khoai tây,3,4,29,20-20
21.89,49.75,40.89,Đất mùn,Cây lúa,15,0,45,20-20
25.29,40.62,42.74,Đất cát,Cây mía,5,21,18,Urea
36.93,61.19,29.29,Đất đỏ bazan,Cây lúa,21,0,19,28-28
30.92,64.22,55.34,Đất sét,Cây bắp,22,0,21,20-20
32.53,71.92,37.71,Đất thịt tơi xốp,Cây chè,18,0,27,28-28
28.68,61.24,31.87,Đất mùn,Cây chè,23,0,21,28-28
36.1,66.96,25.72,Đất cát,Cây đậu phộng (Lạc),13,3,35,28-28
21.7,40.45,64.17,Đất cát,Cây bắp,35,0,0,Urea
30.5,62.99,36.07,Đất đỏ bazan,Khoai tây,12,6,33,10-26-26
30.43,59.8,49.02,Đất thịt tơi xốp,Khoai tây,21,2,19,Urea
32.33,67.75,59.96,Đất mùn,Millets,7,7,35,14-35-14
29.44,57.46,38.52,Đất đỏ bazan,Cây đậu phộng (Lạc),40,0,0,Urea
29.3,51.86,65.79,Đất cát,Cây mía,13,0,13,14-35-14
38.47,62.47,48.62,Đất thịt tơi xốp,Khoai tây,16,11,13,20-20
29.46,59.85,38.35,Đất thịt tơi xốp,Cây lúa,11,0,16,10-26-26
37.38,74.63,60.35,Đất sét,Khoai tây,5,11,25,DAP
26.59,49.71,34.99,Đất mùn,Cây lúa,26,3,19,10-26-26
25.41,49.09,44.03,Đất cát,Cây đậu phộng (Lạc),18,1,16,14-35-14
33.39,71.13,49.02,Đất sét,Millets,7,0,38,20-20
28.36,50.91,33.57,Đất sét,Cây lúa,8,8,31,Urea
37.54,71.73,49.13,Đất đỏ bazan,Khoai tây,35,2,0,Urea
31.38,68.77,66.23,Đất mùn,Cây chuối,8,7,29,DAP
28.27,66.94,52.35,Đất sét,Các loại hạt (hạt mè, hạt  cải),10,8,29,10-26-26
29.52,60.02,61.06,Đất sét,Cây mía,10,2,12,28-28
29.49,43.74,32.44,Đất mùn,Cây mía,22,0,20,DAP
37.19,61.38,49.57,Đất sét,Cây bắp,7,12,28,17-17-17
32.37,54.35,50.09,Đất đỏ bazan,Cây bắp,33,0,0,10-26-26
28.71,45.53,37.59,Đất sét,Cây đậu phộng (Lạc),26,0,22,20-20
26.9,56.65,22.83,Đất cát,Cây mía,15,0,37,10-26-26
33.04,52.52,30.56,Đất mùn,Các loại đậu,9,0,12,DAP
32.48,52.45,43.5,Đất mùn,Cây đậu phộng (Lạc),16,1,45,20-20
38.58,57.38,60.1,Đất mùn,Cây đậu phộng (Lạc),8,10,9,14-35-14
30.12,59.49,45.57,Đất cát,Khoai tây,9,0,33,14-35-14
27.4,53.38,24.91,Đất cát,Cây đậu phộng (Lạc),10,3,12,20-20
21.17,57.9,50.89,Đất thịt tơi xốp,Cây bông,19,0,23,17-17-17
24.69,63.39,20.45,Đất mùn,Các loại hạt (hạt mè, hạt  cải),12,14,30,28-28
25.36,62.86,41.08,Đất sét,Cây chuối,37,0,0,10-26-26
28.21,50.33,47.6,Đất thịt tơi xốp,Cây bông,22,3,26,DAP
34.64,71.11,52.82,Đất thịt tơi xốp,Cây chè,2,18,16,14-35-14
40.0,66.64,40.47,Đất thịt tơi xốp,Cây lúa,16,0,42,10-26-26
32.28,51.88,30.19,Đất mùn,Cây đậu phộng (Lạc),16,3,41,Urea
28.38,63.35,70.0,Đất cát,Cây bắp,13,14,17,Urea
30.7,55.96,30.0,Đất thịt tơi xốp,Millets,34,0,0,20-20
32.35,78.2,31.24,Đất thịt tơi xốp,Cây mía,9,1,43,DAP
37.76,62.35,32.1,Đất mùn,Cây bông,36,2,2,Urea
34.96,60.68,50.5,Đất thịt tơi xốp,Các loại đậu,7,0,9,14-35-14
27.58,45.82,20.23,Đất thịt tơi xốp,Cây bông,13,0,9,20-20
36.11,66.33,59.78,Đất cát,Cây mía,3,8,27,DAP
27.16,55.97,40.95,Đất sét,Cây bắp,22,0,16,17-17-17
32.5,63.91,50.78,Đất mùn,Cây đậu phộng (Lạc),7,0,46,20-20
30.48,50.15,24.47,Đất thịt tơi xốp,Cây mía,14,0,38,17-17-17
32.65,65.68,43.35,Đất cát,Cây chè,5,0,11,28-28
23.99,45.86,44.6,Đất đỏ bazan,Cây bông,13,9,30,17-17-17
28.8,52.94,23.76,Đất mùn,Các loại hạt (hạt mè, hạt  cải),36,0,0,20-20
25.01,46.13,30.97,Đất cát,Cây mía,35,0,0,10-26-26
29.47,48.68,39.05,Đất đỏ bazan,Cây lúa,11,2,39,20-20
22.78,54.73,52.62,Đất sét,Cây chè,18,2,14,Urea
27.13,59.68,68.56,Đất sét,Các loại đậu,34,3,2,17-17-17
29.27,71.38,65.51,Đất cát,Cây mía,28,0,23,17-17-17
26.23,46.01,35.38,Đất cát,Cây chuối,13,0,36,14-35-14
27.54,57.8,49.7,Đất đỏ bazan,Cây chuối,27,0,24,14-35-14
30.96,61.45,35.37,Đất sét,Cây bông,4,23,16,Urea
30.12,58.37,64.67,Đất cát,Các loại đậu,5,7,29,10-26-26
38.3,69.75,41.31,Đất sét,Cây chè,11,1,38,10-26-26
33.32,78.29,41.09,Đất cát,Cây mía,8,6,24,28-28
30.27,58.64,44.46,Đất cát,Cây lúa,43,0,1,28-28
33.39,62.88,58.59,Đất đỏ bazan,Các loại hạt (hạt mè, hạt  cải),14,4,28,10-26-26
24.28,64.47,50.66,Đất thịt tơi xốp,Các loại đậu,13,0,36,20-20
35.01,65.35,36.5,Đất sét,Cây mía,42,1,0,10-26-26
21.18,47.08,48.85,Đất cát,Cây lúa,20,0,22,10-26-26
29.17,44.69,36.86,Đất đỏ bazan,Cây chè,15,0,7,Urea
25.94,50.12,26.04,Đất mùn,Cây mía,36,0,0,10-26-26
34.91,62.53,49.22,Đất sét,Cây chuối,20,1,31,DAP
25.25,48.0,35.09,Đất thịt tơi xốp,Cây chè,19,0,25,14-35-14
30.14,59.84,37.42,Đất sét,Cây mía,39,0,0,20-20
35.58,69.81,22.72,Đất mùn,Khoai tây,6,7,27,Urea
33.29,67.12,25.0,Đất thịt tơi xốp,Cây lúa,42,0,0,20-20
28.3,52.68,34.22,Đất đỏ bazan,Khoai tây,8,5,24,DAP
26.46,63.95,63.21,Đất cát,Cây bắp,10,3,31,DAP
40.0,68.33,30.9,Đất đỏ bazan,Cây chuối,14,1,42,14-35-14
29.23,54.78,49.49,Đất sét,Cây bông,22,0,15,10-26-26
21.48,40.33,24.3,Đất thịt tơi xốp,Cây bắp,13,12,7,DAP
38.55,72.39,57.25,Đất cát,Cây lúa,30,0,0,DAP
30.88,57.35,42.86,Đất sét,Cây bắp,27,0,23,DAP
30.49,59.07,27.14,Đất mùn,Cây đậu phộng (Lạc),16,0,11,14-35-14
38.27,75.46,26.71,Đất đỏ bazan,Cây bông,5,8,35,10-26-26
27.49,55.27,67.27,Đất mùn,Cây đậu phộng (Lạc),5,6,30,28-28
32.66,65.59,24.12,Đất sét,Cây bắp,33,0,0,14-35-14
30.36,52.15,32.78,Đất thịt tơi xốp,Cây bông,42,0,0,28-28
32.86,56.84,32.25,Đất sét,Cây mía,41,2,1,10-26-26
29.32,58.03,38.43,Đất mùn,Cây chè,8,4,9,17-17-17
34.51,77.0,52.89,Đất thịt tơi xốp,Cây lúa,12,7,25,28-28
35.64,77.44,40.68,Đất cát,Cây lúa,12,2,42,20-20
28.93,59.75,28.26,Đất cát,Cây lúa,8,1,10,Urea
24.21,66.11,50.17,Đất thịt tơi xốp,Khoai tây,8,1,38,10-26-26
26.55,58.11,35.01,Đất đỏ bazan,Cây đậu phộng (Lạc),27,0,18,10-26-26
30.89,47.99,44.37,Đất thịt tơi xốp,Cây chuối,23,3,20,14-35-14
23.95,49.46,54.47,Đất mùn,Millets,26,2,16,17-17-17
35.62,59.9,40.62,Đất thịt tơi xốp,Cây bông,11,4,43,20-20
33.16,59.69,35.13,Đất sét,Cây lúa,16,0,24,28-28
29.53,61.71,30.58,Đất mùn,Cây bông,23,2,18,28-28
25.22,47.33,25.94,Đất cát,Cây bông,9,2,45,Urea
27.47,54.96,42.17,Đất mùn,Cây chuối,25,4,26,20-20
39.55,69.54,58.19,Đất mùn,Cây chuối,8,14,22,17-17-17
25.43,54.6,33.36,Đất sét,Cây lúa,12,0,13,20-20
23.19,55.23,47.98,Đất sét,Millets,41,0,0,28-28
31.18,62.75,47.87,Đất thịt tơi xốp,Cây chuối,24,0,19,10-26-26
30.2,50.46,46.49,Đất sét,Các loại đậu,14,0,36,20-20
21.31,45.08,52.48,Đất đỏ bazan,Cây lúa,22,0,16,20-20
32.65,51.77,59.46,Đất thịt tơi xốp,Millets,13,0,30,17-17-17
33.18,58.37,27.03,Đất sét,Cây bông,20,3,20,14-35-14
29.51,60.72,49.86,Đất cát,Cây bắp,6,2,11,Urea
36.65,65.21,44.67,Đất mùn,Cây đậu phộng (Lạc),12,0,14,28-28
24.53,62.02,27.22,Đất mùn,Cây lúa,5,6,27,20-20
28.61,67.47,32.42,Đất sét,Cây bông,3,4,27,17-17-17
36.23,68.79,36.18,Đất sét,Cây mía,8,0,34,17-17-17
29.19,54.34,53.34,Đất cát,Các loại hạt (hạt mè, hạt  cải),14,13,14,10-26-26
34.02,52.63,32.14,Đất mùn,Cây đậu phộng (Lạc),42,1,1,DAP
36.98,56.82,31.16,Đất thịt tơi xốp,Khoai tây,21,2,19,Urea
30.71,51.25,37.24,Đất thịt tơi xốp,Millets,19,4,18,DAP
25.81,54.02,45.2,Đất thịt tơi xốp,Khoai tây,9,0,6,Urea
30.95,63.54,47.11,Đất cát,Các loại đậu,31,4,0,28-28
29.95,54.6,57.41,Đất mùn,Cây bắp,43,0,0,28-28
30.03,55.83,47.14,Đất đỏ bazan,Cây mía,36,0,0,17-17-17
27.43,45.22,27.13,Đất cát,Các loại đậu,13,6,14,10-26-26
30.12,53.39,40.75,Đất đỏ bazan,Cây mía,35,4,0,10-26-26
26.72,58.18,37.93,Đất mùn,Cây đậu phộng (Lạc),42,0,0,28-28
25.76,51.35,43.13,Đất cát,Các loại hạt (hạt mè, hạt  cải),23,4,22,17-17-17
23.48,50.19,29.91,Đất sét,Các loại đậu,14,12,11,20-20
27.07,58.87,54.62,Đất mùn,Khoai tây,10,0,45,10-26-26
27.05,44.28,45.68,Đất sét,Khoai tây,25,0,23,20-20
30.9,45.86,40.74,Đất cát,Cây bông,13,0,36,14-35-14
24.52,49.32,48.19,Đất thịt tơi xốp,Các loại đậu,23,4,15,14-35-14
26.25,63.56,28.04,Đất mùn,Khoai tây,11,0,15,Urea
31.16,56.43,43.16,Đất mùn,Cây đậu phộng (Lạc),25,4,25,DAP
32.63,62.91,55.52,Đất sét,Cây bắp,13,10,31,Urea
30.64,57.11,28.44,Đất thịt tơi xốp,Cây bông,34,0,2,14-35-14
39.82,76.99,27.78,Đất đỏ bazan,Cây chuối,12,4,38,28-28
32.97,61.72,42.69,Đất cát,Khoai tây,38,1,4,17-17-17
33.32,56.56,52.81,Đất đỏ bazan,Cây bông,7,7,32,17-17-17
26.42,62.53,32.01,Đất cát,Cây chuối,14,0,42,28-28
29.65,58.55,49.47,Đất mùn,Các loại hạt (hạt mè, hạt  cải),25,0,22,DAP
24.08,62.89,34.44,Đất thịt tơi xốp,Cây bông,14,12,19,20-20
26.5,61.3,48.77,Đất mùn,Cây mía,16,18,13,20-20
29.8,60.5,33.18,Đất đỏ bazan,Khoai tây,8,15,14,17-17-17
26.76,56.88,39.03,Đất cát,Cây chuối,14,0,16,Urea
25.63,57.48,54.3,Đất đỏ bazan,Cây chuối,11,5,36,28-28
37.23,59.0,42.16,Đất sét,Các loại hạt (hạt mè, hạt  cải),42,0,0,Urea
28.29,57.0,48.81,Đất cát,Các loại hạt (hạt mè, hạt  cải),13,0,8,Urea
26.29,43.92,34.22,Đất mùn,Cây bông,22,2,23,17-17-17
25.42,48.77,35.86,Đất đỏ bazan,Cây đậu phộng (Lạc),31,0,4,10-26-26
31.04,66.34,43.48,Đất đỏ bazan,Các loại đậu,22,0,27,14-35-14
34.2,73.24,20.0,Đất sét,Cây bắp,11,9,30,14-35-14
32.9,66.64,37.72,Đất thịt tơi xốp,Cây lúa,10,15,12,17-17-17
38.13,68.23,38.15,Đất thịt tơi xốp,Các loại hạt (hạt mè, hạt  cải),20,0,17,17-17-17
23.61,51.8,35.39,Đất mùn,Millets,11,0,45,17-17-17
25.03,48.11,40.57,Đất đỏ bazan,Cây đậu phộng (Lạc),27,3,24,DAP
36.62,58.47,20.56,Đất sét,Cây mía,38,0,0,DAP
33.99,61.71,25.59,Đất mùn,Millets,7,0,42,14-35-14
38.27,63.88,33.14,Đất đỏ bazan,Cây bông,24,0,17,DAP
29.18,45.72,43.85,Đất thịt tơi xốp,Cây bông,16,0,12,20-20
26.71,56.27,30.9,Đất sét,Khoai tây,11,3,8,10-26-26
31.01,65.29,49.37,Đất thịt tơi xốp,Cây chè,11,17,10,14-35-14
29.75,62.25,68.76,Đất sét,Cây chè,13,8,19,Urea
31.73,69.1,20.0,Đất thịt tơi xốp,Các loại hạt (hạt mè, hạt  cải),8,15,13,Urea
28.28,43.5,35.37,Đất mùn,Cây bắp,13,0,8,28-28
37.13,53.26,35.49,Đất thịt tơi xốp,Cây bông,15,0,40,17-17-17
24.17,51.74,42.57,Đất đỏ bazan,Millets,45,1,3,14-35-14
30.86,67.34,54.97,Đất cát,Cây bắp,8,7,32,14-35-14
32.79,56.76,45.12,Đất thịt tơi xốp,Millets,41,1,0,DAP
34.72,65.09,62.52,Đất sét,Millets,8,4,25,28-28
28.06,66.55,38.84,Đất đỏ bazan,Cây chè,5,11,24,20-20
29.7,49.26,41.74,Đất sét,Cây đậu phộng (Lạc),9,8,16,28-28
30.13,69.07,35.42,Đất sét,Cây mía,20,1,16,28-28
38.32,71.66,50.39,Đất thịt tơi xốp,Cây mía,37,0,0,17-17-17
24.21,45.53,53.62,Đất sét,Cây mía,26,0,14,17-17-17
20.18,41.05,47.98,Đất đỏ bazan,Cây mía,25,0,21,17-17-17
29.0,49.39,43.1,Đất thịt tơi xốp,Cây bắp,25,4,23,20-20
27.9,50.42,39.03,Đất cát,Cây đậu phộng (Lạc),6,4,15,DAP
35.18,65.15,45.91,Đất mùn,Cây mía,41,0,0,DAP
26.22,64.73,37.01,Đất đỏ bazan,Cây chuối,4,0,16,DAP
29.03,55.12,58.72,Đất thịt tơi xốp,Cây chuối,10,0,4,14-35-14
30.81,62.99,28.49,Đất cát,Khoai tây,10,1,11,Urea
37.83,76.34,37.18,Đất cát,Các loại hạt (hạt mè, hạt  cải),17,4,9,28-28
36.31,55.62,57.54,Đất đỏ bazan,Cây lúa,11,7,33,28-28
33.54,59.23,58.43,Đất thịt tơi xốp,Cây mía,5,9,31,DAP
33.31,65.26,39.74,Đất thịt tơi xốp,Các loại đậu,6,4,39,17-17-17
31.29,60.71,20.0,Đất thịt tơi xốp,Cây bắp,8,5,25,20-20
36.3,70.42,33.17,Đất sét,Cây chuối,10,0,37,17-17-17
33.76,65.35,25.86,Đất sét,Millets,16,0,35,Urea
34.48,65.7,36.95,Đất mùn,Cây bắp,8,15,14,17-17-17
34.67,58.7,28.33,Đất cát,Cây đậu phộng (Lạc),11,0,18,Urea
24.79,58.23,28.99,Đất đỏ bazan,Cây chuối,39,0,0,10-26-26
36.68,73.77,45.6,Đất cát,Các loại hạt (hạt mè, hạt  cải),37,3,0,28-28
31.02,64.62,47.95,Đất đỏ bazan,Khoai tây,7,14,20,14-35-14
29.67,72.9,65.59,Đất đỏ bazan,Cây mía,19,0,20,Urea
31.57,72.17,42.63,Đất thịt tơi xốp,Millets,17,2,6,DAP
25.49,51.92,39.46,Đất sét,Cây đậu phộng (Lạc),41,0,0,20-20
34.19,63.19,35.94,Đất thịt tơi xốp,Cây chè,35,0,2,14-35-14
33.91,55.65,61.22,Đất sét,Cây chè,5,7,30,17-17-17
30.54,55.89,36.73,Đất đỏ bazan,Cây lúa,25,4,22,DAP
32.73,70.57,49.45,Đất cát,Cây lúa,2,13,25,DAP
28.14,67.92,37.97,Đất cát,Millets,17,0,21,28-28
30.04,49.89,37.17,Đất đỏ bazan,Millets,33,0,4,10-26-26
31.07,64.86,38.05,Đất mùn,Cây chuối,17,0,26,20-20
26.74,47.39,22.87,Đất cát,Millets,12,0,17,Urea
35.64,58.1,59.75,Đất mùn,Cây bông,11,7,26,28-28
25.01,65.74,69.58,Đất cát,Cây bông,14,0,33,10-26-26
28.87,60.59,53.34,Đất sét,Cây đậu phộng (Lạc),10,3,13,28-28
38.8,64.99,64.53,Đất mùn,Cây bắp,17,3,41,28-28
33.25,71.64,34.87,Đất sét,Cây chuối,23,2,19,Urea
29.93,59.1,20.39,Đất cát,Cây chuối,9,18,20,17-17-17
33.48,64.7,53.11,Đất mùn,Các loại hạt (hạt mè, hạt  cải),5,19,24,DAP
30.43,60.58,58.52,Đất thịt tơi xốp,Cây đậu phộng (Lạc),4,0,10,DAP
25.45,56.04,38.95,Đất sét,Millets,26,0,18,DAP
27.23,57.63,49.84,Đất đỏ bazan,Các loại hạt (hạt mè, hạt  cải),10,13,12,20-20
32.92,70.05,54.36,Đất đỏ bazan,Cây đậu phộng (Lạc),12,13,16,28-28
31.72,59.51,43.1,Đất đỏ bazan,Millets,20,0,20,DAP
29.39,55.08,28.55,Đất cát,Cây bông,9,20,22,10-26-26
30.42,60.17,36.66,Đất sét,Cây bông,9,6,22,20-20
27.41,56.92,32.34,Đất thịt tơi xốp,Cây chuối,20,0,18,Urea
29.23,56.14,56.12,Đất đỏ bazan,Các loại hạt (hạt mè, hạt  cải),9,8,14,28-28
36.26,61.51,37.35,Đất mùn,Các loại đậu,17,4,41,Urea
32.47,62.87,51.2,Đất mùn,Cây bắp,17,0,32,17-17-17
21.48,45.7,31.28,Đất thịt tơi xốp,Cây chè,16,0,21,28-28
37.27,71.63,41.84,Đất thịt tơi xốp,Cây chuối,14,4,37,17-17-17
29.99,60.53,36.8,Đất mùn,Cây bắp,8,4,9,10-26-26
25.22,59.57,27.19,Đất sét,Cây lúa,36,0,4,10-26-26
32.59,60.71,42.68,Đất cát,Cây chuối,4,13,24,20-20
30.48,64.68,49.42,Đất đỏ bazan,Các loại hạt (hạt mè, hạt  cải),19,2,18,Urea
31.93,51.17,33.65,Đất cát,Khoai tây,37,0,4,20-20
24.11,49.64,57.81,Đất mùn,Cây mía,5,0,17,20-20
28.1,43.56,59.25,Đất thịt tơi xốp,Cây đậu phộng (Lạc),13,16,19,28-28
28.93,57.66,36.39,Đất cát,Cây chè,15,2,14,17-17-17
23.2,45.91,20.31,Đất thịt tơi xốp,Các loại hạt (hạt mè, hạt  cải),13,15,13,DAP
28.63,59.57,61.32,Đất mùn,Cây chè,35,0,4,20-20
28.61,55.85,32.75,Đất mùn,Các loại hạt (hạt mè, hạt  cải),12,15,15,10-26-26
35.08,73.75,41.25,Đất cát,Cây mía,9,0,36,14-35-14
37.21,74.62,54.03,Đất đỏ bazan,Cây bắp,5,20,20,20-20
33.7,54.88,33.13,Đất mùn,Cây lúa,8,0,10,20-20
40.0,60.17,50.97,Đất cát,Các loại hạt (hạt mè, hạt  cải),17,0,40,14-35-14
31.68,59.06,58.41,Đất sét,Cây lúa,28,1,18,20-20
28.21,62.05,41.51,Đất sét,Cây bông,20,4,13,10-26-26
27.46,49.73,63.09,Đất sét,Các loại hạt (hạt mè, hạt  cải),8,13,12,DAP
26.53,48.55,38.35,Đất sét,Cây chuối,25,1,17,Urea
25.12,52.88,28.43,Đất đỏ bazan,Các loại đậu,11,12,15,Urea
26.99,51.1,58.93,Đất sét,Cây chè,9,6,29,17-17-17
29.21,49.47,38.79,Đất thịt tơi xốp,Cây đậu phộng (Lạc),27,0,16,17-17-17
29.68,55.95,57.79,Đất đỏ bazan,Cây bông,23,0,20,10-26-26
23.57,58.87,21.5,Đất sét,Cây chè,10,0,9,Urea
30.91,74.59,49.46,Đất sét,Cây chè,25,2,17,14-35-14
35.72,60.2,69.54,Đất mùn,Các loại hạt (hạt mè, hạt  cải),39,0,0,28-28
36.07,59.69,47.38,Đất cát,Cây lúa,3,14,16,DAP
31.07,73.26,40.82,Đất cát,Các loại đậu,5,12,30,Urea
32.42,61.41,50.99,Đất mùn,Cây bắp,22,0,27,20-20
31.6,59.09,53.55,Đất thịt tơi xốp,Cây bắp,17,1,6,20-20
30.67,66.01,56.75,Đất mùn,Cây lúa,11,4,27,Urea
28.88,61.25,55.41,Đất đỏ bazan,Cây bắp,18,0,37,28-28
30.88,44.1,40.76,Đất sét,Cây lúa,15,4,40,10-26-26
24.05,63.35,53.76,Đất thịt tơi xốp,Cây bắp,9,11,33,17-17-17
35.29,66.87,60.63,Đất cát,Cây chuối,26,1,19,14-35-14
29.9,45.53,38.85,Đất sét,Khoai tây,12,4,31,17-17-17
28.07,71.21,43.64,Đất sét,Cây chè,10,12,9,10-26-26
26.11,51.45,56.76,Đất mùn,Cây chè,10,11,27,28-28
32.58,64.48,27.8,Đất cát,Cây lúa,15,0,35,17-17-17
34.71,60.96,64.7,Đất đỏ bazan,Các loại đậu,18,2,41,Urea
23.98,44.87,26.59,Đất đỏ bazan,Cây bông,10,0,7,DAP
27.51,61.71,32.46,Đất sét,Cây chuối,32,2,0,10-26-26
25.06,57.65,23.39,Đất mùn,Cây bắp,18,11,8,28-28
34.62,59.62,38.08,Đất mùn,Cây đậu phộng (Lạc),12,2,37,10-26-26
30.36,53.27,34.87,Đất sét,Các loại đậu,13,10,8,DAP
31.06,59.13,25.08,Đất cát,Cây bắp,38,0,4,17-17-17
22.27,53.03,30.0,Đất mùn,Cây mía,15,0,11,17-17-17
29.46,52.15,55.43,Đất cát,Cây bắp,7,2,14,17-17-17
25.64,47.63,28.53,Đất mùn,Cây chè,37,0,0,Urea
36.95,68.98,59.88,Đất đỏ bazan,Cây đậu phộng (Lạc),42,0,0,Urea
31.22,51.09,49.75,Đất đỏ bazan,Cây chuối,20,0,23,20-20
26.85,55.82,64.93,Đất đỏ bazan,Các loại đậu,12,0,12,28-28
31.8,57.45,70.0,Đất mùn,Cây chè,10,8,31,28-28
27.57,59.56,44.62,Đất cát,Cây đậu phộng (Lạc),17,3,12,14-35-14
32.19,46.35,37.41,Đất cát,Các loại đậu,13,2,33,DAP
28.21,47.64,32.29,Đất đỏ bazan,Các loại hạt (hạt mè, hạt  cải),14,13,12,20-20
33.41,68.66,38.82,Đất sét,Cây chuối,24,3,25,DAP
25.47,47.11,37.01,Đất sét,Cây chuối,31,0,0,20-20
28.59,69.18,24.11,Đất đỏ bazan,Khoai tây,34,3,0,20-20
29.51,49.94,37.36,Đất cát,Cây chuối,17,0,14,20-20
29.77,58.83,57.38,Đất thịt tơi xốp,Cây lúa,4,13,28,20-20
29.38,70.63,46.25,Đất cát,Cây lúa,8,2,14,20-20
40.0,65.67,41.26,Đất đỏ bazan,Các loại hạt (hạt mè, hạt  cải),17,4,37,Urea
31.42,63.91,37.37,Đất thịt tơi xốp,Cây bắp,12,1,40,28-28
37.45,68.76,43.94,Đất sét,Cây bắp,10,6,27,DAP
35.61,56.91,36.81,Đất cát,Cây chuối,26,3,17,10-26-26
37.21,61.02,41.51,Đất thịt tơi xốp,Millets,40,2,2,DAP
39.4,75.91,44.57,Đất thịt tơi xốp,Cây lúa,9,3,36,20-20
26.19,63.25,43.84,Đất mùn,Cây chè,13,1,37,14-35-14
25.53,66.09,52.38,Đất cát,Cây đậu phộng (Lạc),26,3,21,Urea
31.27,51.8,65.63,Đất thịt tơi xốp,Các loại đậu,37,3,0,14-35-14
26.52,47.97,33.66,Đất sét,Cây đậu phộng (Lạc),8,18,20,DAP
24.39,44.49,39.38,Đất mùn,Millets,25,2,21,10-26-26
28.15,66.16,50.58,Đất sét,Các loại hạt (hạt mè, hạt  cải),8,6,18,Urea
32.41,55.04,32.15,Đất mùn,Các loại hạt (hạt mè, hạt  cải),9,0,10,17-17-17
28.9,59.58,29.63,Đất đỏ bazan,Cây bông,24,3,25,20-20
36.37,63.99,35.94,Đất mùn,Cây mía,2,4,30,10-26-26
24.44,55.77,43.83,Đất thịt tơi xốp,Các loại hạt (hạt mè, hạt  cải),11,11,24,Urea
40.0,77.75,43.9,Đất đỏ bazan,Cây chè,6,4,30,Urea
24.08,63.58,64.23,Đất cát,Cây đậu phộng (Lạc),14,4,10,20-20
32.14,56.56,42.3,Đất mùn,Cây chè,42,2,4,20-20
32.42,69.43,36.08,Đất sét,Các loại đậu,19,0,18,14-35-14
29.65,62.11,56.95,Đất mùn,Cây mía,11,0,31,17-17-17
26.93,66.16,40.64,Đất cát,Cây lúa,11,1,14,28-28
31.03,57.03,64.22,Đất thịt tơi xốp,Các loại đậu,14,7,16,20-20
26.8,46.32,34.25,Đất cát,Cây mía,35,2,0,10-26-26
35.22,68.71,29.33,Đất thịt tơi xốp,Millets,18,0,20,17-17-17
37.5,69.33,41.28,Đất đỏ bazan,Khoai tây,9,5,28,28-28
39.68,68.29,34.23,Đất mùn,Cây lúa,10,10,31,Urea
21.56,46.27,50.02,Đất đỏ bazan,Cây đậu phộng (Lạc),14,10,13,17-17-17
28.32,59.01,41.83,Đất mùn,Khoai tây,15,0,41,14-35-14
40.0,70.96,32.81,Đất đỏ bazan,Cây chuối,11,0,40,10-26-26
31.8,57.24,24.0,Đất mùn,Cây bắp,38,1,0,28-28
22.07,46.52,31.3,Đất cát,Các loại đậu,15,0,10,10-26-26
34.58,67.63,40.3,Đất đỏ bazan,Khoai tây,9,14,10,DAP
25.86,40.37,58.67,Đất đỏ bazan,Cây chè,10,3,14,14-35-14
27.26,64.73,20.0,Đất mùn,Cây chuối,4,9,33,10-26-26
39.23,60.7,42.78,Đất mùn,Khoai tây,8,4,28,28-28
39.7,77.68,34.34,Đất mùn,Cây bông,6,0,36,20-20
30.8,59.59,37.12,Đất đỏ bazan,Cây lúa,5,0,18,DAP
27.29,48.55,37.91,Đất mùn,Các loại hạt (hạt mè, hạt  cải),15,0,14,20-20
30.65,53.52,30.5,Đất thịt tơi xốp,Cây chuối,45,2,0,28-28
33.21,63.32,33.71,Đất thịt tơi xốp,Cây mía,39,0,0,10-26-26
27.5,62.57,26.79,Đất mùn,Cây bông,15,4,40,20-20
32.83,74.4,30.31,Đất mùn,Các loại hạt (hạt mè, hạt  cải),37,1,0,10-26-26
32.76,55.14,45.93,Đất thịt tơi xốp,Các loại hạt (hạt mè, hạt  cải),4,13,20,14-35-14
27.07,68.95,70.0,Đất sét,Cây lúa,13,13,27,17-17-17
20.88,56.47,35.14,Đất mùn,Các loại đậu,14,9,7,DAP
29.98,56.74,53.98,Đất thịt tơi xốp,Cây mía,12,0,42,Urea
26.13,69.56,48.25,Đất mùn,Cây mía,45,0,0,28-28
29.07,43.85,43.37,Đất cát,Cây đậu phộng (Lạc),20,0,19,DAP
33.38,53.41,50.46,Đất sét,Các loại hạt (hạt mè, hạt  cải),8,3,11,20-20
39.96,60.73,27.3,Đất cát,Millets,15,0,38,20-20
34.76,54.23,27.93,Đất sét,Cây lúa,23,0,19,17-17-17
33.02,72.76,53.2,Đất đỏ bazan,Cây mía,23,0,15,20-20
31.06,55.41,33.8,Đất mùn,Cây mía,37,4,0,28-28
35.72,71.86,70.0,Đất cát,Millets,18,0,42,10-26-26
24.16,49.19,63.53,Đất cát,Cây chè,41,0,0,14-35-14
25.98,58.32,32.53,Đất thịt tơi xốp,Cây chuối,10,2,36,17-17-17
35.65,76.12,51.26,Đất thịt tơi xốp,Cây mía,11,0,31,14-35-14
28.08,60.76,31.53,Đất mùn,Cây chuối,13,0,40,28-28
30.86,69.7,44.53,Đất thịt tơi xốp,Cây đậu phộng (Lạc),15,0,12,14-35-14
34.94,62.17,41.64,Đất sét,Cây bắp,39,0,0,17-17-17
21.84,57.85,61.44,Đất thịt tơi xốp,Millets,9,3,10,10-26-26
33.57,60.51,54.06,Đất mùn,Cây lúa,7,16,21,Urea
38.47,62.64,70.0,Đất sét,Cây bông,22,2,18,14-35-14
30.78,50.81,50.14,Đất cát,Millets,11,0,11,Urea
30.11,67.55,44.5,Đất cát,Millets,39,0,0,Urea
30.35,71.4,59.98,Đất thịt tơi xốp,Các loại hạt (hạt mè, hạt  cải),39,0,0,Urea
29.51,69.53,46.92,Đất thịt tơi xốp,Khoai tây,10,14,16,DAP
30.77,56.66,41.53,Đất đỏ bazan,Cây chuối,26,0,16,17-17-17
20.13,47.52,24.87,Đất thịt tơi xốp,Các loại đậu,19,13,15,DAP
38.44,55.47,52.25,Đất đỏ bazan,Cây bắp,7,17,15,17-17-17
29.43,47.7,32.19,Đất sét,Millets,17,3,23,28-28
29.12,54.86,42.44,Đất mùn,Cây bắp,24,4,15,28-28
28.32,57.91,50.54,Đất đỏ bazan,Cây bắp,7,0,36,20-20
37.84,56.94,64.38,Đất đỏ bazan,Cây lúa,25,0,19,14-35-14
30.01,49.19,47.72,Đất thịt tơi xốp,Millets,31,0,0,Urea
30.04,69.57,35.71,Đất sét,Các loại hạt (hạt mè, hạt  cải),7,21,15,17-17-17
29.99,62.52,49.88,Đất thịt tơi xốp,Các loại đậu,15,11,13,20-20
26.13,70.36,48.2,Đất mùn,Millets,15,17,10,17-17-17
31.54,54.73,67.46,Đất đỏ bazan,Millets,34,2,2,Urea
29.9,68.09,59.57,Đất mùn,Cây bắp,26,0,17,10-26-26
28.33,50.65,46.64,Đất cát,Cây lúa,22,0,20,28-28
35.66,75.53,32.79,Đất đỏ bazan,Cây bông,7,4,34,17-17-17
30.67,51.22,42.2,Đất cát,Millets,22,0,17,10-26-26
25.63,54.83,28.66,Đất đỏ bazan,Cây chuối,10,19,15,10-26-26
21.2,52.42,32.81,Đất sét,Cây đậu phộng (Lạc),7,0,12,28-28
29.25,61.4,40.97,Đất cát,Các loại đậu,4,0,10,DAP
33.1,74.93,42.35,Đất đỏ bazan,Cây bắp,9,12,31,14-35-14
34.67,59.78,60.8,Đất mùn,Các loại hạt (hạt mè, hạt  cải),8,12,35,14-35-14
38.83,74.56,58.73,Đất thịt tơi xốp,Cây chuối,33,0,0,14-35-14
27.44,46.83,66.17,Đất cát,Khoai tây,8,4,13,Urea
23.99,52.5,37.24,Đất thịt tơi xốp,Cây chè,8,9,24,DAP
29.28,59.31,63.34,Đất đỏ bazan,Millets,39,4,2,14-35-14
29.39,46.86,25.84,Đất cát,Các loại đậu,31,0,0,10-26-26
25.76,61.07,36.18,Đất đỏ bazan,Cây chè,17,1,24,Urea
27.34,44.53,56.06,Đất đỏ bazan,Cây đậu phộng (Lạc),37,0,0,10-26-26
24.43,56.39,20.0,Đất thịt tơi xốp,Các loại hạt (hạt mè, hạt  cải),13,8,29,Urea
39.71,58.79,49.81,Đất đỏ bazan,Cây bắp,14,17,17,DAP
35.53,77.13,47.67,Đất thịt tơi xốp,Các loại hạt (hạt mè, hạt  cải),8,22,16,Urea
23.95,56.98,37.03,Đất sét,Cây chuối,10,22,19,17-17-17
29.29,58.57,34.06,Đất sét,Khoai tây,22,0,24,14-35-14
40.0,51.64,34.96,Đất sét,Cây mía,19,0,37,17-17-17
37.8,71.38,52.18,Đất đỏ bazan,Các loại hạt (hạt mè, hạt  cải),13,11,8,Urea
29.63,54.63,30.88,Đất thịt tơi xốp,Các loại hạt (hạt mè, hạt  cải),12,7,12,10-26-26
33.37,66.5,35.42,Đất thịt tơi xốp,Các loại đậu,8,3,9,14-35-14
26.0,53.96,57.52,Đất sét,Cây bông,8,7,33,17-17-17
38.59,59.04,34.17,Đất sét,Cây lúa,14,0,35,20-20
23.76,60.46,36.53,Đất cát,Cây đậu phộng (Lạc),20,4,18,DAP
27.92,65.12,62.24,Đất sét,Cây đậu phộng (Lạc),13,0,14,14-35-14
28.49,66.42,33.78,Đất cát,Cây bông,28,0,13,DAP
28.48,53.77,70.0,Đất đỏ bazan,Khoai tây,38,2,3,20-20
34.53,55.88,61.89,Đất đỏ bazan,Khoai tây,4,0,17,DAP
34.57,54.87,55.0,Đất mùn,Các loại hạt (hạt mè, hạt  cải),45,0,0,10-26-26
34.21,52.63,68.72,Đất mùn,Millets,13,14,16,28-28
36.79,67.93,54.96,Đất thịt tơi xốp,Các loại hạt (hạt mè, hạt  cải),11,3,10,Urea
25.4,48.06,45.63,Đất mùn,Cây chuối,6,4,30,Urea
28.97,52.75,22.49,Đất đỏ bazan,Cây đậu phộng (Lạc),21,0,19,14-35-14
32.71,58.03,46.16,Đất sét,Cây bắp,24,2,19,14-35-14
26.07,49.06,34.31,Đất sét,Khoai tây,26,0,20,17-17-17
29.55,47.75,32.77,Đất cát,Cây lúa,16,3,14,10-26-26
33.33,65.8,44.88,Đất sét,Cây mía,38,4,3,28-28
32.16,62.99,54.53,Đất thịt tơi xốp,Cây chè,19,0,19,Urea
38.67,61.25,25.97,Đất cát,Cây chè,8,0,38,DAP
20.82,46.55,35.51,Đất cát,Cây bông,28,0,21,DAP
23.11,55.69,59.61,Đất cát,Cây bắp,9,2,18,10-26-26
27.53,48.15,30.5,Đất sét,Cây mía,9,0,37,DAP
23.16,45.03,54.29,Đất cát,Cây lúa,5,3,5,Urea
36.48,66.57,54.5,Đất thịt tơi xốp,Khoai tây,14,17,21,17-17-17
31.16,71.91,34.91,Đất mùn,Khoai tây,42,0,0,14-35-14
23.9,52.77,55.7,Đất mùn,Các loại hạt (hạt mè, hạt  cải),13,1,17,Urea
36.87,63.49,43.02,Đất thịt tơi xốp,Các loại đậu,16,17,13,14-35-14
34.63,66.78,45.11,Đất sét,Cây bắp,15,21,14,14-35-14
26.38,62.82,27.4,Đất mùn,Cây đậu phộng (Lạc),11,19,18,Urea
40.0,61.8,50.44,Đất thịt tơi xốp,Millets,6,8,31,20-20
28.97,52.94,43.27,Đất sét,Cây đậu phộng (Lạc),6,8,17,28-28
36.54,71.5,43.04,Đất sét,Các loại hạt (hạt mè, hạt  cải),40,0,3,DAP
24.73,56.02,64.26,Đất sét,Cây đậu phộng (Lạc),8,17,14,28-28
33.65,56.09,54.8,Đất đỏ bazan,Khoai tây,9,0,39,17-17-17
29.26,45.2,34.99,Đất đỏ bazan,Millets,13,7,28,28-28
36.19,73.76,41.52,Đất sét,Cây bông,16,1,34,28-28
28.88,69.96,49.96,Đất sét,Millets,24,0,32,10-26-26
30.81,55.65,36.46,Đất đỏ bazan,Cây chuối,15,0,34,10-26-26
24.51,59.05,23.15,Đất sét,Cây bông,11,21,15,28-28
32.61,67.03,58.43,Đất đỏ bazan,Cây đậu phộng (Lạc),10,2,39,DAP
35.54,65.54,44.63,Đất sét,Cây đậu phộng (Lạc),26,0,15,17-17-17
34.36,73.45,40.11,Đất thịt tơi xốp,Các loại đậu,8,19,15,28-28
32.09,72.63,35.16,Đất mùn,Khoai tây,12,0,40,10-26-26
31.53,66.76,34.6,Đất đỏ bazan,Cây chè,12,0,35,DAP
36.42,76.31,27.13,Đất mùn,Cây bắp,11,3,38,14-35-14
29.6,55.26,34.14,Đất sét,Cây chè,3,15,17,28-28
33.0,62.92,41.61,Đất thịt tơi xốp,Cây đậu phộng (Lạc),10,0,10,20-20
33.61,64.94,49.22,Đất sét,Khoai tây,43,4,3,20-20
25.9,44.58,27.68,Đất cát,Khoai tây,37,0,0,28-28
33.59,64.47,43.47,Đất mùn,Millets,13,11,10,14-35-14
22.18,60.13,31.3,Đất thịt tơi xốp,Cây bắp,14,0,12,Urea
29.59,63.02,50.53,Đất thịt tơi xốp,Cây chè,25,4,25,17-17-17
24.52,56.28,56.79,Đất sét,Cây đậu phộng (Lạc),13,17,12,28-28
22.02,60.75,52.93,Đất thịt tơi xốp,Cây đậu phộng (Lạc),22,2,17,DAP
22.64,48.24,38.55,Đất cát,Cây bắp,13,0,17,Urea
24.78,52.54,31.64,Đất thịt tơi xốp,Cây bông,28,0,19,28-28
30.82,66.76,47.22,Đất thịt tơi xốp,Millets,3,5,32,17-17-17
27.02,69.59,26.75,Đất cát,Cây chuối,3,8,26,28-28
36.63,73.67,39.48,Đất sét,Cây chuối,16,0,15,Urea
31.18,48.63,40.61,Đất mùn,Khoai tây,10,7,30,28-28
31.36,65.7,21.95,Đất mùn,Cây chuối,11,1,38,28-28
26.51,45.42,54.34,Đất thịt tơi xốp,Khoai tây,35,0,0,28-28
25.96,60.55,33.07,Đất mùn,Cây chè,10,0,40,28-28
25.85,60.73,64.54,Đất cát,Cây chè,13,1,36,28-28
36.13,74.73,24.29,Đất thịt tơi xốp,Cây chuối,3,10,35,DAP
29.64,58.86,34.58,Đất thịt tơi xốp,Khoai tây,13,2,40,10-26-26
30.14,51.19,20.2,Đất cát,Các loại đậu,13,5,29,17-17-17
33.62,72.93,27.1,Đất đỏ bazan,Cây bắp,8,0,15,28-28
24.7,51.98,27.12,Đất mùn,Cây chè,8,15,19,10-26-26
26.69,44.45,20.92,Đất cát,Các loại hạt (hạt mè, hạt  cải),15,0,13,28-28
23.44,61.62,33.17,Đất sét,Cây chuối,37,1,0,Urea
40.0,63.42,58.35,Đất sét,Cây bắp,11,16,17,14-35-14
30.71,63.43,36.57,Đất sét,Millets,37,0,0,20-20
34.77,68.46,22.78,Đất sét,Millets,42,0,3,17-17-17
29.82,71.87,24.39,Đất đỏ bazan,Cây chuối,12,0,36,Urea
34.31,57.72,46.52,Đất cát,Cây bắp,42,0,0,20-20
36.71,69.72,41.43,Đất sét,Các loại hạt (hạt mè, hạt  cải),8,3,30,10-26-26
29.41,59.27,43.92,Đất mùn,Cây chuối,10,15,15,10-26-26
21.78,46.74,29.02,Đất mùn,Cây đậu phộng (Lạc),36,2,1,10-26-26
34.96,55.78,24.64,Đất mùn,Cây bắp,38,2,0,17-17-17
34.48,67.12,37.64,Đất đỏ bazan,Cây mía,25,0,29,DAP
30.39,67.13,49.2,Đất cát,Cây đậu phộng (Lạc),25,0,17,14-35-14
32.2,69.66,64.67,Đất mùn,Khoai tây,17,0,36,14-35-14
21.28,52.32,20.0,Đất thịt tơi xốp,Cây chè,14,11,9,20-20
40.0,64.56,32.4,Đất mùn,Các loại đậu,45,4,4,17-17-17
26.2,51.04,51.58,Đất đỏ bazan,Các loại hạt (hạt mè, hạt  cải),26,3,13,20-20
26.91,53.87,31.06,Đất mùn,Khoai tây,10,1,11,28-28
37.67,66.85,43.22,Đất sét,Các loại hạt (hạt mè, hạt  cải),5,4,38,Urea
33.28,69.6,60.82,Đất sét,Cây chè,21,0,16,DAP
29.55,59.06,46.69,Đất đỏ bazan,Cây bông,27,2,26,10-26-26
28.12,66.34,32.71,Đất thịt tơi xốp,Millets,10,1,13,28-28
36.27,67.64,67.95,Đất sét,Cây chuối,28,3,20,DAP
35.15,72.72,54.71,Đất mùn,Cây mía,45,3,4,17-17-17
29.04,51.0,20.0,Đất đỏ bazan,Cây mía,16,4,35,Urea
34.65,64.75,49.95,Đất cát,Cây bông,45,0,0,10-26-26
28.6,45.82,36.28,Đất mùn,Các loại hạt (hạt mè, hạt  cải),18,0,21,20-20
35.78,60.37,32.47,Đất mùn,Millets,45,0,2,DAP
28.04,63.56,31.44,Đất mùn,Khoai tây,35,2,4,28-28
29.72,60.95,45.86,Đất cát,Millets,12,2,17,17-17-17
34.7,67.73,39.02,Đất mùn,Cây chuối,16,0,15,DAP
32.49,51.43,57.77,Đất cát,Các loại đậu,11,3,10,14-35-14
34.76,52.47,56.36,Đất thịt tơi xốp,Cây chè,10,2,29,28-28
25.71,56.23,55.63,Đất đỏ bazan,Cây lúa,12,0,38,10-26-26
30.14,65.05,25.07,Đất thịt tơi xốp,Cây chè,9,7,32,14-35-14
31.4,56.72,59.17,Đất thịt tơi xốp,Cây đậu phộng (Lạc),2,9,29,DAP
22.39,55.39,53.07,Đất mùn,Cây đậu phộng (Lạc),11,0,17,10-26-26
29.41,62.79,53.03,Đất đỏ bazan,Cây lúa,15,4,34,14-35-14
24.1,40.84,47.94,Đất sét,Các loại đậu,10,8,15,Urea
22.58,58.31,38.97,Đất cát,Cây lúa,32,0,0,Urea
36.24,62.61,31.65,Đất sét,Millets,15,2,39,10-26-26
25.37,58.87,29.4,Đất mùn,Cây chuối,36,2,2,Urea
29.31,49.02,36.23,Đất cát,Millets,13,0,12,Urea
22.46,61.78,36.74,Đất đỏ bazan,Cây bông,14,3,38,14-35-14
30.41,68.43,43.25,Đất thịt tơi xốp,Millets,22,0,25,14-35-14
29.37,51.15,57.25,Đất mùn,Cây bông,9,4,35,17-17-17
30.94,55.52,28.18,Đất sét,Cây lúa,38,0,1,10-26-26
32.76,64.78,54.27,Đất mùn,Cây bắp,15,0,42,20-20
25.4,41.92,64.16,Đất sét,Cây bông,11,3,11,28-28
28.76,53.09,41.85,Đất cát,Cây bông,37,0,0,14-35-14
33.07,62.54,30.79,Đất mùn,Cây chuối,19,0,36,Urea
32.17,68.71,37.43,Đất thịt tơi xốp,Millets,39,0,4,Urea
31.51,53.32,48.71,Đất sét,Các loại đậu,37,0,0,20-20
29.42,67.16,30.27,Đất thịt tơi xốp,Các loại đậu,37,1,2,Urea
28.03,64.04,30.17,Đất mùn,Cây bắp,9,0,15,28-28
32.03,51.88,48.24,Đất mùn,Khoai tây,42,2,4,14-35-14
29.51,64.95,54.1,Đất sét,Millets,3,14,25,17-17-17
25.38,61.15,38.97,Đất sét,Cây bông,19,3,19,10-26-26
32.99,56.52,62.76,Đất cát,Cây chuối,10,0,36,Urea
28.57,59.47,45.47,Đất cát,Cây lúa,14,0,42,DAP
27.21,64.76,57.04,Đất mùn,Millets,7,13,30,17-17-17
27.63,47.97,28.92,Đất mùn,Millets,14,0,11,DAP
31.92,68.89,39.95,Đất sét,Cây mía,13,0,43,17-17-17
26.63,65.47,59.26,Đất đỏ bazan,Các loại đậu,5,7,36,17-17-17
30.51,70.2,39.78,Đất thịt tơi xốp,Các loại hạt (hạt mè, hạt  cải),11,0,34,14-35-14
31.31,57.34,45.0,Đất mùn,Cây đậu phộng (Lạc),18,1,41,20-20
40.0,73.81,56.47,Đất đỏ bazan,Cây chuối,40,3,2,10-26-26
23.12,63.07,41.38,Đất đỏ bazan,Cây chuối,42,0,0,28-28
28.88,54.81,33.23,Đất mùn,Cây bắp,4,14,22,DAP
33.41,62.74,23.04,Đất thịt tơi xốp,Cây chuối,35,3,3,20-20
29.17,54.85,46.06,Đất đỏ bazan,Cây mía,11,3,29,17-17-17
25.55,68.75,42.0,Đất thịt tơi xốp,Các loại hạt (hạt mè, hạt  cải),23,0,17,10-26-26
35.71,60.95,42.29,Đất mùn,Các loại đậu,24,0,20,28-28
33.17,67.66,38.33,Đất cát,Các loại hạt (hạt mè, hạt  cải),22,3,24,17-17-17
28.11,64.09,65.53,Đất cát,Các loại đậu,13,3,34,Urea
35.98,58.7,38.42,Đất đỏ bazan,Cây lúa,25,0,18,17-17-17
30.11,63.21,39.22,Đất đỏ bazan,Cây đậu phộng (Lạc),13,0,11,17-17-17
26.87,52.98,57.88,Đất thịt tơi xốp,Millets,39,2,2,10-26-26
26.54,52.69,42.71,Đất mùn,Các loại đậu,38,4,2,14-35-14
30.91,56.85,36.26,Đất mùn,Cây chuối,40,0,0,28-28
28.9,62.92,54.55,Đất sét,Khoai tây,19,0,25,10-26-26
31.5,67.6,46.4,Đất đỏ bazan,Cây lúa,14,0,40,10-26-26
33.15,70.41,44.83,Đất thịt tơi xốp,Cây bông,13,2,6,17-17-17
22.97,45.2,30.14,Đất đỏ bazan,Cây chuối,15,0,11,20-20
21.36,54.65,26.45,Đất cát,Cây chè,22,4,22,DAP
39.07,62.71,59.38,Đất sét,Cây chè,11,4,37,20-20
24.98,52.39,50.79,Đất cát,Cây chuối,18,1,18,14-35-14
23.29,56.74,34.52,Đất đỏ bazan,Cây lúa,18,0,18,20-20
26.68,44.49,63.42,Đất mùn,Cây đậu phộng (Lạc),9,0,8,17-17-17
29.61,60.38,42.91,Đất sét,Cây lúa,11,0,37,Urea
28.78,59.46,29.35,Đất cát,Các loại hạt (hạt mè, hạt  cải),16,16,18,28-28
34.75,73.8,64.76,Đất sét,Các loại đậu,18,0,36,28-28
33.78,63.37,63.85,Đất sét,Các loại hạt (hạt mè, hạt  cải),11,3,40,DAP
25.63,53.63,52.84,Đất thịt tơi xốp,Cây đậu phộng (Lạc),9,4,6,10-26-26
23.36,53.46,54.46,Đất đỏ bazan,Các loại đậu,8,2,10,20-20
33.73,54.32,35.7,Đất cát,Cây đậu phộng (Lạc),9,2,8,Urea
33.98,67.38,24.08,Đất cát,Các loại hạt (hạt mè, hạt  cải),13,2,36,14-35-14
27.03,56.26,35.68,Đất thịt tơi xốp,Các loại hạt (hạt mè, hạt  cải),26,1,26,14-35-14
32.32,65.32,46.1,Đất cát,Cây đậu phộng (Lạc),12,15,21,17-17-17
31.14,58.05,62.54,Đất mùn,Cây bông,24,1,17,20-20
24.26,58.02,21.61,Đất thịt tơi xốp,Cây chè,30,0,4,10-26-26
26.91,49.5,70.0,Đất sét,Cây chè,17,2,33,DAP
38.06,56.01,39.45,Đất đỏ bazan,Cây chuối,5,21,19,Urea
26.57,57.0,70.0,Đất thịt tơi xốp,Các loại hạt (hạt mè, hạt  cải),31,0,0,14-35-14
28.47,53.91,38.25,Đất thịt tơi xốp,Cây chè,42,1,3,28-28
29.61,70.69,43.81,Đất cát,Cây đậu phộng (Lạc),18,0,26,28-28
24.06,57.92,53.93,Đất mùn,Cây bông,14,4,8,Urea
27.25,57.13,50.89,Đất mùn,Các loại hạt (hạt mè, hạt  cải),12,2,6,17-17-17
24.51,56.51,46.82,Đất sét,Cây chuối,6,13,23,17-17-17
33.77,59.19,26.58,Đất cát,Cây chuối,16,0,32,14-35-14
31.03,50.89,42.16,Đất sét,Cây bông,24,1,14,20-20
24.9,48.01,55.16,Đất thịt tơi xốp,Cây bắp,8,8,19,28-28
26.17,55.76,35.47,Đất thịt tơi xốp,Các loại hạt (hạt mè, hạt  cải),31,1,0,14-35-14
32.85,62.84,33.74,Đất đỏ bazan,Khoai tây,18,0,42,DAP
24.07,66.32,34.51,Đất sét,Cây bắp,24,0,22,20-20
25.75,52.9,37.84,Đất thịt tơi xốp,Các loại hạt (hạt mè, hạt  cải),19,1,21,10-26-26
37.62,72.75,64.33,Đất thịt tơi xốp,Cây mía,8,9,32,20-20
27.06,60.94,22.59,Đất thịt tơi xốp,Millets,9,0,11,Urea
27.75,58.01,48.09,Đất cát,Millets,37,0,0,20-20
35.15,63.35,48.88,Đất đỏ bazan,Cây chuối,38,1,3,14-35-14
28.63,50.27,50.74,Đất đỏ bazan,Cây chuối,20,2,23,DAP
40.0,65.06,37.28,Đất đỏ bazan,Cây mía,15,4,37,20-20
33.17,50.88,48.64,Đất thịt tơi xốp,Cây mía,15,0,8,DAP
29.26,70.35,57.68,Đất mùn,Cây chè,36,3,0,14-35-14
25.92,52.79,48.84,Đất thịt tơi xốp,Các loại hạt (hạt mè, hạt  cải),19,0,19,28-28
26.0,46.7,35.76,Đất sét,Cây chuối,19,0,21,20-20
30.5,66.53,58.15,Đất cát,Cây chuối,10,9,18,14-35-14
21.24,55.11,31.97,Đất đỏ bazan,Các loại hạt (hạt mè, hạt  cải),25,0,19,28-28
25.99,59.49,20.0,Đất đỏ bazan,Cây lúa,18,18,9,Urea
32.55,63.72,35.8,Đất cát,Cây đậu phộng (Lạc),16,4,40,DAP
40.0,67.6,43.19,Đất đỏ bazan,Cây bông,4,11,23,14-35-14
24.29,53.4,46.77,Đất cát,Cây chè,24,0,24,20-20
27.72,64.68,48.14,Đất sét,Cây lúa,16,2,6,28-28
38.25,62.67,37.09,Đất sét,Cây mía,3,6,30,10-26-26
37.6,71.97,34.16,Đất mùn,Các loại hạt (hạt mè, hạt  cải),5,3,35,17-17-17
33.24,70.39,67.47,Đất mùn,Cây chuối,31,0,0,10-26-26
27.26,48.41,29.66,Đất mùn,Các loại đậu,18,3,23,Urea
31.88,48.43,27.23,Đất sét,Cây mía,32,0,0,28-28
29.58,65.6,37.56,Đất thịt tơi xốp,Millets,40,3,4,14-35-14
31.78,74.98,58.44,Đất cát,Cây bắp,7,9,15,28-28
30.59,68.8,42.49,Đất cát,Cây đậu phộng (Lạc),15,0,41,10-26-26
33.21,70.05,32.61,Đất mùn,Các loại đậu,11,0,5,17-17-17
29.16,73.34,64.41,Đất thịt tơi xốp,Các loại hạt (hạt mè, hạt  cải),10,11,27,14-35-14
28.38,67.05,48.86,Đất mùn,Cây bắp,40,4,3,10-26-26
34.39,61.44,35.91,Đất sét,Cây chè,11,3,41,17-17-17
30.09,67.61,23.23,Đất thịt tơi xốp,Cây lúa,36,0,0,DAP
36.76,66.87,45.44,Đất cát,Các loại đậu,16,0,37,20-20
33.0,62.17,58.0,Đất mùn,Millets,15,2,7,28-28
27.43,49.52,64.39,Đất đỏ bazan,Cây lúa,12,0,11,10-26-26
29.57,65.03,65.81,Đất mùn,Cây lúa,10,7,31,17-17-17
31.48,53.13,56.5,Đất mùn,Cây bắp,5,10,13,14-35-14
29.23,48.37,38.04,Đất cát,Cây lúa,4,9,26,DAP
24.38,63.53,45.36,Đất cát,Millets,15,0,32,Urea
36.39,62.67,51.48,Đất đỏ bazan,Cây chè,22,0,19,DAP
29.16,59.51,35.27,Đất mùn,Các loại đậu,33,0,0,10-26-26
31.91,66.59,25.55,Đất mùn,Khoai tây,22,0,16,28-28
34.22,59.9,61.55,Đất mùn,Các loại hạt (hạt mè, hạt  cải),39,0,3,Urea
33.79,75.53,36.75,Đất cát,Cây lúa,8,0,39,20-20
28.1,47.62,47.44,Đất cát,Các loại đậu,36,0,1,DAP
30.46,56.64,41.97,Đất cát,Cây bông,15,6,12,17-17-17
31.38,55.65,27.51,Đất sét,Cây chuối,5,11,27,14-35-14
32.35,65.72,27.49,Đất đỏ bazan,Cây lúa,15,3,17,17-17-17
31.64,57.85,50.17,Đất đỏ bazan,Cây chuối,1,16,15,28-28
33.83,66.84,61.1,Đất thịt tơi xốp,Millets,16,9,9,DAP
23.54,56.34,60.76,Đất đỏ bazan,Millets,14,11,13,17-17-17
31.25,74.07,43.43,Đất sét,Các loại hạt (hạt mè, hạt  cải),6,19,22,17-17-17
30.06,73.57,53.83,Đất cát,Cây chuối,4,0,17,Urea
31.79,64.7,58.61,Đất sét,Cây bắp,6,10,32,17-17-17
26.85,50.76,39.26,Đất mùn,Millets,5,0,16,17-17-17
27.29,65.23,33.7,Đất cát,Millets,10,0,32,DAP
25.38,48.03,36.22,Đất sét,Cây chè,18,4,15,20-20
28.25,55.18,45.6,Đất thịt tơi xốp,Khoai tây,6,0,14,10-26-26
34.04,57.38,35.71,Đất cát,Các loại hạt (hạt mè, hạt  cải),17,2,43,10-26-26
27.14,59.37,28.55,Đất mùn,Cây chè,10,18,11,28-28
28.41,61.6,40.29,Đất sét,Các loại hạt (hạt mè, hạt  cải),12,10,26,10-26-26
29.49,66.27,41.53,Đất cát,Millets,7,0,43,10-26-26
40.0,64.45,56.16,Đất cát,Cây lúa,12,13,19,28-28
30.23,54.69,65.94,Đất sét,Millets,9,1,11,14-35-14
27.75,53.82,39.79,Đất cát,Cây chè,46,0,3,20-20
33.72,63.4,33.83,Đất thịt tơi xốp,Cây chuối,5,0,12,Urea
32.25,56.33,41.25,Đất sét,Cây bông,21,0,17,14-35-14
30.92,61.79,43.07,Đất sét,Các loại hạt (hạt mè, hạt  cải),10,9,17,10-26-26
30.17,62.48,30.31,Đất sét,Khoai tây,14,2,36,14-35-14
21.82,52.68,30.79,Đất đỏ bazan,Các loại hạt (hạt mè, hạt  cải),9,5,13,DAP
25.88,63.35,70.0,Đất thịt tơi xốp,Cây chè,11,0,36,14-35-14
27.95,67.23,46.01,Đất cát,Cây bông,13,2,10,DAP
32.02,57.6,52.26,Đất thịt tơi xốp,Millets,5,12,32,17-17-17
31.91,46.77,42.39,Đất cát,Cây chè,38,2,0,Urea
25.96,48.42,38.06,Đất thịt tơi xốp,Cây chuối,24,2,19,20-20
38.05,77.16,42.34,Đất sét,Cây lúa,11,0,36,14-35-14
28.92,59.44,57.18,Đất mùn,Cây đậu phộng (Lạc),10,4,24,14-35-14
26.17,51.49,20.6,Đất đỏ bazan,Cây mía,9,12,15,Urea
25.25,64.81,47.16,Đất sét,Các loại đậu,41,2,0,28-28
35.72,63.95,56.88,Đất thịt tơi xốp,Cây đậu phộng (Lạc),42,0,3,17-17-17
33.04,65.19,50.69,Đất cát,Cây bắp,26,1,16,DAP
26.49,56.63,42.97,Đất thịt tơi xốp,Các loại hạt (hạt mè, hạt  cải),8,0,32,10-26-26
23.26,52.39,43.65,Đất sét,Cây chè,20,4,17,Urea
37.23,70.55,31.71,Đất mùn,Cây bông,17,3,10,17-17-17
33.24,63.1,37.34,Đất cát,Khoai tây,24,3,20,DAP
28.63,51.26,41.71,Đất mùn,Cây bắp,25,4,18,28-28
34.46,52.14,68.6,Đất sét,Cây chuối,5,8,34,28-28
27.37,53.95,42.58,Đất đỏ bazan,Cây bắp,24,0,22,17-17-17
30.81,58.48,41.17,Đất sét,Cây chè,26,0,17,20-20
30.94,55.34,55.13,Đất thịt tơi xốp,Cây đậu phộng (Lạc),33,4,0,17-17-17
31.5,66.45,61.75,Đất cát,Cây lúa,11,9,34,28-28
33.73,51.23,29.59,Đất đỏ bazan,Các loại đậu,15,2,44,DAP
25.06,58.7,42.9,Đất cát,Khoai tây,9,11,22,DAP
26.01,59.51,30.26,Đất mùn,Cây lúa,10,0,37,20-20
29.68,66.64,52.87,Đất sét,Cây bắp,24,0,17,17-17-17
31.57,67.5,47.83,Đất đỏ bazan,Millets,21,0,15,DAP
35.81,62.93,39.2,Đất thịt tơi xốp,Các loại hạt (hạt mè, hạt  cải),21,0,20,20-20
35.73,66.71,33.31,Đất cát,Cây đậu phộng (Lạc),14,0,35,10-26-26
22.05,60.6,39.49,Đất mùn,Cây đậu phộng (Lạc),16,1,39,28-28
33.07,56.67,54.06,Đất cát,Khoai tây,13,18,16,17-17-17
31.84,59.38,45.32,Đất sét,Cây chè,11,0,9,17-17-17
23.15,45.26,35.54,Đất đỏ bazan,Các loại đậu,10,2,39,17-17-17
24.58,62.8,66.11,Đất đỏ bazan,Cây mía,9,0,9,14-35-14
36.94,59.73,52.98,Đất sét,Cây lúa,37,2,0,17-17-17
35.54,60.01,48.23,Đất cát,Các loại đậu,24,0,30,17-17-17
32.86,61.27,49.02,Đất mùn,Cây chè,25,0,18,10-26-26
28.01,52.18,34.37,Đất cát,Khoai tây,6,13,19,14-35-14
32.68,54.45,37.7,Đất cát,Cây chè,12,0,43,17-17-17
25.12,53.46,25.03,Đất thịt tơi xốp,Cây chè,12,0,9,Urea
35.29,58.77,57.56,Đất mùn,Các loại hạt (hạt mè, hạt  cải),40,0,0,28-28
31.49,66.15,41.32,Đất cát,Các loại hạt (hạt mè, hạt  cải),8,17,20,17-17-17
32.47,66.84,39.56,Đất đỏ bazan,Các loại đậu,23,0,17,28-28
23.21,48.43,30.35,Đất mùn,Các loại đậu,18,2,26,17-17-17
25.28,67.21,40.42,Đất sét,Millets,14,2,7,Urea
32.73,63.31,57.72,Đất mùn,Cây chuối,7,22,23,28-28
32.43,67.82,51.52,Đất sét,Cây chè,4,7,18,14-35-14
30.73,71.62,36.35,Đất thịt tơi xốp,Cây chuối,14,4,41,17-17-17
30.75,56.09,51.19,Đất cát,Cây bông,23,0,19,28-28
37.38,63.08,42.58,Đất cát,Cây đậu phộng (Lạc),12,0,37,10-26-26
23.56,50.55,43.22,Đất đỏ bazan,Cây bông,44,0,0,10-26-26
34.73,57.31,52.2,Đất cát,Millets,13,0,42,14-35-14
36.1,63.8,38.39,Đất đỏ bazan,Cây bắp,10,7,31,DAP
38.4,70.12,44.15,Đất đỏ bazan,Cây lúa,8,0,36,20-20
29.8,66.92,55.34,Đất sét,Cây chuối,30,1,4,28-28
35.73,63.26,50.02,Đất đỏ bazan,Cây bông,6,15,18,17-17-17
33.02,55.73,60.55,Đất cát,Cây bắp,10,15,18,Urea
29.68,65.45,68.73,Đất thịt tơi xốp,Cây lúa,17,0,39,10-26-26
30.16,47.07,29.44,Đất sét,Khoai tây,36,2,2,20-20
25.93,48.16,64.92,Đất mùn,Cây bông,7,4,39,20-20
34.66,55.05,59.87,Đất đỏ bazan,Các loại hạt (hạt mè, hạt  cải),7,0,11,Urea
35.52,59.79,33.11,Đất đỏ bazan,Cây chè,14,2,34,17-17-17
32.83,63.93,34.94,Đất cát,Cây bắp,25,0,20,10-26-26
38.7,76.26,57.0,Đất cát,Cây mía,36,4,4,20-20
37.05,73.86,31.98,Đất thịt tơi xốp,Millets,9,0,38,DAP
27.22,49.22,52.2,Đất đỏ bazan,Cây bông,27,0,17,28-28
37.44,65.48,63.18,Đất đỏ bazan,Millets,7,8,25,Urea
39.0,77.37,43.11,Đất đỏ bazan,Các loại hạt (hạt mè, hạt  cải),7,1,42,14-35-14
22.98,47.12,45.24,Đất thịt tơi xốp,Millets,10,20,24,14-35-14
35.47,65.11,44.62,Đất cát,Các loại hạt (hạt mè, hạt  cải),44,2,4,DAP
40.0,75.94,27.02,Đất đỏ bazan,Các loại hạt (hạt mè, hạt  cải),13,3,18,14-35-14
32.48,57.15,47.72,Đất mùn,Các loại hạt (hạt mè, hạt  cải),22,1,25,17-17-17
27.08,53.24,47.64,Đất mùn,Cây đậu phộng (Lạc),21,3,13,14-35-14
30.4,56.1,55.02,Đất mùn,Cây chuối,3,9,33,10-26-26
35.38,64.71,38.74,Đất mùn,Cây lúa,24,0,22,10-26-26
34.63,64.0,53.06,Đất đỏ bazan,Cây bông,19,1,21,17-17-17
34.77,61.67,59.77,Đất sét,Cây đậu phộng (Lạc),16,0,38,Urea
34.38,57.6,52.94,Đất sét,Cây đậu phộng (Lạc),35,4,0,DAP
36.78,74.99,46.32,Đất thịt tơi xốp,Khoai tây,1,14,17,DAP
31.68,60.87,25.77,Đất đỏ bazan,Millets,6,12,19,10-26-26
27.74,52.16,28.11,Đất sét,Các loại đậu,7,0,44,20-20
29.46,66.27,38.77,Đất cát,Cây đậu phộng (Lạc),41,0,0,17-17-17
30.7,59.76,39.31,Đất cát,Cây chè,12,0,6,20-20
25.62,54.23,41.6,Đất đỏ bazan,Cây mía,6,4,9,28-28
35.51,62.48,43.95,Đất đỏ bazan,Các loại hạt (hạt mè, hạt  cải),19,2,26,DAP
36.52,53.74,43.45,Đất sét,Khoai tây,14,0,41,17-17-17
32.85,50.77,44.0,Đất cát,Các loại hạt (hạt mè, hạt  cải),10,0,33,20-20
33.54,50.61,56.46,Đất thịt tơi xốp,Cây lúa,5,6,35,20-20
37.67,74.24,42.28,Đất đỏ bazan,Cây chè,8,17,20,Urea
31.12,49.68,47.94,Đất mùn,Cây mía,6,4,32,28-28
38.34,57.32,38.09,Đất sét,Cây mía,27,4,21,20-20
39.41,69.09,40.35,Đất mùn,Cây bông,13,0,38,17-17-17
28.84,59.87,28.08,Đất sét,Các loại hạt (hạt mè, hạt  cải),12,0,33,DAP
26.92,46.79,31.62,Đất đỏ bazan,Millets,21,1,20,28-28
32.42,61.47,38.76,Đất thịt tơi xốp,Cây bông,10,8,31,17-17-17
30.47,54.41,29.6,Đất thịt tơi xốp,Cây chuối,11,2,12,28-28
37.6,58.72,21.63,Đất cát,Cây đậu phộng (Lạc),11,8,26,28-28
31.24,72.13,48.81,Đất sét,Cây chuối,8,19,16,28-28
32.33,55.31,47.97,Đất cát,Cây bắp,9,0,12,Urea
30.03,64.18,49.35,Đất thịt tơi xốp,Millets,6,9,18,14-35-14
32.93,53.71,31.0,Đất sét,Cây chè,21,0,16,20-20
24.52,56.92,52.98,Đất mùn,Cây lúa,5,4,34,DAP
40.0,73.3,27.24,Đất thịt tơi xốp,Các loại đậu,9,4,41,17-17-17
27.3,58.11,36.28,Đất thịt tơi xốp,Cây lúa,14,4,27,17-17-17
30.99,59.11,24.93,Đất đỏ bazan,Cây lúa,44,0,0,Urea
31.32,51.5,37.24,Đất cát,Millets,25,0,20,20-20
26.93,60.8,53.51,Đất đỏ bazan,Các loại đậu,17,19,16,20-20
30.43,50.53,39.32,Đất thịt tơi xốp,Cây bắp,9,0,12,Urea
33.46,55.92,47.57,Đất thịt tơi xốp,Khoai tây,12,8,17,Urea
27.6,63.87,38.04,Đất thịt tơi xốp,Các loại hạt (hạt mè, hạt  cải),45,4,0,Urea
31.3,62.39,42.41,Đất thịt tơi xốp,Cây chè,14,4,14,28-28
28.53,50.65,49.69,Đất thịt tơi xốp,Millets,36,0,0,20-20
35.85,71.0,37.57,Đất đỏ bazan,Millets,11,0,31,DAP
35.98,70.52,33.59,Đất cát,Khoai tây,8,0,40,17-17-17
30.51,55.65,37.31,Đất sét,Cây đậu phộng (Lạc),13,15,16,20-20
30.17,60.47,32.13,Đất sét,Cây bắp,12,3,30,14-35-14
33.08,73.39,45.19,Đất thịt tơi xốp,Các loại hạt (hạt mè, hạt  cải),10,4,11,20-20
29.3,58.88,50.39,Đất mùn,Cây mía,45,2,0,DAP
20.34,48.15,42.35,Đất đỏ bazan,Millets,16,0,23,14-35-14
26.22,48.44,52.01,Đất đỏ bazan,Cây lúa,4,21,16,DAP
37.85,71.37,60.91,Đất đỏ bazan,Cây đậu phộng (Lạc),13,0,42,20-20
33.77,69.64,40.51,Đất đỏ bazan,Các loại hạt (hạt mè, hạt  cải),27,0,20,14-35-14
31.36,55.67,41.78,Đất thịt tơi xốp,Millets,45,1,3,Urea
31.61,72.2,23.07,Đất đỏ bazan,Các loại đậu,21,0,24,10-26-26
23.07,47.07,38.29,Đất cát,Cây bông,26,0,25,17-17-17
34.44,59.55,55.47,Đất thịt tơi xốp,Cây chè,8,14,13,Urea
24.54,49.35,57.77,Đất đỏ bazan,Cây đậu phộng (Lạc),12,0,9,14-35-14
21.33,49.11,41.38,Đất sét,Cây chè,21,0,21,Urea
24.18,61.7,52.14,Đất cát,Cây đậu phộng (Lạc),5,8,31,28-28
25.59,52.32,38.18,Đất thịt tơi xốp,Các loại đậu,24,4,24,DAP
37.61,59.21,38.16,Đất cát,Cây chuối,10,3,42,28-28
33.21,50.19,41.78,Đất thịt tơi xốp,Khoai tây,6,0,12,28-28
34.64,70.76,23.74,Đất sét,Millets,41,0,0,17-17-17
25.02,54.12,31.81,Đất cát,Cây chuối,38,4,0,28-28
25.95,54.26,48.46,Đất đỏ bazan,Cây đậu phộng (Lạc),39,0,0,Urea
25.82,44.19,69.01,Đất sét,Cây bắp,11,0,5,20-20
27.03,52.2,44.35,Đất sét,Cây bắp,7,4,8,10-26-26
27.05,43.07,25.9,Đất cát,Millets,23,2,16,14-35-14
29.42,68.0,27.65,Đất cát,Cây mía,38,0,4,28-28
30.26,62.97,59.02,Đất mùn,Cây mía,9,0,40,17-17-17
26.05,58.44,44.87,Đất sét,Các loại hạt (hạt mè, hạt  cải),5,18,15,17-17-17
27.85,61.62,28.3,Đất mùn,Cây lúa,33,0,4,DAP
23.5,49.68,31.29,Đất thịt tơi xốp,Cây bắp,36,1,0,14-35-14
38.04,68.81,65.02,Đất sét,Cây bông,3,5,29,Urea
30.44,56.07,54.61,Đất cát,Cây chè,1,13,33,10-26-26
30.75,52.39,38.96,Đất cát,Các loại đậu,32,3,0,28-28
31.1,60.84,40.17,Đất sét,Các loại đậu,41,2,3,20-20
30.17,53.45,51.01,Đất thịt tơi xốp,Cây bắp,10,2,34,DAP
34.51,58.59,67.96,Đất đỏ bazan,Cây chè,12,6,34,Urea
25.41,57.63,63.48,Đất đỏ bazan,Cây lúa,8,12,31,10-26-26
24.85,58.23,20.0,Đất sét,Cây mía,19,11,7,10-26-26
23.44,56.26,55.04,Đất mùn,Cây lúa,34,0,0,10-26-26
26.05,60.98,50.96,Đất thịt tơi xốp,Cây đậu phộng (Lạc),11,7,32,DAP
31.44,68.47,53.03,Đất sét,Cây chuối,9,6,26,DAP
29.54,60.54,46.5,Đất thịt tơi xốp,Cây bông,10,0,33,17-17-17
34.16,59.81,60.87,Đất sét,Các loại đậu,19,0,38,10-26-26
30.6,58.23,53.69,Đất mùn,Millets,37,4,3,20-20
29.93,43.29,48.86,Đất thịt tơi xốp,Cây đậu phộng (Lạc),11,0,38,Urea
28.89,66.42,61.74,Đất đỏ bazan,Cây chuối,18,1,34,DAP
32.61,60.48,27.75,Đất mùn,Các loại đậu,12,12,26,DAP
35.03,70.21,37.03,Đất mùn,Khoai tây,15,0,37,17-17-17
33.96,75.43,62.88,Đất đỏ bazan,Cây chuối,15,0,38,14-35-14
28.75,65.49,48.78,Đất thịt tơi xốp,Millets,15,0,38,28-28
31.4,66.88,51.44,Đất thịt tơi xốp,Các loại đậu,45,2,2,14-35-14
31.45,66.67,69.18,Đất sét,Các loại đậu,6,3,33,14-35-14
22.68,61.46,42.62,Đất mùn,Các loại đậu,40,0,1,Urea
33.84,60.21,41.86,Đất mùn,Cây bông,33,0,0,14-35-14
38.28,68.8,45.67,Đất sét,Cây bông,23,1,22,17-17-17
28.09,63.83,24.31,Đất sét,Cây chè,21,0,17,DAP
35.6,73.58,37.94,Đất cát,Cây đậu phộng (Lạc),8,5,25,20-20
33.49,68.43,31.16,Đất đỏ bazan,Cây mía,41,4,0,DAP
31.19,58.58,64.38,Đất thịt tơi xốp,Cây chuối,4,0,14,20-20
29.51,56.71,43.38,Đất sét,Cây bông,12,0,35,14-35-14
25.12,63.88,55.6,Đất đỏ bazan,Cây lúa,30,4,3,28-28
32.53,58.37,39.02,Đất cát,Cây bắp,7,10,32,17-17-17
36.31,57.23,60.02,Đất cát,Cây chuối,6,5,28,10-26-26
25.23,55.97,62.08,Đất đỏ bazan,Millets,13,2,28,10-26-26
27.38,62.54,70.0,Đất thịt tơi xốp,Khoai tây,15,0,31,20-20
29.02,47.24,42.83,Đất mùn,Cây chuối,26,0,22,20-20
26.62,62.07,54.61,Đất thịt tơi xốp,Cây bông,11,10,36,14-35-14
28.1,67.83,28.1,Đất cát,Khoai tây,19,0,28,20-20
25.12,42.78,50.96,Đất mùn,Các loại hạt (hạt mè, hạt  cải),7,0,7,17-17-17
25.41,54.6,67.69,Đất mùn,Các loại đậu,11,1,39,17-17-17
27.9,46.88,39.77,Đất thịt tơi xốp,Cây đậu phộng (Lạc),15,0,14,Urea
33.78,62.92,50.96,Đất mùn,Cây chuối,42,1,4,Urea
21.57,52.34,32.89,Đất đỏ bazan,Cây mía,12,15,7,14-35-14
31.18,55.09,52.03,Đất sét,Các loại hạt (hạt mè, hạt  cải),7,10,13,Urea
29.71,52.56,42.93,Đất đỏ bazan,Cây bông,36,4,4,20-20
22.59,47.12,34.78,Đất thịt tơi xốp,Khoai tây,22,0,19,20-20
25.87,44.22,38.29,Đất đỏ bazan,Cây bắp,9,1,45,10-26-26
22.4,49.31,34.05,Đất thịt tơi xốp,Cây bông,15,2,35,DAP
27.73,59.28,49.49,Đất thịt tơi xốp,Cây chuối,10,12,15,DAP
36.68,60.6,31.3,Đất đỏ bazan,Các loại hạt (hạt mè, hạt  cải),8,0,13,10-26-26
22.12,53.06,40.13,Đất mùn,Các loại đậu,15,2,36,14-35-14
24.96,51.91,53.37,Đất mùn,Millets,10,6,29,28-28
30.09,65.32,32.53,Đất cát,Khoai tây,19,2,18,17-17-17
32.69,53.61,28.97,Đất mùn,Khoai tây,41,0,0,14-35-14
31.35,56.17,45.42,Đất sét,Cây đậu phộng (Lạc),26,0,19,10-26-26
35.47,68.72,41.38,Đất cát,Khoai tây,22,0,23,20-20
31.98,60.89,49.49,Đất sét,Các loại đậu,23,0,25,14-35-14
40.0,79.17,31.45,Đất sét,Millets,15,0,43,28-28
23.92,57.89,54.22,Đất mùn,Các loại đậu,8,4,7,DAP
36.24,66.36,48.77,Đất mùn,Các loại hạt (hạt mè, hạt  cải),16,15,22,28-28
32.54,71.53,51.69,Đất mùn,Cây chè,26,0,16,28-28
25.15,57.65,58.66,Đất sét,Cây mía,8,0,5,14-35-14
22.94,46.81,28.94,Đất đỏ bazan,Các loại hạt (hạt mè, hạt  cải),45,1,0,10-26-26
25.82,59.76,35.34,Đất mùn,Cây lúa,43,0,0,Urea
32.71,63.88,37.18,Đất đỏ bazan,Cây bông,24,1,23,28-28
36.75,66.48,55.62,Đất đỏ bazan,Cây chè,37,0,1,14-35-14
30.21,58.61,33.56,Đất cát,Cây chè,20,0,19,DAP
22.1,58.03,39.29,Đất thịt tơi xốp,Các loại đậu,27,0,15,20-20
31.31,58.34,38.88,Đất mùn,Các loại hạt (hạt mè, hạt  cải),7,11,29,28-28
31.61,64.2,32.23,Đất mùn,Cây chè,44,0,1,17-17-17
26.41,63.86,29.03,Đất mùn,Cây chuối,5,5,34,28-28
33.8,58.49,50.02,Đất đỏ bazan,Cây chuối,37,0,0,14-35-14
31.53,71.99,36.06,Đất thịt tơi xốp,Cây chuối,5,22,25,Urea
35.71,55.39,49.56,Đất thịt tơi xốp,Cây mía,13,0,42,14-35-14
24.27,59.31,66.91,Đất cát,Các loại hạt (hạt mè, hạt  cải),11,0,9,10-26-26
29.37,65.27,42.64,Đất đỏ bazan,Cây lúa,12,0,40,10-26-26
28.08,52.1,36.43,Đất đỏ bazan,Millets,35,0,0,20-20
33.79,68.09,43.83,Đất cát,Cây bắp,10,20,20,DAP
27.4,42.62,64.2,Đất đỏ bazan,Khoai tây,40,0,2,Urea
33.99,48.08,50.86,Đất cát,Cây mía,8,4,37,10-26-26
30.03,69.45,36.59,Đất cát,Cây bông,37,4,0,14-35-14
30.72,52.17,46.14,Đất sét,Cây bắp,35,0,0,20-20
29.01,55.24,41.94,Đất thịt tơi xốp,Khoai tây,5,13,18,DAP
30.07,65.17,41.29,Đất đỏ bazan,Cây mía,37,0,0,17-17-17
26.27,55.86,36.93,Đất sét,Khoai tây,38,0,0,17-17-17
26.09,62.79,22.09,Đất sét,Millets,3,17,19,Urea
36.44,73.6,38.38,Đất thịt tơi xốp,Cây chuối,18,2,14,Urea
25.12,66.38,22.29,Đất đỏ bazan,Millets,40,0,3,17-17-17
22.68,57.34,70.0,Đất cát,Các loại hạt (hạt mè, hạt  cải),39,0,1,14-35-14
40.0,75.29,47.3,Đất thịt tơi xốp,Cây chuối,11,11,31,20-20
29.31,65.92,49.87,Đất cát,Cây mía,13,1,5,20-20
36.49,59.74,55.86,Đất đỏ bazan,Millets,23,0,20,20-20
23.03,42.54,37.14,Đất mùn,Cây bông,15,4,3,Urea
25.29,58.68,47.03,Đất sét,Cây bắp,8,0,5,DAP
33.37,63.15,52.75,Đất sét,Cây bông,18,0,18,20-20
31.18,49.61,28.76,Đất cát,Cây chuối,11,7,28,14-35-14
30.5,52.65,63.66,Đất đỏ bazan,Cây bắp,16,1,38,28-28
26.03,65.26,38.25,Đất sét,Cây đậu phộng (Lạc),19,0,18,10-26-26
23.66,47.39,28.98,Đất đỏ bazan,Các loại đậu,9,20,15,Urea
30.3,54.43,45.38,Đất sét,Các loại hạt (hạt mè, hạt  cải),13,8,31,14-35-14
21.2,56.27,68.64,Đất cát,Các loại hạt (hạt mè, hạt  cải),9,0,8,14-35-14
37.49,77.6,36.44,Đất sét,Các loại đậu,10,3,34,20-20
36.47,68.69,55.78,Đất sét,Cây lúa,38,2,0,14-35-14
22.28,40.57,65.74,Đất thịt tơi xốp,Cây bắp,38,1,1,17-17-17
27.63,45.29,45.88,Đất cát,Cây bắp,25,2,22,Urea
35.3,72.7,49.12,Đất thịt tơi xốp,Cây chuối,35,0,0,20-20
35.28,65.1,40.67,Đất đỏ bazan,Khoai tây,38,0,3,28-28
26.57,60.91,47.87,Đất mùn,Các loại hạt (hạt mè, hạt  cải),23,0,29,17-17-17
30.44,57.3,35.77,Đất mùn,Cây đậu phộng (Lạc),21,0,24,17-17-17
34.9,61.99,31.18,Đất đỏ bazan,Cây chè,41,2,1,Urea
31.02,58.1,37.46,Đất đỏ bazan,Cây lúa,15,3,12,Urea
25.06,44.32,54.22,Đất thịt tơi xốp,Cây chè,5,22,15,14-35-14
30.82,44.16,30.56,Đất đỏ bazan,Cây bông,41,0,0,20-20
35.94,66.23,55.11,Đất đỏ bazan,Cây bông,10,12,16,28-28
34.02,52.63,26.43,Đất sét,Các loại hạt (hạt mè, hạt  cải),12,0,39,20-20
30.91,62.52,32.61,Đất thịt tơi xốp,Cây mía,35,0,0,20-20
34.28,57.44,41.72,Đất mùn,Cây đậu phộng (Lạc),14,0,4,10-26-26
30.51,62.57,26.45,Đất cát,Các loại hạt (hạt mè, hạt  cải),19,1,40,Urea
25.3,57.41,43.63,Đất thịt tơi xốp,Các loại hạt (hạt mè, hạt  cải),26,0,23,28-28
32.45,50.4,49.3,Đất đỏ bazan,Các loại đậu,12,2,46,20-20
32.81,60.28,33.66,Đất thịt tơi xốp,Khoai tây,37,0,1,Urea
34.39,70.57,50.22,Đất đỏ bazan,Cây mía,10,13,15,20-20
31.78,67.11,48.68,Đất thịt tơi xốp,Cây chè,7,16,18,Urea
35.36,60.71,43.64,Đất cát,Cây bắp,14,3,32,DAP
38.96,67.63,36.17,Đất mùn,Cây lúa,1,19,20,Urea
33.04,52.36,53.11,Đất đỏ bazan,Các loại hạt (hạt mè, hạt  cải),13,2,8,28-28
23.43,54.88,29.61,Đất thịt tơi xốp,Khoai tây,37,0,4,14-35-14
27.39,58.97,34.28,Đất cát,Các loại hạt (hạt mè, hạt  cải),17,0,27,20-20
29.72,63.99,28.27,Đất mùn,Millets,10,0,38,20-20
38.9,67.16,64.49,Đất cát,Cây lúa,9,0,38,DAP
32.06,49.68,60.32,Đất cát,Các loại đậu,18,0,39,DAP
34.79,58.37,48.33,Đất sét,Các loại hạt (hạt mè, hạt  cải),5,10,31,14-35-14
36.02,70.21,46.72,Đất đỏ bazan,Cây chuối,39,4,0,Urea
28.96,45.85,38.46,Đất đỏ bazan,Các loại đậu,22,0,18,28-28
28.35,53.72,56.15,Đất thịt tơi xốp,Khoai tây,9,11,10,DAP
33.86,68.65,22.84,Đất mùn,Cây chuối,39,0,4,14-35-14
36.59,67.13,61.03,Đất sét,Cây chuối,3,8,33,14-35-14
33.72,67.04,60.71,Đất mùn,Các loại đậu,6,10,36,14-35-14
28.19,58.68,38.45,Đất sét,Các loại đậu,11,10,13,14-35-14
28.97,47.91,47.29,Đất thịt tơi xốp,Millets,25,2,25,28-28
34.68,63.25,51.92,Đất cát,Khoai tây,34,1,0,DAP
31.26,53.46,60.24,Đất cát,Cây bắp,39,2,3,17-17-17
31.04,69.96,53.87,Đất cát,Cây mía,24,1,32,14-35-14
30.17,61.17,53.11,Đất thịt tơi xốp,Cây bắp,33,3,0,28-28
26.88,52.66,37.94,Đất thịt tơi xốp,Cây bông,37,2,3,28-28
28.91,55.03,35.94,Đất thịt tơi xốp,Cây đậu phộng (Lạc),34,0,0,DAP
25.28,42.03,34.12,Đất mùn,Cây chè,21,0,25,Urea
32.71,55.63,37.14,Đất sét,Các loại hạt (hạt mè, hạt  cải),12,0,35,17-17-17
34.07,61.51,36.87,Đất sét,Cây mía,2,18,19,DAP
30.74,55.94,48.96,Đất cát,Cây bông,19,0,26,14-35-14
26.4,59.16,66.66,Đất sét,Cây chuối,5,2,28,10-26-26
31.02,66.2,60.1,Đất sét,Cây bắp,11,0,10,Urea
31.29,58.97,28.89,Đất thịt tơi xốp,Cây lúa,8,0,15,28-28
29.03,53.03,27.5,Đất thịt tơi xốp,Các loại đậu,9,3,16,10-26-26
34.84,66.8,31.4,Đất cát,Cây chuối,10,3,29,20-20
23.48,63.5,56.68,Đất mùn,Cây chuối,37,0,0,10-26-26
25.93,61.01,45.93,Đất mùn,Cây đậu phộng (Lạc),1,14,11,17-17-17
34.53,67.09,29.68,Đất đỏ bazan,Các loại đậu,21,0,27,28-28
27.43,58.71,58.37,Đất đỏ bazan,Cây lúa,12,16,16,14-35-14
23.96,50.84,54.62,Đất cát,Cây chè,8,14,14,10-26-26
30.03,44.92,39.54,Đất đỏ bazan,Millets,13,10,33,20-20
26.19,59.96,28.29,Đất cát,Cây đậu phộng (Lạc),8,0,10,DAP
25.12,54.93,25.4,Đất mùn,Các loại đậu,15,1,14,28-28
21.11,49.36,65.09,Đất thịt tơi xốp,Các loại hạt (hạt mè, hạt  cải),6,3,8,17-17-17
40.0,75.3,35.46,Đất mùn,Khoai tây,11,3,41,28-28
24.85,59.37,45.95,Đất mùn,Các loại hạt (hạt mè, hạt  cải),16,0,21,20-20
32.99,63.72,50.3,Đất mùn,Các loại đậu,14,2,39,17-17-17
23.66,48.48,70.0,Đất thịt tơi xốp,Cây chuối,7,0,14,DAP
35.16,53.95,31.14,Đất mùn,Cây bắp,36,4,0,Urea
31.52,68.51,29.7,Đất sét,Millets,12,7,30,Urea
28.49,50.47,70.0,Đất sét,Cây mía,11,12,30,14-35-14
40.0,64.71,57.07,Đất sét,Các loại đậu,6,12,25,17-17-17
33.54,66.83,39.59,Đất mùn,Các loại hạt (hạt mè, hạt  cải),15,0,39,DAP
28.07,61.55,53.65,Đất đỏ bazan,Millets,12,0,8,17-17-17
27.47,55.26,45.89,Đất cát,Millets,11,1,14,14-35-14
25.52,45.73,48.04,Đất thịt tơi xốp,Cây lúa,21,0,26,Urea
31.99,67.57,54.82,Đất sét,Khoai tây,41,0,0,28-28
32.18,59.36,26.84,Đất sét,Khoai tây,37,0,2,17-17-17
24.2,49.32,38.13,Đất cát,Cây bắp,21,0,19,10-26-26
35.23,57.62,49.82,Đất sét,Cây lúa,8,13,17,10-26-26
30.41,66.28,57.05,Đất thịt tơi xốp,Millets,13,10,9,20-20
30.33,66.06,44.53,Đất đỏ bazan,Cây bắp,11,13,7,10-26-26
34.77,57.87,70.0,Đất đỏ bazan,Khoai tây,14,12,15,17-17-17
36.47,56.72,31.13,Đất mùn,Cây chè,19,2,18,17-17-17
29.01,66.48,43.89,Đất cát,Các loại hạt (hạt mè, hạt  cải),11,3,39,14-35-14
29.95,58.03,46.12,Đất mùn,Cây chè,18,0,19,20-20
36.26,65.71,67.99,Đất cát,Cây chè,10,3,35,Urea
28.37,47.22,31.59,Đất cát,Khoai tây,38,0,1,10-26-26
33.42,61.58,56.87,Đất cát,Cây bắp,24,0,23,14-35-14
28.42,51.12,27.41,Đất mùn,Cây bông,11,0,6,17-17-17
30.44,56.94,36.23,Đất mùn,Cây bắp,24,1,21,14-35-14
32.65,62.07,47.91,Đất sét,Cây chuối,37,0,1,17-17-17
40.0,77.83,40.75,Đất cát,Cây chè,15,2,37,10-26-26
30.96,67.1,48.43,Đất mùn,Cây bông,11,14,20,28-28
38.42,61.78,34.65,Đất mùn,Millets,10,3,35,Urea
30.14,57.67,49.19,Đất đỏ bazan,Cây đậu phộng (Lạc),11,13,17,20-20
23.31,62.72,32.33,Đất sét,Cây lúa,5,11,27,17-17-17
31.77,65.98,47.18,Đất cát,Cây chè,10,0,6,DAP
33.42,67.09,45.04,Đất thịt tơi xốp,Cây chuối,10,0,38,14-35-14
28.97,42.16,45.5,Đất mùn,Cây chè,18,2,9,14-35-14
25.61,46.7,28.16,Đất mùn,Cây bông,19,0,15,17-17-17
27.31,50.92,46.77,Đất cát,Cây bông,22,1,15,10-26-26
27.74,59.78,39.31,Đất thịt tơi xốp,Các loại đậu,11,0,15,DAP
36.41,65.44,34.56,Đất đỏ bazan,Cây bắp,38,2,0,DAP
24.11,43.34,38.58,Đất mùn,Cây bắp,35,0,1,28-28
27.1,57.17,39.17,Đất đỏ bazan,Cây bắp,20,1,19,DAP
25.68,50.02,55.22,Đất thịt tơi xốp,Millets,8,2,8,DAP
33.95,67.15,51.1,Đất cát,Cây lúa,10,14,21,14-35-14
27.14,67.86,70.0,Đất sét,Cây chè,9,0,33,14-35-14
37.39,61.21,53.57,Đất sét,Cây đậu phộng (Lạc),14,10,16,20-20
30.37,48.11,52.79,Đất cát,Các loại đậu,11,0,18,14-35-14
31.81,50.57,52.14,Đất cát,Cây đậu phộng (Lạc),9,3,27,10-26-26
31.86,65.87,48.75,Đất mùn,Cây mía,13,17,16,DAP
24.71,56.84,68.61,Đất đỏ bazan,Khoai tây,7,3,10,Urea
21.15,56.41,40.51,Đất đỏ bazan,Millets,8,5,17,14-35-14
33.21,64.6,57.98,Đất đỏ bazan,Cây mía,2,5,31,28-28
29.8,61.21,33.62,Đất mùn,Cây mía,38,1,0,17-17-17
25.31,65.68,54.26,Đất đỏ bazan,Các loại đậu,14,3,41,20-20
31.94,61.2,41.82,Đất mùn,Khoai tây,41,2,0,17-17-17
30.91,46.55,39.78,Đất thịt tơi xốp,Cây bông,7,16,16,14-35-14
34.8,68.57,39.03,Đất cát,Các loại đậu,17,0,6,28-28
32.06,61.19,38.55,Đất thịt tơi xốp,Cây bông,41,3,2,Urea
29.79,62.18,39.21,Đất cát,Cây chè,12,3,26,DAP
34.38,64.34,40.91,Đất đỏ bazan,Millets,6,0,33,20-20
27.18,51.26,37.13,Đất cát,Các loại đậu,3,18,12,10-26-26
25.69,59.34,37.43,Đất đỏ bazan,Cây bông,37,3,0,17-17-17
24.68,55.24,24.69,Đất mùn,Millets,16,0,41,14-35-14
26.89,60.79,58.5,Đất cát,Các loại hạt (hạt mè, hạt  cải),9,2,34,20-20
34.2,66.08,42.67,Đất mùn,Cây bắp,10,19,8,17-17-17
31.92,55.47,48.31,Đất đỏ bazan,Cây bông,14,0,43,14-35-14
29.82,52.4,40.42,Đất cát,Cây bắp,16,0,40,Urea
21.1,46.31,20.0,Đất thịt tơi xốp,Cây bông,13,15,13,10-26-26
25.5,62.18,34.93,Đất thịt tơi xốp,Các loại hạt (hạt mè, hạt  cải),5,7,29,14-35-14
40.0,65.47,42.28,Đất đỏ bazan,Cây đậu phộng (Lạc),11,0,40,17-17-17
26.4,44.98,59.52,Đất mùn,Cây chè,9,1,15,DAP
29.18,66.43,60.41,Đất mùn,Cây bông,7,12,25,20-20
32.91,66.66,40.05,Đất cát,Khoai tây,26,2,18,28-28
24.29,67.06,44.48,Đất mùn,Cây chuối,8,0,11,DAP
34.93,61.43,44.65,Đất thịt tơi xốp,Cây mía,20,1,20,Urea
23.71,63.86,35.37,Đất cát,Cây lúa,36,0,2,10-26-26
37.64,61.51,27.73,Đất mùn,Cây bắp,15,1,43,DAP
27.39,60.39,45.71,Đất sét,Millets,31,0,0,10-26-26
40.0,79.33,33.3,Đất mùn,Millets,11,3,36,17-17-17
22.18,52.62,21.23,Đất cát,Các loại đậu,31,2,0,14-35-14
34.69,53.03,34.57,Đất sét,Millets,5,20,18,20-20
33.65,72.61,52.87,Đất mùn,Khoai tây,43,0,0,10-26-26
36.25,61.04,42.94,Đất cát,Các loại đậu,1,5,27,20-20
31.48,63.06,31.47,Đất đỏ bazan,Cây chè,33,0,0,DAP
30.64,67.36,57.07,Đất đỏ bazan,Cây lúa,3,3,30,17-17-17
31.25,55.15,60.25,Đất sét,Cây bông,16,13,14,10-26-26
30.66,55.71,61.87,Đất sét,Cây chè,12,0,34,DAP
32.34,55.71,38.14,Đất cát,Cây lúa,17,0,22,28-28
36.52,66.41,59.41,Đất mùn,Cây bông,22,4,19,28-28
31.91,60.93,39.31,Đất mùn,Các loại hạt (hạt mè, hạt  cải),43,0,0,20-20
36.7,63.11,43.54,Đất mùn,Các loại hạt (hạt mè, hạt  cải),34,4,2,20-20
25.42,65.93,20.0,Đất cát,Các loại đậu,5,15,21,Urea
30.06,47.8,60.33,Đất mùn,Cây đậu phộng (Lạc),34,0,0,20-20
28.62,51.19,33.7,Đất sét,Cây bắp,37,0,0,14-35-14
33.45,58.88,44.67,Đất đỏ bazan,Cây bắp,16,0,8,DAP
22.92,43.75,24.45,Đất thịt tơi xốp,Các loại hạt (hạt mè, hạt  cải),37,2,0,14-35-14
39.47,66.89,26.46,Đất đỏ bazan,Cây đậu phộng (Lạc),13,0,41,28-28
34.2,64.13,36.5,Đất cát,Millets,11,12,30,20-20
24.2,46.77,25.96,Đất sét,Các loại hạt (hạt mè, hạt  cải),16,4,5,20-20
29.06,48.7,52.49,Đất thịt tơi xốp,Millets,11,4,10,17-17-17
23.29,59.4,40.01,Đất cát,Cây chuối,12,4,24,14-35-14
34.89,53.59,52.87,Đất sét,Khoai tây,17,1,29,10-26-26
31.11,61.64,58.52,Đất mùn,Cây mía,15,0,37,20-20
33.58,66.11,42.35,Đất sét,Khoai tây,21,0,27,14-35-14
29.84,55.15,70.0,Đất sét,Các loại hạt (hạt mè, hạt  cải),38,3,2,DAP
25.63,49.76,37.15,Đất đỏ bazan,Cây chuối,2,15,16,20-20
25.14,46.89,37.74,Đất đỏ bazan,Các loại hạt (hạt mè, hạt  cải),40,0,0,28-28
27.14,56.05,30.48,Đất cát,Cây chuối,12,3,41,20-20
35.61,60.02,37.93,Đất sét,Cây lúa,17,0,9,10-26-26
27.68,56.09,31.09,Đất sét,Các loại đậu,42,1,1,10-26-26
24.25,40.87,70.0,Đất sét,Khoai tây,36,0,2,DAP
30.86,61.47,38.53,Đất đỏ bazan,Các loại hạt (hạt mè, hạt  cải),14,11,15,DAP
25.68,57.8,28.43,Đất sét,Cây bông,8,11,28,14-35-14
32.28,53.91,52.3,Đất đỏ bazan,Cây chuối,12,13,32,20-20
27.4,59.45,64.61,Đất mùn,Cây bắp,5,3,33,20-20
31.83,65.84,45.46,Đất cát,Cây bắp,36,1,0,10-26-26
34.39,71.63,25.99,Đất mùn,Cây chè,35,0,3,DAP
34.42,71.01,48.66,Đất mùn,Cây mía,10,9,14,Urea
34.54,66.58,57.85,Đất cát,Cây bắp,18,0,36,28-28
33.08,70.92,63.58,Đất cát,Cây bông,18,0,42,17-17-17
29.19,56.47,54.69,Đất mùn,Cây bông,11,0,9,28-28
25.8,66.1,30.14,Đất sét,Cây chuối,45,0,0,17-17-17
29.81,66.55,42.65,Đất thịt tơi xốp,Cây chuối,9,0,10,14-35-14
26.89,61.88,49.27,Đất thịt tơi xốp,Cây bông,33,0,0,Urea
34.59,64.16,61.6,Đất cát,Khoai tây,40,2,1,20-20
35.73,62.22,25.88,Đất mùn,Millets,35,1,0,Urea
28.58,68.36,20.0,Đất thịt tơi xốp,Các loại đậu,12,0,42,Urea
34.68,75.2,45.71,Đất mùn,Cây chè,15,21,22,20-20
30.32,52.18,48.73,Đất sét,Cây bông,25,0,27,Urea
36.01,58.15,49.54,Đất sét,Các loại đậu,14,4,38,17-17-17
29.78,63.87,61.27,Đất đỏ bazan,Cây bông,5,10,33,14-35-14
31.35,48.36,47.04,Đất mùn,Cây chè,13,1,7,Urea
22.62,60.09,38.4,Đất thịt tơi xốp,Cây mía,11,3,36,Urea
34.58,68.3,42.15,Đất mùn,Cây mía,5,4,27,14-35-14
40.0,72.81,54.19,Đất thịt tơi xốp,Cây chuối,35,1,0,20-20
34.53,58.81,26.06,Đất sét,Cây bắp,16,0,33,20-20
35.63,64.09,70.0,Đất cát,Khoai tây,23,0,24,14-35-14
27.95,55.69,57.99,Đất thịt tơi xốp,Cây chè,6,10,17,10-26-26
24.38,56.96,39.27,Đất cát,Cây đậu phộng (Lạc),32,0,1,10-26-26
30.99,56.13,38.39,Đất thịt tơi xốp,Cây bắp,22,1,22,Urea
38.39,72.48,62.16,Đất thịt tơi xốp,Cây chè,26,0,22,28-28
23.6,54.54,23.53,Đất sét,Cây lúa,17,1,41,10-26-26
40.0,80.0,43.34,Đất thịt tơi xốp,Cây đậu phộng (Lạc),43,4,0,28-28
25.42,58.84,61.98,Đất đỏ bazan,Các loại đậu,6,0,11,Urea
33.49,54.24,25.15,Đất thịt tơi xốp,Các loại đậu,34,2,0,10-26-26
33.92,55.94,43.63,Đất thịt tơi xốp,Khoai tây,12,1,11,Urea
26.83,46.99,40.08,Đất mùn,Cây mía,24,2,16,Urea
25.6,58.84,34.42,Đất mùn,Cây bông,10,7,27,17-17-17
29.04,67.21,35.35,Đất mùn,Millets,39,0,1,20-20
36.08,64.21,51.97,Đất đỏ bazan,Khoai tây,10,19,25,14-35-14
32.37,67.42,54.33,Đất sét,Cây chuối,8,0,37,DAP
34.53,50.02,31.27,Đất đỏ bazan,Các loại hạt (hạt mè, hạt  cải),8,3,35,17-17-17
30.79,61.55,57.57,Đất mùn,Cây mía,7,0,7,10-26-26
24.35,44.79,34.94,Đất đỏ bazan,Các loại hạt (hạt mè, hạt  cải),34,0,2,14-35-14
25.32,47.36,28.39,Đất mùn,Cây chè,34,3,3,Urea
25.51,59.65,53.61,Đất đỏ bazan,Cây mía,15,13,15,14-35-14
27.11,57.8,49.87,Đất sét,Các loại đậu,19,2,16,10-26-26
31.69,56.25,40.99,Đất thịt tơi xốp,Cây đậu phộng (Lạc),3,0,10,14-35-14
33.3,63.72,45.46,Đất sét,Millets,13,15,11,DAP
27.44,56.5,34.3,Đất thịt tơi xốp,Millets,17,0,9,10-26-26
33.42,59.5,24.78,Đất sét,Cây bông,9,0,41,14-35-14
39.42,64.09,20.97,Đất đỏ bazan,Cây mía,11,6,27,DAP
31.52,61.75,49.9,Đất thịt tơi xốp,Cây bắp,14,12,7,28-28
29.16,49.45,20.83,Đất thịt tơi xốp,Cây mía,11,11,12,28-28
34.99,54.73,45.64,Đất cát,Các loại hạt (hạt mè, hạt  cải),45,3,1,Urea
30.56,66.52,39.1,Đất đỏ bazan,Cây bông,24,0,26,14-35-14
24.33,46.07,28.21,Đất sét,Cây chuối,15,4,11,20-20
27.21,46.35,35.11,Đất mùn,Millets,10,0,10,17-17-17
30.96,56.48,38.62,Đất đỏ bazan,Cây lúa,32,0,2,28-28
25.46,55.52,34.53,Đất cát,Khoai tây,39,2,3,28-28
31.13,57.22,49.42,Đất mùn,Cây đậu phộng (Lạc),14,0,4,20-20
25.05,44.34,25.92,Đất cát,Cây bắp,9,11,16,10-26-26
33.05,50.5,39.37,Đất mùn,Các loại hạt (hạt mè, hạt  cải),6,2,14,Urea
38.39,61.8,54.73,Đất cát,Cây lúa,7,23,21,28-28
29.46,60.17,40.6,Đất đỏ bazan,Millets,16,2,9,20-20
23.78,50.2,41.1,Đất sét,Cây chuối,21,0,20,DAP
34.85,58.96,40.06,Đất cát,Các loại hạt (hạt mè, hạt  cải),22,0,28,17-17-17
34.81,60.62,53.89,Đất sét,Cây đậu phộng (Lạc),15,0,5,14-35-14
29.41,46.25,48.06,Đất mùn,Cây bông,7,21,16,20-20
34.5,66.51,62.55,Đất cát,Cây bông,13,3,38,20-20
30.78,58.39,37.15,Đất thịt tơi xốp,Khoai tây,26,1,20,10-26-26
35.65,68.27,36.65,Đất thịt tơi xốp,Cây bông,15,0,43,14-35-14
29.0,66.29,61.94,Đất mùn,Cây bắp,10,0,37,Urea
23.69,44.73,48.52,Đất đỏ bazan,Các loại đậu,18,1,17,DAP
29.39,57.26,57.53,Đất sét,Cây mía,12,4,33,28-28
27.0,52.82,49.08,Đất mùn,Cây lúa,16,1,7,28-28
26.6,45.91,28.97,Đất đỏ bazan,Các loại đậu,37,2,2,14-35-14
31.57,53.08,43.02,Đất cát,Cây mía,24,0,25,20-20
30.48,67.9,25.48,Đất sét,Cây mía,11,2,34,28-28
27.39,50.86,56.33,Đất sét,Khoai tây,11,4,7,28-28
31.26,68.13,23.88,Đất đỏ bazan,Cây bông,10,7,33,17-17-17
30.52,70.57,59.93,Đất sét,Cây mía,38,3,2,14-35-14
30.17,67.92,56.37,Đất sét,Cây lúa,37,0,0,28-28
30.79,52.36,42.22,Đất sét,Cây mía,3,13,18,14-35-14
33.68,51.62,48.57,Đất đỏ bazan,Các loại hạt (hạt mè, hạt  cải),8,3,37,17-17-17
30.1,62.4,52.64,Đất mùn,Cây bắp,5,10,26,28-28
38.72,58.9,38.91,Đất thịt tơi xốp,Cây đậu phộng (Lạc),8,11,31,14-35-14
37.78,62.74,38.56,Đất sét,Cây chè,13,0,39,17-17-17
35.93,77.82,40.02,Đất thịt tơi xốp,Cây mía,42,0,1,DAP
36.65,73.12,32.65,Đất cát,Millets,11,0,45,DAP
31.53,62.71,63.53,Đất đỏ bazan,Khoai tây,28,0,16,20-20
25.47,51.22,21.2,Đất mùn,Cây đậu phộng (Lạc),14,0,41,DAP
21.26,57.97,22.22,Đất sét,Cây bắp,25,2,15,20-20
30.89,61.12,43.19,Đất cát,Các loại đậu,36,4,0,17-17-17
28.96,46.48,40.37,Đất sét,Cây bông,38,2,0,28-28
31.51,55.1,30.6,Đất đỏ bazan,Cây chè,20,0,23,Urea
37.18,67.2,44.25,Đất sét,Khoai tây,36,0,1,14-35-14
33.11,72.21,25.55,Đất cát,Cây bông,3,2,29,14-35-14
32.28,51.98,66.27,Đất đỏ bazan,Cây đậu phộng (Lạc),10,7,29,28-28
34.19,57.37,20.0,Đất đỏ bazan,Cây chuối,5,13,21,Urea
35.41,63.84,41.24,Đất sét,Cây lúa,8,3,31,DAP
24.11,45.89,33.2,Đất đỏ bazan,Các loại đậu,12,0,41,10-26-26
30.14,55.8,53.62,Đất mùn,Millets,11,0,39,17-17-17
26.12,54.01,24.44,Đất cát,Cây chè,9,0,10,14-35-14
31.19,49.02,53.05,Đất đỏ bazan,Các loại hạt (hạt mè, hạt  cải),7,3,33,10-26-26
32.4,60.04,70.0,Đất cát,Cây bắp,16,0,34,17-17-17
31.7,56.56,58.11,Đất đỏ bazan,Cây đậu phộng (Lạc),9,5,24,Urea
34.39,56.0,39.22,Đất mùn,Cây bông,25,1,20,17-17-17
25.77,48.22,37.18,Đất thịt tơi xốp,Các loại đậu,22,1,23,Urea
28.91,54.0,43.35,Đất thịt tơi xốp,Cây lúa,25,0,19,20-20
27.59,46.47,42.99,Đất mùn,Millets,39,0,4,20-20
38.75,59.06,26.59,Đất đỏ bazan,Các loại đậu,7,0,39,10-26-26
22.57,45.63,25.22,Đất cát,Các loại đậu,36,4,0,20-20
31.88,55.48,48.99,Đất cát,Cây mía,36,0,3,14-35-14
22.37,54.2,28.21,Đất đỏ bazan,Các loại đậu,16,4,40,10-26-26
35.64,58.25,43.11,Đất cát,Cây đậu phộng (Lạc),10,12,13,17-17-17
37.92,63.52,57.65,Đất cát,Cây đậu phộng (Lạc),11,0,17,20-20
34.96,62.17,32.1,Đất sét,Cây đậu phộng (Lạc),28,4,25,28-28
35.87,67.72,56.45,Đất cát,Các loại đậu,6,4,29,20-20
30.72,58.49,48.86,Đất đỏ bazan,Millets,14,2,29,28-28
27.1,54.31,64.72,Đất cát,Khoai tây,7,1,14,14-35-14
31.63,59.3,36.89,Đất thịt tơi xốp,Các loại đậu,13,0,34,Urea
31.94,49.09,33.57,Đất sét,Cây mía,9,10,32,Urea
36.29,66.45,28.19,Đất sét,Cây chè,22,0,24,DAP
25.13,65.26,63.03,Đất thịt tơi xốp,Millets,5,6,31,DAP
33.23,54.63,32.08,Đất đỏ bazan,Cây bắp,9,0,11,DAP
30.1,76.55,35.94,Đất thịt tơi xốp,Cây bắp,12,4,38,28-28
33.57,71.2,44.05,Đất thịt tơi xốp,Cây đậu phộng (Lạc),13,3,13,17-17-17
25.63,62.5,43.69,Đất mùn,Cây mía,21,0,25,DAP
37.36,57.89,32.72,Đất thịt tơi xốp,Millets,9,6,26,28-28
36.23,62.8,42.68,Đất sét,Cây bắp,14,0,31,Urea
33.26,56.71,62.07,Đất thịt tơi xốp,Cây lúa,13,0,42,17-17-17
26.65,60.53,40.45,Đất mùn,Cây đậu phộng (Lạc),11,0,16,10-26-26
27.97,63.97,29.3,Đất thịt tơi xốp,Các loại hạt (hạt mè, hạt  cải),10,2,37,17-17-17
36.16,66.29,49.05,Đất mùn,Cây đậu phộng (Lạc),1,19,19,10-26-26
32.12,77.29,69.64,Đất thịt tơi xốp,Cây chè,15,0,44,Urea
28.77,55.31,61.58,Đất thịt tơi xốp,Cây chè,7,0,11,17-17-17
36.4,55.65,42.68,Đất sét,Cây chuối,26,0,14,14-35-14
31.39,55.54,33.3,Đất cát,Cây chuối,13,0,10,28-28
29.26,52.37,64.7,Đất sét,Cây chuối,35,3,4,10-26-26
31.07,66.31,35.37,Đất đỏ bazan,Cây chè,36,2,0,Urea
31.2,67.76,37.33,Đất mùn,Cây đậu phộng (Lạc),10,4,32,20-20
20.79,49.45,31.93,Đất cát,Các loại hạt (hạt mè, hạt  cải),1,20,19,14-35-14
35.08,64.76,34.93,Đất sét,Cây lúa,10,0,36,Urea
31.09,53.5,30.38,Đất đỏ bazan,Các loại hạt (hạt mè, hạt  cải),10,3,37,28-28
36.48,63.8,37.03,Đất đỏ bazan,Cây lúa,22,0,28,17-17-17
27.47,63.37,35.75,Đất mùn,Cây lúa,11,7,31,Urea
29.7,47.21,42.8,Đất mùn,Millets,16,0,14,Urea
34.31,64.07,56.1,Đất thịt tơi xốp,Khoai tây,41,0,0,28-28
35.48,77.07,59.6,Đất đỏ bazan,Millets,14,15,18,DAP
35.01,60.31,41.09,Đất mùn,Cây bông,5,19,19,20-20
26.86,64.6,67.51,Đất sét,Các loại đậu,11,13,19,14-35-14
37.76,69.09,42.99,Đất sét,Cây chè,41,0,0,DAP
30.43,52.13,20.0,Đất mùn,Cây lúa,6,6,28,Urea
36.99,61.66,67.74,Đất cát,Cây mía,2,7,27,Urea
32.06,71.03,52.21,Đất sét,Cây chuối,21,3,25,20-20
25.99,48.98,52.04,Đất sét,Khoai tây,13,11,27,20-20
36.61,59.51,61.5,Đất thịt tơi xốp,Cây bắp,18,4,40,20-20
32.43,61.18,35.98,Đất thịt tơi xốp,Các loại hạt (hạt mè, hạt  cải),15,3,44,14-35-14
32.76,64.72,70.0,Đất đỏ bazan,Cây bông,6,14,12,14-35-14
27.35,57.23,20.0,Đất đỏ bazan,Cây lúa,15,2,38,Urea
27.35,70.98,53.73,Đất cát,Các loại đậu,9,8,12,Urea
32.86,69.27,40.03,Đất sét,Cây bông,15,1,13,14-35-14
39.57,71.95,48.79,Đất thịt tơi xốp,Cây mía,42,0,1,10-26-26
31.94,67.97,36.56,Đất cát,Cây bông,8,11,27,17-17-17
36.37,55.52,51.42,Đất đỏ bazan,Khoai tây,1,17,16,Urea
29.41,64.67,26.84,Đất mùn,Khoai tây,41,0,0,DAP
23.65,51.65,42.94,Đất mùn,Cây chè,40,2,0,Urea
27.69,66.82,69.38,Đất cát,Millets,5,9,31,DAP
27.83,53.18,51.26,Đất sét,Cây bắp,12,12,33,17-17-17
34.25,59.46,35.3,Đất sét,Cây bông,5,2,11,DAP
29.01,58.63,70.0,Đất đỏ bazan,Cây chè,4,0,6,20-20
28.44,61.71,20.0,Đất thịt tơi xốp,Các loại hạt (hạt mè, hạt  cải),15,1,35,DAP
35.82,70.09,65.76,Đất đỏ bazan,Cây bông,26,0,19,DAP
23.74,59.52,37.9,Đất sét,Millets,35,0,0,28-28
26.4,61.18,44.59,Đất cát,Cây bông,37,0,3,14-35-14
30.59,51.1,29.61,Đất sét,Cây chè,34,1,4,Urea
24.26,47.47,41.47,Đất đỏ bazan,Cây đậu phộng (Lạc),33,0,0,14-35-14
37.07,65.57,29.2,Đất đỏ bazan,Millets,15,0,35,17-17-17
31.17,47.4,35.26,Đất mùn,Cây đậu phộng (Lạc),43,2,0,17-17-17
26.04,57.17,58.73,Đất thịt tơi xốp,Cây bắp,11,4,5,14-35-14
32.02,49.9,34.01,Đất sét,Cây đậu phộng (Lạc),5,3,30,17-17-17
37.64,71.0,34.45,Đất mùn,Cây lúa,8,3,9,17-17-17
40.0,51.91,51.48,Đất sét,Các loại đậu,10,4,37,20-20
40.0,64.82,34.91,Đất mùn,Millets,9,9,29,10-26-26
34.52,54.84,20.39,Đất đỏ bazan,Millets,7,0,37,14-35-14
24.19,52.78,62.25,Đất cát,Cây lúa,5,0,13,10-26-26
28.3,44.16,37.12,Đất cát,Millets,45,0,0,17-17-17
28.56,50.73,40.11,Đất thịt tơi xốp,Khoai tây,40,0,0,DAP
25.84,48.25,28.97,Đất thịt tơi xốp,Cây bắp,33,0,0,17-17-17
32.82,72.68,67.27,Đất đỏ bazan,Cây bông,16,2,35,14-35-14
29.11,41.5,57.5,Đất thịt tơi xốp,Cây chè,15,9,11,Urea
40.0,79.27,54.52,Đất sét,Các loại hạt (hạt mè, hạt  cải),11,5,31,DAP
32.51,74.08,30.77,Đất thịt tơi xốp,Cây chuối,20,4,17,14-35-14
34.34,64.59,64.54,Đất cát,Cây bắp,7,11,18,Urea
31.72,46.57,33.12,Đất thịt tơi xốp,Cây bắp,8,4,25,28-28
26.61,46.44,31.61,Đất sét,Cây chè,41,0,0,17-17-17
34.99,61.26,46.53,Đất đỏ bazan,Các loại hạt (hạt mè, hạt  cải),37,0,0,Urea
28.46,47.43,43.66,Đất mùn,Cây bắp,34,0,0,10-26-26
29.07,61.08,27.49,Đất sét,Các loại đậu,9,0,9,10-26-26
31.91,56.92,56.68,Đất sét,Cây chuối,8,4,10,14-35-14
27.05,67.65,49.4,Đất sét,Các loại đậu,9,1,33,Urea
27.35,60.19,38.46,Đất đỏ bazan,Cây lúa,40,1,3,DAP
30.24,57.27,33.81,Đất cát,Cây bông,35,3,0,Urea
27.47,50.13,43.95,Đất mùn,Cây bắp,11,1,10,20-20
29.17,56.11,33.33,Đất sét,Cây mía,17,0,24,14-35-14
28.47,43.34,70.0,Đất thịt tơi xốp,Khoai tây,9,2,6,DAP
26.53,54.66,31.33,Đất cát,Cây chuối,15,20,12,Urea
25.42,59.82,44.93,Đất thịt tơi xốp,Cây đậu phộng (Lạc),13,4,36,10-26-26
33.41,51.2,45.61,Đất đỏ bazan,Cây bắp,20,0,18,17-17-17
30.22,54.1,24.22,Đất mùn,Cây bông,4,4,29,14-35-14
24.58,46.1,28.15,Đất đỏ bazan,Cây lúa,41,3,2,20-20
24.28,65.84,55.13,Đất sét,Khoai tây,12,3,9,10-26-26
37.55,64.6,43.06,Đất mùn,Millets,36,1,0,20-20
24.94,59.33,39.15,Đất mùn,Cây đậu phộng (Lạc),18,4,41,20-20
31.22,71.21,39.47,Đất sét,Các loại đậu,25,0,15,28-28
29.92,70.82,61.95,Đất đỏ bazan,Các loại đậu,11,0,17,Urea
29.22,57.62,50.47,Đất mùn,Các loại hạt (hạt mè, hạt  cải),14,2,40,28-28
29.23,69.81,40.31,Đất đỏ bazan,Các loại hạt (hạt mè, hạt  cải),43,2,0,10-26-26
23.9,45.41,23.75,Đất đỏ bazan,Các loại hạt (hạt mè, hạt  cải),8,1,11,20-20
21.36,44.67,49.8,Đất sét,Các loại hạt (hạt mè, hạt  cải),11,0,11,10-26-26
25.73,50.6,20.0,Đất đỏ bazan,Các loại đậu,11,9,32,14-35-14
24.48,49.05,33.85,Đất mùn,Cây chè,5,12,29,14-35-14
36.65,55.69,61.93,Đất thịt tơi xốp,Khoai tây,13,17,9,14-35-14
35.8,52.09,38.81,Đất cát,Cây chè,25,0,28,14-35-14
30.7,65.78,39.17,Đất đỏ bazan,Cây đậu phộng (Lạc),23,4,17,Urea
26.47,52.63,37.92,Đất sét,Các loại đậu,9,12,33,28-28
28.61,63.87,29.29,Đất đỏ bazan,Cây bông,17,3,9,DAP
33.19,51.22,31.92,Đất mùn,Cây chè,19,2,40,DAP
34.34,59.1,53.66,Đất thịt tơi xốp,Các loại đậu,8,14,14,DAP
31.92,64.08,56.9,Đất mùn,Cây đậu phộng (Lạc),13,11,10,20-20
24.19,48.21,44.34,Đất thịt tơi xốp,Cây lúa,13,5,24,14-35-14
32.55,64.38,28.02,Đất thịt tơi xốp,Các loại hạt (hạt mè, hạt  cải),9,12,28,28-28
30.08,65.89,54.29,Đất mùn,Cây mía,17,0,38,28-28
31.67,50.73,39.1,Đất cát,Cây chuối,19,2,14,DAP
30.61,57.26,56.71,Đất sét,Các loại hạt (hạt mè, hạt  cải),14,2,34,14-35-14
29.32,47.61,44.18,Đất mùn,Cây chuối,40,0,2,28-28
40.0,77.37,53.95,Đất mùn,Cây mía,34,0,2,20-20
33.43,54.28,50.93,Đất đỏ bazan,Khoai tây,8,0,32,10-26-26
33.69,65.59,44.33,Đất sét,Cây mía,9,4,31,14-35-14
22.93,58.97,53.96,Đất thịt tơi xốp,Cây mía,6,0,10,Urea
22.07,43.99,24.58,Đất sét,Cây mía,44,4,0,Urea
30.94,49.05,21.4,Đất thịt tơi xốp,Cây lúa,9,17,17,Urea
22.15,48.66,61.0,Đất mùn,Các loại hạt (hạt mè, hạt  cải),10,0,8,20-20
35.01,61.43,53.19,Đất thịt tơi xốp,Cây chuối,14,3,33,14-35-14
27.47,49.35,52.45,Đất đỏ bazan,Cây chuối,8,12,33,14-35-14
30.34,71.91,39.7,Đất sét,Các loại hạt (hạt mè, hạt  cải),35,3,0,20-20
26.1,47.87,27.14,Đất cát,Cây chuối,10,0,42,Urea
37.5,61.09,54.31,Đất thịt tơi xốp,Cây chuối,6,23,18,17-17-17
31.12,67.16,45.77,Đất đỏ bazan,Cây đậu phộng (Lạc),19,1,18,10-26-26
38.12,68.6,34.16,Đất cát,Các loại hạt (hạt mè, hạt  cải),13,1,31,14-35-14
33.08,69.06,68.37,Đất đỏ bazan,Các loại hạt (hạt mè, hạt  cải),4,11,25,DAP
37.86,56.43,47.62,Đất sét,Cây chè,35,0,3,DAP
32.29,49.94,49.05,Đất sét,Cây bông,4,10,37,Urea
29.64,66.03,65.05,Đất thịt tơi xốp,Cây chè,17,4,40,14-35-14
31.15,52.04,47.36,Đất mùn,Cây lúa,11,1,31,10-26-26
32.31,64.95,55.13,Đất cát,Cây bông,16,0,10,20-20
31.39,65.28,55.06,Đất sét,Cây mía,20,0,20,17-17-17
31.23,47.26,33.63,Đất cát,Cây chuối,16,1,43,14-35-14
33.15,56.83,29.47,Đất thịt tơi xốp,Millets,37,0,0,DAP
28.74,45.6,40.97,Đất thịt tơi xốp,Cây bắp,22,3,19,14-35-14
36.5,63.95,29.3,Đất sét,Cây mía,10,9,31,20-20
31.25,65.16,61.75,Đất đỏ bazan,Cây đậu phộng (Lạc),13,1,40,28-28
31.34,65.3,45.94,Đất sét,Cây bông,15,9,12,14-35-14
39.17,60.87,33.65,Đất cát,Cây mía,17,0,14,28-28
22.03,55.73,44.87,Đất cát,Cây chuối,20,0,17,DAP
29.57,61.19,62.88,Đất thịt tơi xốp,Cây lúa,11,0,11,14-35-14
37.28,59.54,42.77,Đất mùn,Các loại hạt (hạt mè, hạt  cải),41,3,1,14-35-14
30.44,73.8,29.62,Đất mùn,Cây bắp,35,0,0,20-20
28.69,53.0,41.72,Đất đỏ bazan,Các loại đậu,16,0,9,14-35-14
27.38,58.03,33.27,Đất đỏ bazan,Cây đậu phộng (Lạc),7,10,17,Urea
32.77,69.64,45.76,Đất cát,Cây chuối,8,9,13,17-17-17
36.41,64.96,59.81,Đất thịt tơi xốp,Cây mía,7,10,28,17-17-17
33.79,66.5,37.64,Đất cát,Cây chuối,19,1,28,14-35-14
30.15,60.11,44.88,Đất đỏ bazan,Cây bắp,17,0,31,Urea
35.75,72.31,48.51,Đất mùn,Cây mía,18,4,21,28-28
32.08,58.58,35.11,Đất mùn,Millets,41,0,3,20-20
26.02,63.08,29.67,Đất mùn,Các loại hạt (hạt mè, hạt  cải),15,12,16,10-26-26
29.95,45.82,45.65,Đất đỏ bazan,Khoai tây,37,2,0,Urea
29.26,50.69,34.13,Đất mùn,Khoai tây,21,0,19,14-35-14
28.69,51.59,39.81,Đất sét,Cây đậu phộng (Lạc),5,16,17,17-17-17
24.47,41.96,66.66,Đất cát,Khoai tây,13,3,6,DAP
37.73,63.94,57.35,Đất mùn,Các loại hạt (hạt mè, hạt  cải),13,15,9,Urea
32.67,56.69,27.33,Đất đỏ bazan,Cây bông,43,0,0,20-20
27.86,60.04,35.19,Đất mùn,Khoai tây,13,13,20,14-35-14
29.87,53.12,36.23,Đất thịt tơi xốp,Cây đậu phộng (Lạc),39,0,2,20-20
33.95,67.07,62.06,Đất đỏ bazan,Cây chè,27,0,17,28-28
22.85,48.3,34.63,Đất cát,Cây chè,21,0,19,17-17-17
28.65,55.95,65.2,Đất mùn,Cây chuối,5,0,8,17-17-17
29.16,60.54,23.72,Đất thịt tơi xốp,Cây bắp,17,18,18,28-28
40.0,67.52,54.89,Đất sét,Cây mía,7,8,30,14-35-14
25.43,65.1,28.58,Đất mùn,Cây chuối,3,12,29,28-28
31.04,55.09,20.0,Đất thịt tơi xốp,Cây bông,13,0,36,20-20
39.18,63.25,53.62,Đất đỏ bazan,Cây chuối,9,11,26,28-28
27.84,60.23,45.59,Đất đỏ bazan,Cây lúa,24,0,19,14-35-14
27.65,53.31,61.72,Đất sét,Millets,5,6,31,Urea
40.0,66.91,30.02,Đất mùn,Millets,14,4,39,14-35-14
26.64,56.92,41.8,Đất thịt tơi xốp,Các loại hạt (hạt mè, hạt  cải),7,0,46,Urea
33.92,70.15,30.72,Đất cát,Các loại hạt (hạt mè, hạt  cải),42,0,2,Urea
30.11,59.1,51.32,Đất thịt tơi xốp,Cây bắp,39,0,0,14-35-14
27.9,64.75,32.03,Đất thịt tơi xốp,Các loại đậu,10,13,19,17-17-17
25.22,53.73,30.89,Đất cát,Cây mía,12,0,15,28-28
29.14,53.05,39.37,Đất thịt tơi xốp,Millets,3,14,15,10-26-26
32.25,57.98,33.41,Đất sét,Cây đậu phộng (Lạc),38,3,0,17-17-17
25.26,57.8,26.57,Đất đỏ bazan,Cây mía,15,0,37,Urea
30.43,47.52,45.72,Đất mùn,Các loại hạt (hạt mè, hạt  cải),21,0,23,10-26-26
27.7,45.51,25.68,Đất thịt tơi xốp,Các loại hạt (hạt mè, hạt  cải),41,4,0,17-17-17
22.92,45.66,20.23,Đất sét,Cây bắp,15,3,8,14-35-14
35.68,58.08,28.71,Đất đỏ bazan,Cây lúa,16,0,34,17-17-17
22.5,42.27,32.46,Đất sét,Cây bắp,18,4,17,Urea
28.63,54.93,54.17,Đất thịt tơi xốp,Các loại hạt (hạt mè, hạt  cải),13,0,18,10-26-26
33.93,53.66,42.21,Đất mùn,Cây chè,10,0,33,Urea
31.52,60.7,46.13,Đất mùn,Millets,10,3,31,Urea
27.84,69.92,32.53,Đất mùn,Cây lúa,43,0,0,DAP
30.09,63.88,29.57,Đất đỏ bazan,Cây đậu phộng (Lạc),13,0,40,17-17-17
30.66,73.88,52.09,Đất mùn,Cây đậu phộng (Lạc),41,0,4,28-28
30.75,60.98,45.39,Đất sét,Các loại đậu,42,0,0,14-35-14
24.83,53.1,42.24,Đất đỏ bazan,Cây bắp,12,3,25,17-17-17
29.26,43.57,38.57,Đất cát,Cây chuối,3,19,14,DAP
33.46,60.05,38.08,Đất đỏ bazan,Cây bắp,10,3,13,14-35-14
37.04,64.29,36.18,Đất đỏ bazan,Cây đậu phộng (Lạc),16,0,41,28-28
38.74,57.13,29.33,Đất sét,Cây bắp,10,7,26,10-26-26
30.89,51.81,22.19,Đất cát,Millets,12,0,44,14-35-14
32.42,64.25,35.46,Đất mùn,Cây chuối,14,0,41,28-28
24.94,59.04,40.73,Đất mùn,Cây lúa,19,4,20,17-17-17
24.57,56.6,34.73,Đất sét,Các loại đậu,13,4,37,Urea
34.8,58.49,45.25,Đất sét,Các loại hạt (hạt mè, hạt  cải),2,10,32,Urea
25.54,65.98,69.67,Đất thịt tơi xốp,Cây mía,7,0,37,10-26-26
33.34,55.85,23.34,Đất đỏ bazan,Cây mía,11,0,42,10-26-26
29.55,56.78,47.37,Đất sét,Cây chuối,40,0,4,17-17-17
27.34,51.79,44.97,Đất thịt tơi xốp,Cây chè,21,3,16,14-35-14
27.57,60.98,50.89,Đất đỏ bazan,Cây chè,17,0,34,Urea
35.14,67.73,25.02,Đất đỏ bazan,Các loại đậu,16,2,16,17-17-17
33.45,62.3,57.89,Đất mùn,Các loại hạt (hạt mè, hạt  cải),26,0,20,DAP
34.73,60.41,49.08,Đất sét,Millets,38,0,1,10-26-26
34.28,68.72,56.54,Đất thịt tơi xốp,Cây chè,4,0,15,DAP
30.2,54.14,39.71,Đất thịt tơi xốp,Cây bắp,10,3,28,DAP
38.61,75.37,60.29,Đất sét,Millets,39,0,0,20-20
32.47,65.43,40.33,Đất đỏ bazan,Cây mía,2,9,32,20-20
31.28,72.17,31.32,Đất mùn,Các loại đậu,42,0,0,Urea
36.14,63.2,37.97,Đất cát,Cây mía,3,20,21,Urea
27.09,52.83,49.64,Đất sét,Cây đậu phộng (Lạc),21,0,23,14-35-14
28.62,51.24,41.5,Đất mùn,Cây lúa,26,0,15,28-28
29.46,59.83,48.05,Đất sét,Millets,18,0,28,10-26-26
35.21,61.64,45.77,Đất cát,Cây bắp,37,0,2,28-28
35.02,64.12,70.0,Đất cát,Millets,26,3,21,28-28
33.34,59.29,44.65,Đất mùn,Các loại hạt (hạt mè, hạt  cải),13,6,24,DAP
33.5,58.47,55.58,Đất đỏ bazan,Các loại hạt (hạt mè, hạt  cải),13,15,15,Urea
25.03,57.3,62.78,Đất đỏ bazan,Cây lúa,9,2,38,28-28
32.43,70.44,32.33,Đất cát,Cây chè,24,3,23,28-28
29.68,59.53,42.04,Đất mùn,Cây bắp,20,0,14,20-20
30.83,69.5,31.71,Đất sét,Các loại hạt (hạt mè, hạt  cải),36,4,0,DAP
29.84,46.49,36.19,Đất cát,Cây đậu phộng (Lạc),36,3,0,28-28
31.89,47.95,33.53,Đất cát,Cây lúa,38,4,0,17-17-17
30.41,53.73,52.34,Đất sét,Millets,25,4,22,14-35-14
29.82,58.39,34.31,Đất mùn,Các loại hạt (hạt mè, hạt  cải),31,0,1,DAP
29.69,68.57,47.16,Đất mùn,Cây chuối,13,0,11,28-28
31.03,67.49,41.49,Đất mùn,Các loại hạt (hạt mè, hạt  cải),11,0,34,20-20
30.98,62.94,45.32,Đất mùn,Các loại đậu,17,0,25,Urea
23.66,48.21,29.87,Đất thịt tơi xốp,Cây chè,40,3,0,28-28
25.86,56.56,25.32,Đất đỏ bazan,Các loại hạt (hạt mè, hạt  cải),22,1,17,DAP
24.37,52.52,35.28,Đất cát,Cây bắp,12,8,34,10-26-26
35.64,78.63,32.96,Đất mùn,Khoai tây,16,0,41,DAP
34.27,53.73,40.07,Đất đỏ bazan,Millets,21,0,18,17-17-17
28.27,53.31,44.56,Đất sét,Cây bắp,10,0,11,20-20
36.59,60.09,43.56,Đất mùn,Cây mía,15,0,37,DAP
21.74,43.12,38.4,Đất sét,Các loại hạt (hạt mè, hạt  cải),9,4,36,14-35-14
26.44,66.54,46.85,Đất thịt tơi xốp,Cây chè,6,14,9,17-17-17
28.84,67.18,30.09,Đất cát,Cây bắp,8,0,18,20-20
36.0,66.76,66.18,Đất đỏ bazan,Cây chè,12,0,40,DAP
35.56,58.03,40.89,Đất thịt tơi xốp,Cây lúa,37,0,1,14-35-14
35.35,55.95,45.52,Đất cát,Cây lúa,15,0,14,10-26-26
26.74,52.72,36.02,Đất đỏ bazan,Cây chuối,20,0,19,Urea
37.23,75.19,30.93,Đất cát,Khoai tây,9,0,37,10-26-26
28.35,64.21,60.8,Đất cát,Cây chè,5,6,30,20-20
21.54,44.06,29.56,Đất mùn,Cây bắp,17,0,21,DAP
33.42,58.66,41.67,Đất sét,Cây chè,10,0,13,28-28
32.22,54.87,69.52,Đất mùn,Cây bông,13,1,34,DAP
32.39,62.04,43.21,Đất thịt tơi xốp,Cây lúa,36,0,3,14-35-14
27.02,45.11,48.36,Đất thịt tơi xốp,Cây chè,33,0,0,Urea
24.06,61.27,35.5,Đất sét,Cây đậu phộng (Lạc),7,0,3,28-28
21.63,46.14,40.71,Đất sét,Cây bông,13,14,8,DAP
23.77,56.55,20.0,Đất sét,Cây đậu phộng (Lạc),8,5,28,10-26-26
21.54,46.95,31.7,Đất sét,Cây lúa,36,2,0,20-20
23.2,50.07,39.24,Đất đỏ bazan,Cây bắp,41,4,0,Urea
36.02,60.38,61.57,Đất mùn,Các loại đậu,9,13,26,28-28
34.17,61.19,52.4,Đất cát,Các loại hạt (hạt mè, hạt  cải),19,0,23,28-28
22.6,55.01,40.3,Đất sét,Cây bông,39,0,0,DAP
27.44,57.01,28.59,Đất thịt tơi xốp,Cây chuối,26,2,16,14-35-14
25.8,48.06,42.13,Đất mùn,Cây bông,4,11,20,14-35-14
39.49,59.18,34.57,Đất mùn,Cây bông,11,3,39,10-26-26
26.64,53.53,43.92,Đất sét,Các loại hạt (hạt mè, hạt  cải),13,11,18,14-35-14
32.09,75.71,34.53,Đất cát,Cây đậu phộng (Lạc),13,0,17,14-35-14
25.79,48.09,58.09,Đất cát,Các loại đậu,39,1,0,17-17-17
24.8,52.55,31.96,Đất sét,Cây đậu phộng (Lạc),24,4,15,DAP
33.69,70.29,30.14,Đất sét,Các loại đậu,14,4,36,10-26-26
29.34,50.88,56.44,Đất mùn,Cây bông,11,0,38,17-17-17
37.46,66.33,49.74,Đất cát,Các loại đậu,11,3,40,28-28
33.0,70.78,53.38,Đất thịt tơi xốp,Cây bắp,30,0,2,Urea
25.32,60.92,27.45,Đất mùn,Cây bông,8,3,35,28-28
30.49,62.68,54.33,Đất đỏ bazan,Cây mía,11,0,39,28-28
30.32,74.54,28.58,Đất mùn,Các loại đậu,6,0,34,14-35-14
32.0,69.46,51.38,Đất thịt tơi xốp,Cây bông,12,0,6,DAP
30.09,50.47,63.24,Đất cát,Cây đậu phộng (Lạc),12,0,36,14-35-14
32.55,61.3,70.0,Đất sét,Cây chè,7,14,14,28-28
29.27,44.77,37.58,Đất cát,Cây bắp,25,0,22,DAP
28.93,67.15,49.11,Đất mùn,Các loại đậu,16,0,36,28-28
27.16,59.89,53.85,Đất thịt tơi xốp,Millets,13,0,33,DAP
33.73,70.72,33.03,Đất đỏ bazan,Cây bắp,34,4,4,20-20
39.43,54.27,49.34,Đất cát,Cây bắp,15,0,41,17-17-17
26.07,69.48,54.33,Đất sét,Các loại hạt (hạt mè, hạt  cải),6,8,14,20-20
32.35,60.72,43.59,Đất đỏ bazan,Millets,17,0,25,20-20
34.2,76.61,35.31,Đất cát,Cây mía,10,5,32,20-20
34.55,55.64,37.76,Đất cát,Cây đậu phộng (Lạc),37,2,0,10-26-26
20.22,58.88,39.39,Đất cát,Cây mía,25,0,22,28-28
33.17,52.85,22.87,Đất cát,Cây bông,40,3,1,10-26-26
37.79,67.0,32.71,Đất cát,Cây lúa,38,0,0,DAP
27.98,60.54,46.23,Đất cát,Cây bắp,13,3,34,Urea
27.24,51.2,39.43,Đất cát,Millets,10,14,21,28-28
34.9,57.7,66.08,Đất đỏ bazan,Cây chuối,34,0,0,17-17-17
31.77,61.86,29.83,Đất mùn,Millets,7,0,10,14-35-14
27.38,63.54,38.63,Đất mùn,Khoai tây,21,0,26,10-26-26
30.85,61.14,54.1,Đất đỏ bazan,Cây mía,34,0,0,14-35-14
34.43,53.83,67.15,Đất sét,Cây bắp,12,13,31,17-17-17
32.02,55.71,67.83,Đất sét,Cây bắp,14,6,27,20-20
30.87,48.15,28.62,Đất mùn,Các loại hạt (hạt mè, hạt  cải),41,0,3,20-20
30.34,65.67,31.36,Đất cát,Cây đậu phộng (Lạc),15,19,14,DAP
39.88,61.95,47.99,Đất thịt tơi xốp,Khoai tây,7,10,25,14-35-14
25.91,49.54,54.66,Đất mùn,Các loại hạt (hạt mè, hạt  cải),7,18,17,Urea
26.43,46.63,42.08,Đất cát,Cây bắp,8,17,19,17-17-17
30.48,65.53,69.54,Đất thịt tơi xốp,Các loại hạt (hạt mè, hạt  cải),16,2,40,10-26-26
36.97,55.81,41.5,Đất sét,Khoai tây,35,0,0,DAP
27.63,60.94,44.64,Đất đỏ bazan,Cây lúa,7,3,39,28-28
24.24,45.83,31.62,Đất sét,Cây lúa,3,16,11,28-28
36.09,59.96,40.07,Đất đỏ bazan,Cây chuối,38,0,4,28-28
29.1,73.96,55.31,Đất sét,Các loại hạt (hạt mè, hạt  cải),26,0,19,DAP
31.11,59.97,37.7,Đất đỏ bazan,Cây chè,8,18,21,DAP
22.24,53.86,57.32,Đất đỏ bazan,Khoai tây,9,17,15,Urea
27.82,55.13,42.05,Đất cát,Cây chè,20,0,23,Urea
39.12,70.65,46.22,Đất sét,Cây bắp,7,0,42,20-20
25.31,51.79,51.38,Đất sét,Cây chè,27,0,17,10-26-26
31.03,60.24,49.2,Đất cát,Cây mía,39,0,1,28-28
34.83,50.31,46.32,Đất cát,Millets,11,0,10,20-20
37.71,79.73,38.27,Đất thịt tơi xốp,Cây lúa,8,0,43,DAP
24.45,67.55,32.45,Đất đỏ bazan,Khoai tây,16,18,13,20-20
37.69,72.0,68.84,Đất cát,Các loại hạt (hạt mè, hạt  cải),11,0,37,17-17-17
29.54,53.63,58.72,Đất sét,Cây lúa,39,0,0,10-26-26
29.25,48.93,39.46,Đất sét,Cây lúa,35,0,3,20-20
26.75,59.07,20.0,Đất sét,Cây đậu phộng (Lạc),11,10,9,20-20
22.76,48.63,20.61,Đất sét,Cây mía,13,2,40,10-26-26
24.26,46.73,63.59,Đất sét,Millets,14,8,19,28-28
31.35,50.33,31.43,Đất mùn,Cây chè,12,7,32,28-28
35.06,63.37,43.28,Đất cát,Cây bông,8,12,27,17-17-17
35.85,66.05,54.54,Đất mùn,Cây lúa,34,0,0,10-26-26
35.75,63.33,35.33,Đất sét,Các loại hạt (hạt mè, hạt  cải),42,4,0,28-28
24.06,50.18,49.03,Đất cát,Millets,22,0,16,20-20
35.64,52.08,40.4,Đất thịt tơi xốp,Cây chuối,19,0,27,14-35-14
30.3,48.94,35.02,Đất thịt tơi xốp,Khoai tây,27,1,23,28-28
30.14,73.6,67.33,Đất đỏ bazan,Cây chè,21,0,20,DAP
33.84,63.74,29.44,Đất thịt tơi xốp,Cây bông,10,8,26,DAP
31.5,63.37,26.54,Đất sét,Cây chuối,11,0,44,DAP
31.37,66.0,54.39,Đất thịt tơi xốp,Millets,5,11,28,28-28
24.09,56.99,25.25,Đất đỏ bazan,Cây mía,38,0,0,Urea
28.75,58.24,64.26,Đất sét,Cây bông,5,6,35,DAP
29.46,54.26,34.31,Đất sét,Cây lúa,8,14,23,17-17-17
32.22,54.1,33.62,Đất đỏ bazan,Khoai tây,21,1,15,14-35-14
29.28,59.35,30.16,Đất sét,Cây bông,10,22,12,14-35-14
25.75,50.81,43.31,Đất sét,Cây đậu phộng (Lạc),9,0,38,28-28
29.84,52.93,40.42,Đất sét,Các loại hạt (hạt mè, hạt  cải),43,0,0,10-26-26
31.58,72.67,27.01,Đất sét,Cây bắp,11,0,15,DAP
35.52,53.01,36.3,Đất sét,Cây mía,26,0,27,20-20
24.01,50.76,23.95,Đất sét,Cây mía,10,14,31,20-20
28.52,53.93,37.44,Đất thịt tơi xốp,Các loại hạt (hạt mè, hạt  cải),12,0,35,14-35-14
27.56,69.63,55.59,Đất thịt tơi xốp,Cây đậu phộng (Lạc),6,11,35,20-20
34.13,60.59,68.17,Đất đỏ bazan,Cây chè,13,7,19,Urea
35.28,59.92,52.55,Đất thịt tơi xốp,Các loại hạt (hạt mè, hạt  cải),11,12,28,Urea
34.8,59.38,24.81,Đất đỏ bazan,Cây lúa,5,4,33,20-20
39.55,79.33,53.87,Đất đỏ bazan,Cây chè,35,3,0,Urea
27.27,70.2,48.0,Đất thịt tơi xốp,Cây mía,21,0,22,Urea
40.0,60.57,39.92,Đất thịt tơi xốp,Các loại đậu,11,0,18,28-28
35.0,71.76,41.14,Đất sét,Cây chè,13,4,39,28-28
32.67,72.64,62.88,Đất sét,Millets,41,4,0,17-17-17
30.88,57.26,21.02,Đất sét,Cây bông,14,0,16,17-17-17
35.06,71.81,44.59,Đất đỏ bazan,Cây lúa,7,22,21,20-20
27.2,53.22,65.54,Đất thịt tơi xốp,Millets,37,0,3,14-35-14
31.64,57.41,46.37,Đất đỏ bazan,Các loại hạt (hạt mè, hạt  cải),11,14,16,14-35-14
23.83,54.44,52.12,Đất sét,Cây bông,3,13,11,10-26-26
34.53,50.56,59.52,Đất đỏ bazan,Millets,6,12,33,14-35-14
32.26,46.78,65.84,Đất sét,Các loại hạt (hạt mè, hạt  cải),37,4,0,28-28
33.72,54.76,55.49,Đất mùn,Millets,9,0,36,DAP
31.51,61.78,30.0,Đất mùn,Cây bông,37,0,0,14-35-14
39.52,68.5,46.86,Đất đỏ bazan,Cây bắp,11,4,36,DAP
29.04,69.4,35.7,Đất mùn,Cây lúa,25,0,18,14-35-14
29.36,57.52,28.75,Đất sét,Cây đậu phộng (Lạc),12,0,40,DAP
31.55,55.2,56.98,Đất sét,Millets,9,15,10,17-17-17
30.73,58.57,39.43,Đất đỏ bazan,Cây lúa,11,0,6,20-20
21.81,44.3,53.45,Đất mùn,Cây bắp,24,0,17,14-35-14
28.73,53.76,21.09,Đất đỏ bazan,Cây lúa,14,4,44,20-20
30.44,50.27,63.48,Đất sét,Các loại hạt (hạt mè, hạt  cải),9,3,35,Urea
26.71,61.14,45.55,Đất cát,Khoai tây,19,0,17,Urea
33.67,60.82,20.16,Đất sét,Cây bông,4,5,29,Urea
30.18,58.08,31.69,Đất đỏ bazan,Cây chè,17,2,14,10-26-26
30.96,71.75,32.0,Đất thịt tơi xốp,Khoai tây,8,3,39,Urea
27.86,65.21,33.52,Đất cát,Cây chuối,9,18,11,10-26-26
23.48,62.95,44.68,Đất đỏ bazan,Cây chuối,40,3,1,Urea
25.76,59.69,42.9,Đất sét,Cây lúa,9,9,25,Urea
34.01,66.76,38.99,Đất cát,Cây chuối,43,0,4,14-35-14
28.1,63.12,59.22,Đất sét,Cây chuối,41,2,1,20-20
36.54,59.79,31.06,Đất cát,Cây bắp,17,4,19,DAP
36.4,64.47,41.6,Đất thịt tơi xốp,Các loại đậu,11,3,6,Urea
29.53,62.5,21.78,Đất thịt tơi xốp,Cây bông,36,0,0,28-28
26.54,60.09,68.52,Đất sét,Cây chuối,8,3,9,14-35-14
34.58,71.62,47.49,Đất thịt tơi xốp,Cây đậu phộng (Lạc),0,12,30,DAP
31.48,62.41,24.55,Đất cát,Cây mía,14,0,34,17-17-17
34.25,73.85,41.28,Đất thịt tơi xốp,Cây đậu phộng (Lạc),10,22,18,17-17-17
25.08,62.43,46.48,Đất mùn,Các loại hạt (hạt mè, hạt  cải),22,1,21,20-20
28.44,55.65,65.23,Đất cát,Các loại đậu,38,2,0,28-28
25.89,50.14,30.58,Đất đỏ bazan,Cây bông,33,0,1,28-28
32.12,77.32,23.3,Đất thịt tơi xốp,Millets,7,3,37,17-17-17
34.41,61.06,44.38,Đất sét,Cây đậu phộng (Lạc),1,6,29,28-28
34.19,62.08,20.0,Đất thịt tơi xốp,Cây lúa,8,6,27,10-26-26
38.22,57.94,50.07,Đất cát,Cây lúa,6,0,12,17-17-17
27.87,55.62,31.24,Đất mùn,Khoai tây,12,0,42,20-20
27.56,65.73,22.89,Đất cát,Cây chè,3,12,17,28-28
28.02,48.4,57.89,Đất cát,Cây bắp,16,0,30,10-26-26
24.06,59.62,70.0,Đất đỏ bazan,Cây mía,17,0,32,10-26-26
23.7,61.92,38.39,Đất sét,Cây bắp,8,3,33,Urea
26.86,65.22,55.92,Đất đỏ bazan,Millets,5,15,12,20-20
33.41,52.42,48.93,Đất đỏ bazan,Cây chè,17,0,20,DAP
24.1,54.53,37.08,Đất thịt tơi xốp,Cây lúa,42,3,0,Urea
30.76,52.1,45.25,Đất sét,Khoai tây,10,0,38,10-26-26
33.33,67.32,54.05,Đất đỏ bazan,Cây bắp,14,0,38,Urea
32.57,60.04,49.72,Đất thịt tơi xốp,Khoai tây,9,0,31,10-26-26
33.14,49.74,33.96,Đất đỏ bazan,Khoai tây,15,21,16,17-17-17
36.86,63.61,26.57,Đất sét,Các loại hạt (hạt mè, hạt  cải),19,0,24,20-20
31.44,53.24,45.64,Đất cát,Các loại hạt (hạt mè, hạt  cải),19,0,20,Urea
24.61,49.42,45.94,Đất thịt tơi xốp,Millets,39,4,4,20-20
31.16,52.39,22.68,Đất mùn,Cây bắp,44,1,0,28-28
31.73,64.39,55.77,Đất thịt tơi xốp,Các loại hạt (hạt mè, hạt  cải),6,11,25,28-28
27.73,55.39,44.28,Đất thịt tơi xốp,Cây chè,34,3,4,Urea
29.91,67.67,41.74,Đất cát,Cây chuối,27,0,21,DAP
28.48,69.72,42.47,Đất sét,Millets,44,0,2,20-20
26.37,52.84,20.0,Đất sét,Cây chuối,4,7,28,20-20
37.29,68.48,37.23,Đất sét,Cây bông,38,0,0,20-20
27.28,49.29,53.75,Đất mùn,Khoai tây,27,1,15,17-17-17
28.54,52.41,56.61,Đất cát,Cây bắp,9,13,29,17-17-17
35.52,58.55,37.93,Đất mùn,Các loại hạt (hạt mè, hạt  cải),22,2,21,28-28
34.31,59.99,45.08,Đất đỏ bazan,Cây bông,12,2,39,20-20
22.21,52.71,52.42,Đất sét,Cây mía,12,0,12,28-28
32.06,70.94,66.54,Đất thịt tơi xốp,Cây chè,5,0,11,Urea
39.45,61.53,28.76,Đất mùn,Cây mía,15,0,39,14-35-14
28.44,52.58,36.69,Đất thịt tơi xốp,Cây đậu phộng (Lạc),6,18,21,Urea
24.39,61.39,39.84,Đất cát,Cây đậu phộng (Lạc),18,0,21,14-35-14
27.7,55.99,39.51,Đất sét,Cây chuối,35,0,0,Urea
27.84,67.18,46.95,Đất thịt tơi xốp,Cây bông,18,0,17,10-26-26
24.56,58.5,32.41,Đất sét,Các loại hạt (hạt mè, hạt  cải),17,0,23,17-17-17
32.07,67.78,33.63,Đất sét,Cây chuối,18,0,18,28-28
31.04,52.32,62.57,Đất mùn,Cây mía,10,8,26,17-17-17
24.82,49.2,36.28,Đất sét,Cây lúa,7,0,18,17-17-17
29.17,47.64,58.77,Đất sét,Các loại hạt (hạt mè, hạt  cải),38,4,0,DAP
22.49,53.29,40.75,Đất mùn,Khoai tây,24,3,27,17-17-17
30.17,51.2,34.47,Đất thịt tơi xốp,Khoai tây,7,9,16,28-28
29.86,52.39,28.29,Đất mùn,Cây mía,10,0,44,Urea
26.36,64.53,20.0,Đất thịt tơi xốp,Cây mía,0,21,19,17-17-17
29.94,57.63,50.05,Đất mùn,Các loại đậu,9,13,18,10-26-26
24.42,60.92,38.85,Đất cát,Cây chè,9,11,14,DAP
35.93,62.74,49.08,Đất cát,Khoai tây,7,2,39,10-26-26
28.33,55.61,32.04,Đất sét,Cây bông,39,3,0,14-35-14
32.95,64.98,33.74,Đất sét,Cây bắp,26,0,25,14-35-14
25.86,69.87,40.56,Đất sét,Cây đậu phộng (Lạc),8,0,39,10-26-26
32.74,52.59,32.29,Đất cát,Các loại đậu,19,3,21,14-35-14
27.17,60.75,56.14,Đất đỏ bazan,Khoai tây,10,10,32,Urea
24.86,49.39,31.93,Đất đỏ bazan,Cây lúa,31,4,0,17-17-17
40.0,74.58,50.59,Đất thịt tơi xốp,Các loại hạt (hạt mè, hạt  cải),44,0,0,10-26-26
26.12,62.49,63.64,Đất cát,Cây đậu phộng (Lạc),18,2,33,DAP
29.0,56.76,20.0,Đất cát,Cây bông,12,0,39,Urea
32.73,57.84,40.73,Đất cát,Các loại hạt (hạt mè, hạt  cải),24,0,19,20-20
29.99,62.67,29.97,Đất cát,Millets,14,0,40,Urea
26.67,56.31,37.51,Đất đỏ bazan,Cây bắp,23,0,19,20-20
33.3,67.48,42.24,Đất mùn,Cây đậu phộng (Lạc),9,0,32,17-17-17
35.44,66.64,32.53,Đất cát,Cây lúa,11,0,42,17-17-17
33.13,57.08,25.06,Đất thịt tơi xốp,Các loại hạt (hạt mè, hạt  cải),10,3,40,Urea
35.11,62.94,34.46,Đất cát,Các loại đậu,15,0,36,Urea
29.01,61.71,48.57,Đất cát,Cây lúa,13,0,14,Urea
38.94,75.61,49.89,Đất sét,Cây bắp,34,0,0,DAP
30.55,51.34,42.6,Đất thịt tơi xốp,Cây mía,9,0,7,17-17-17
28.16,58.55,25.26,Đất sét,Cây đậu phộng (Lạc),18,1,15,20-20
40.0,64.09,46.49,Đất cát,Cây chè,4,4,29,Urea
29.35,62.25,39.85,Đất mùn,Khoai tây,12,4,5,Urea
26.48,62.9,33.45,Đất cát,Các loại hạt (hạt mè, hạt  cải),9,15,16,DAP
27.66,47.56,41.75,Đất thịt tơi xốp,Khoai tây,11,1,9,10-26-26
35.72,68.72,25.91,Đất đỏ bazan,Cây chuối,21,0,18,20-20
28.79,48.06,37.93,Đất mùn,Cây chuối,36,0,3,28-28
34.17,58.77,44.38,Đất cát,Cây mía,43,3,1,28-28
26.8,44.21,38.52,Đất cát,Khoai tây,23,4,15,14-35-14
28.95,59.12,26.9,Đất thịt tơi xốp,Cây chuối,33,0,1,10-26-26
32.83,68.78,37.84,Đất cát,Cây chuối,38,1,0,10-26-26
25.25,45.43,65.6,Đất thịt tơi xốp,Cây bông,35,0,4,14-35-14
30.33,62.51,68.4,Đất cát,Cây chè,28,4,22,20-20
32.02,63.85,28.71,Đất đỏ bazan,Cây bắp,39,1,4,17-17-17
31.17,55.69,40.48,Đất mùn,Cây chuối,35,0,3,17-17-17
28.93,70.5,64.49,Đất thịt tơi xốp,Cây bắp,10,16,18,10-26-26
30.87,63.26,31.49,Đất thịt tơi xốp,Cây bông,25,4,19,28-28
25.69,62.47,65.56,Đất thịt tơi xốp,Cây lúa,38,0,0,17-17-17
28.09,62.05,41.9,Đất đỏ bazan,Cây chuối,7,4,9,14-35-14
32.56,65.99,36.24,Đất mùn,Khoai tây,14,4,18,20-20
30.46,54.2,26.28,Đất thịt tơi xốp,Cây bông,11,7,32,10-26-26
35.65,66.09,33.49,Đất thịt tơi xốp,Các loại hạt (hạt mè, hạt  cải),17,0,23,20-20
29.94,55.21,52.74,Đất đỏ bazan,Cây đậu phộng (Lạc),19,1,25,DAP
21.71,49.72,30.07,Đất thịt tơi xốp,Cây lúa,15,14,10,Urea
26.09,61.38,37.05,Đất thịt tơi xốp,Cây chè,8,10,17,20-20
31.74,68.91,47.96,Đất sét,Millets,38,0,3,28-28
38.84,61.78,60.96,Đất mùn,Cây bắp,14,0,34,Urea
30.25,53.77,39.07,Đất sét,Cây bông,18,0,17,DAP
32.22,67.1,64.91,Đất đỏ bazan,Khoai tây,9,2,36,28-28
26.13,55.16,61.36,Đất thịt tơi xốp,Các loại đậu,16,0,39,DAP
37.33,62.07,24.59,Đất cát,Cây chuối,12,2,43,10-26-26
31.94,43.31,56.99,Đất đỏ bazan,Cây bông,14,0,14,20-20
28.23,54.78,46.69,Đất cát,Các loại đậu,36,0,0,14-35-14
30.54,45.68,27.66,Đất mùn,Các loại đậu,11,0,35,20-20
30.6,55.38,35.35,Đất mùn,Cây lúa,2,23,17,DAP
39.13,73.24,41.33,Đất mùn,Cây bắp,9,3,42,28-28
25.75,61.91,33.57,Đất sét,Cây chuối,20,0,17,Urea
29.99,60.85,46.92,Đất mùn,Cây đậu phộng (Lạc),25,0,18,20-20
40.0,68.84,70.0,Đất đỏ bazan,Millets,10,0,38,10-26-26
31.08,51.34,55.35,Đất sét,Các loại hạt (hạt mè, hạt  cải),15,1,7,28-28
28.77,51.58,35.29,Đất sét,Các loại đậu,33,0,0,Urea
40.0,64.69,54.83,Đất mùn,Cây mía,8,8,25,DAP
27.43,51.19,59.36,Đất cát,Cây chè,11,0,37,17-17-17
32.79,45.26,26.63,Đất mùn,Cây chuối,38,0,0,10-26-26
31.04,71.72,53.87,Đất sét,Cây lúa,12,12,7,14-35-14
25.99,51.27,38.05,Đất mùn,Cây bắp,25,0,15,DAP
38.25,61.62,25.91,Đất mùn,Cây chè,9,1,11,20-20
25.03,59.25,46.72,Đất đỏ bazan,Cây chè,7,11,15,Urea
22.52,59.32,31.39,Đất thịt tơi xốp,Cây mía,36,0,3,17-17-17
26.12,56.29,67.0,Đất mùn,Cây bắp,10,0,6,14-35-14
26.09,50.71,44.3,Đất thịt tơi xốp,Các loại đậu,12,4,34,28-28
38.53,69.75,61.48,Đất sét,Cây lúa,13,0,36,10-26-26
28.93,60.61,46.4,Đất cát,Cây mía,38,0,0,17-17-17
29.51,57.86,47.6,Đất thịt tơi xốp,Cây đậu phộng (Lạc),17,4,11,20-20
33.95,69.5,26.36,Đất đỏ bazan,Cây bông,15,2,38,20-20
30.99,47.42,57.98,Đất sét,Cây mía,5,3,10,28-28
32.26,54.9,62.24,Đất cát,Cây bắp,7,0,36,Urea
31.83,67.7,37.31,Đất đỏ bazan,Cây đậu phộng (Lạc),3,17,17,14-35-14
31.94,61.1,52.49,Đất mùn,Các loại đậu,14,0,36,Urea
26.53,58.97,45.49,Đất thịt tơi xốp,Cây mía,20,1,25,10-26-26
28.16,49.51,36.1,Đất cát,Khoai tây,32,3,1,10-26-26
38.8,63.61,68.24,Đất thịt tơi xốp,Cây mía,12,0,37,Urea
21.85,44.0,49.66,Đất sét,Cây bông,11,10,17,14-35-14
35.0,65.39,37.65,Đất mùn,Cây mía,18,2,44,DAP
31.91,54.59,63.99,Đất mùn,Các loại đậu,13,10,10,14-35-14
26.67,55.69,30.74,Đất mùn,Cây bông,23,4,22,10-26-26
26.68,54.5,38.68,Đất mùn,Cây chè,9,0,13,17-17-17
29.19,60.94,42.0,Đất đỏ bazan,Các loại hạt (hạt mè, hạt  cải),27,3,15,20-20
22.27,59.9,51.79,Đất sét,Khoai tây,12,2,11,20-20
37.63,71.29,50.14,Đất đỏ bazan,Cây bông,20,4,22,10-26-26
33.13,70.61,42.85,Đất mùn,Cây chuối,18,11,10,DAP
28.6,56.17,57.59,Đất sét,Khoai tây,35,0,4,Urea
34.35,60.57,46.46,Đất cát,Các loại đậu,23,0,24,28-28
23.82,53.92,33.92,Đất sét,Các loại đậu,46,0,3,Urea
27.76,52.38,36.17,Đất mùn,Các loại hạt (hạt mè, hạt  cải),22,3,20,17-17-17
24.68,43.45,57.28,Đất mùn,Cây lúa,5,0,18,20-20
24.1,45.69,20.64,Đất đỏ bazan,Các loại hạt (hạt mè, hạt  cải),35,0,1,DAP
30.87,65.28,46.28,Đất sét,Các loại hạt (hạt mè, hạt  cải),6,12,12,Urea
33.69,71.85,50.83,Đất cát,Millets,31,0,0,28-28
33.65,65.32,70.0,Đất sét,Millets,17,2,37,14-35-14
30.33,44.11,26.82,Đất thịt tơi xốp,Khoai tây,14,0,13,DAP
29.74,63.49,44.31,Đất cát,Cây chuối,21,4,26,28-28
26.3,54.13,34.21,Đất cát,Các loại đậu,15,0,37,17-17-17
24.96,44.47,66.11,Đất cát,Cây mía,8,0,9,17-17-17
33.57,60.78,51.96,Đất đỏ bazan,Cây lúa,16,0,37,10-26-26
33.5,56.07,54.11,Đất sét,Các loại hạt (hạt mè, hạt  cải),14,0,14,10-26-26
30.24,61.77,37.68,Đất mùn,Cây chè,14,0,16,20-20
37.62,69.05,44.74,Đất đỏ bazan,Các loại đậu,5,9,31,DAP
25.79,60.67,43.34,Đất sét,Cây lúa,36,0,0,DAP
30.35,60.18,63.97,Đất cát,Millets,35,4,1,DAP
31.38,51.49,61.27,Đất đỏ bazan,Cây lúa,6,3,38,14-35-14
29.28,71.07,35.67,Đất thịt tơi xốp,Cây mía,12,3,41,Urea
31.0,57.54,48.96,Đất đỏ bazan,Cây đậu phộng (Lạc),5,10,26,DAP
33.3,68.18,47.51,Đất sét,Khoai tây,14,18,8,14-35-14
22.85,55.1,29.09,Đất đỏ bazan,Các loại hạt (hạt mè, hạt  cải),13,1,43,14-35-14
33.98,62.99,50.43,Đất cát,Cây đậu phộng (Lạc),10,0,9,20-20
28.82,62.48,20.0,Đất thịt tơi xốp,Millets,14,0,10,14-35-14
29.99,66.83,47.07,Đất mùn,Cây lúa,9,0,37,Urea
34.18,67.07,58.67,Đất mùn,Cây chè,19,3,39,17-17-17
40.0,67.75,56.43,Đất mùn,Cây đậu phộng (Lạc),38,4,0,14-35-14
32.67,56.77,40.22,Đất sét,Cây bắp,38,0,0,17-17-17
22.13,50.96,59.06,Đất sét,Cây bông,8,0,10,Urea
24.84,53.53,34.79,Đất cát,Millets,19,14,6,17-17-17
30.24,58.88,49.24,Đất mùn,Cây chè,20,0,23,14-35-14
25.81,58.56,40.21,Đất thịt tơi xốp,Cây chuối,20,1,19,Urea
34.23,69.79,65.57,Đất sét,Cây lúa,12,0,40,17-17-17
28.67,57.67,21.0,Đất sét,Millets,40,0,1,20-20
30.8,55.01,25.0,Đất thịt tơi xốp,Các loại hạt (hạt mè, hạt  cải),35,0,0,17-17-17
31.14,57.5,63.08,Đất mùn,Cây bông,35,0,0,DAP
33.11,67.57,32.21,Đất mùn,Cây chuối,4,12,30,DAP
31.43,63.1,43.59,Đất thịt tơi xốp,Các loại đậu,7,6,29,14-35-14
29.73,59.06,69.92,Đất cát,Millets,5,14,31,DAP
21.23,46.1,36.59,Đất thịt tơi xốp,Khoai tây,8,10,15,14-35-14
28.01,50.89,20.0,Đất mùn,Millets,10,0,39,20-20
23.56,57.65,42.16,Đất đỏ bazan,Cây bông,30,0,0,DAP
32.72,58.96,60.48,Đất thịt tơi xốp,Các loại đậu,37,1,3,20-20
31.16,48.63,20.19,Đất cát,Các loại hạt (hạt mè, hạt  cải),37,0,1,28-28
29.76,64.65,52.47,Đất đỏ bazan,Các loại hạt (hạt mè, hạt  cải),28,0,17,10-26-26
36.17,68.75,32.62,Đất thịt tơi xốp,Cây bông,38,0,0,14-35-14
26.1,47.54,20.66,Đất mùn,Cây bông,11,2,11,20-20
33.77,48.38,32.49,Đất mùn,Cây bông,6,11,20,14-35-14
25.64,55.98,37.32,Đất đỏ bazan,Cây bắp,27,0,19,14-35-14
21.73,48.03,43.37,Đất cát,Cây bắp,4,14,15,20-20
28.89,46.84,27.93,Đất mùn,Cây chuối,26,0,16,14-35-14
33.59,51.12,39.54,Đất thịt tơi xốp,Cây chuối,18,4,43,17-17-17
26.21,66.15,51.0,Đất đỏ bazan,Cây chuối,10,10,11,20-20
39.86,71.81,57.26,Đất đỏ bazan,Các loại hạt (hạt mè, hạt  cải),36,0,0,20-20
26.38,63.29,52.18,Đất sét,Khoai tây,21,4,20,14-35-14
25.54,62.93,36.09,Đất mùn,Cây lúa,40,3,0,14-35-14
27.38,60.32,50.76,Đất cát,Các loại đậu,5,13,26,14-35-14
23.59,52.26,42.23,Đất cát,Cây mía,20,1,25,20-20
33.97,49.49,35.62,Đất sét,Cây bắp,12,0,13,14-35-14
33.16,51.42,47.39,Đất mùn,Cây bông,10,3,5,17-17-17
25.25,46.12,56.39,Đất thịt tơi xốp,Cây bông,36,4,1,Urea
28.82,61.5,42.75,Đất sét,Khoai tây,18,1,11,DAP
30.93,67.78,70.0,Đất thịt tơi xốp,Khoai tây,10,9,24,Urea
34.27,65.79,45.96,Đất thịt tơi xốp,Các loại hạt (hạt mè, hạt  cải),16,0,13,10-26-26
28.52,52.04,64.54,Đất thịt tơi xốp,Cây lúa,35,4,0,Urea
26.18,60.1,34.98,Đất mùn,Cây bông,20,0,20,DAP
30.19,67.0,24.65,Đất cát,Cây bông,10,0,37,20-20
26.15,56.28,48.04,Đất thịt tơi xốp,Cây bông,18,0,20,28-28
26.51,50.62,55.85,Đất cát,Cây bắp,10,6,27,DAP
32.89,53.28,63.35,Đất thịt tơi xốp,Millets,12,3,42,Urea
31.36,66.66,46.26,Đất sét,Khoai tây,18,0,23,17-17-17
25.37,51.4,67.69,Đất đỏ bazan,Khoai tây,13,0,35,20-20
29.14,67.8,49.49,Đất đỏ bazan,Cây lúa,20,0,26,10-26-26
29.89,71.8,41.42,Đất mùn,Cây lúa,16,0,34,DAP
30.69,55.65,63.02,Đất sét,Cây bông,11,8,34,Urea
31.52,67.58,32.04,Đất cát,Khoai tây,3,7,27,DAP
26.01,41.55,61.19,Đất thịt tơi xốp,Khoai tây,39,0,0,Urea
30.43,55.84,34.76,Đất cát,Cây lúa,15,0,36,20-20
32.51,62.88,48.48,Đất mùn,Cây mía,22,1,18,Urea
27.22,49.1,27.15,Đất sét,Các loại hạt (hạt mè, hạt  cải),2,11,21,28-28
36.5,68.47,38.52,Đất đỏ bazan,Cây bông,11,13,30,Urea
21.59,54.14,68.42,Đất mùn,Cây đậu phộng (Lạc),14,0,13,DAP
30.75,52.41,36.1,Đất sét,Các loại hạt (hạt mè, hạt  cải),21,1,25,14-35-14
27.98,51.57,32.44,Đất cát,Cây mía,40,3,4,10-26-26
33.96,52.94,35.23,Đất cát,Cây chuối,19,2,18,Urea
27.85,52.65,33.33,Đất sét,Cây chuối,24,0,13,20-20
26.51,63.74,20.0,Đất sét,Cây chuối,16,0,41,28-28
29.01,58.45,25.72,Đất đỏ bazan,Cây đậu phộng (Lạc),17,0,36,Urea
31.19,57.06,56.73,Đất đỏ bazan,Cây chuối,10,11,32,14-35-14
24.32,46.37,64.36,Đất cát,Khoai tây,13,8,10,DAP
27.82,58.73,41.49,Đất mùn,Khoai tây,11,4,17,20-20
29.29,73.05,60.5,Đất cát,Cây chè,12,0,14,17-17-17
33.05,59.1,34.65,Đất mùn,Cây chuối,4,7,27,28-28
30.4,60.08,37.04,Đất mùn,Khoai tây,41,2,0,10-26-26
26.8,53.34,39.36,Đất đỏ bazan,Cây chè,12,0,14,Urea
33.99,56.59,20.08,Đất cát,Cây bắp,15,0,35,14-35-14
22.1,47.1,47.6,Đất mùn,Các loại hạt (hạt mè, hạt  cải),18,1,27,20-20
31.57,49.29,48.02,Đất cát,Millets,20,0,20,17-17-17
37.51,57.76,60.62,Đất thịt tơi xốp,Cây lúa,9,6,32,10-26-26
30.49,61.62,43.88,Đất sét,Cây chuối,21,0,21,DAP
33.16,70.77,55.48,Đất cát,Cây chè,14,1,43,10-26-26
25.11,67.21,30.73,Đất sét,Khoai tây,7,0,17,10-26-26
32.74,60.15,33.03,Đất thịt tơi xốp,Cây chuối,6,0,32,Urea
27.57,60.24,46.64,Đất thịt tơi xốp,Khoai tây,9,10,19,17-17-17
22.71,50.4,40.46,Đất thịt tơi xốp,Các loại đậu,27,2,24,Urea
28.32,57.04,36.82,Đất thịt tơi xốp,Các loại đậu,36,2,0,DAP
38.64,60.03,32.44,Đất cát,Cây bông,38,3,0,28-28
30.56,52.13,44.67,Đất sét,Các loại đậu,20,0,16,10-26-26
27.2,46.67,31.41,Đất sét,Cây bông,9,0,17,10-26-26
29.09,44.8,44.98,Đất thịt tơi xốp,Millets,31,0,0,17-17-17
27.56,50.27,33.38,Đất thịt tơi xốp,Cây bắp,9,17,17,20-20
29.91,71.44,52.85,Đất mùn,Millets,5,23,25,Urea
30.04,59.31,23.46,Đất thịt tơi xốp,Cây chuối,37,2,0,Urea
40.0,70.46,49.59,Đất thịt tơi xốp,Cây bông,11,20,17,DAP
31.02,63.58,48.47,Đất mùn,Cây chè,5,0,14,DAP
38.72,62.6,32.93,Đất sét,Cây bắp,14,0,41,10-26-26
30.61,64.43,45.47,Đất đỏ bazan,Cây bông,25,4,19,10-26-26
30.45,47.88,24.31,Đất đỏ bazan,Millets,46,3,0,20-20
28.73,61.1,60.49,Đất thịt tơi xốp,Các loại hạt (hạt mè, hạt  cải),8,11,11,17-17-17
28.37,51.61,45.94,Đất đỏ bazan,Cây lúa,4,7,30,20-20
25.09,43.46,52.01,Đất thịt tơi xốp,Cây mía,11,0,8,14-35-14
26.06,45.12,29.83,Đất sét,Các loại đậu,9,17,19,28-28
27.7,52.81,45.3,Đất đỏ bazan,Các loại hạt (hạt mè, hạt  cải),8,20,14,10-26-26
33.17,57.64,31.57,Đất đỏ bazan,Cây chuối,18,2,34,Urea
26.6,55.39,57.23,Đất đỏ bazan,Cây lúa,34,0,1,17-17-17
24.5,53.2,40.47,Đất cát,Cây mía,6,18,18,DAP
29.08,60.86,42.96,Đất mùn,Cây chuối,42,0,0,28-28
34.13,51.37,63.68,Đất sét,Các loại đậu,6,14,29,10-26-26
25.24,50.51,43.13,Đất sét,Cây đậu phộng (Lạc),11,0,12,14-35-14
23.91,49.16,24.07,Đất thịt tơi xốp,Cây mía,4,6,28,17-17-17
27.47,58.55,35.02,Đất mùn,Các loại hạt (hạt mè, hạt  cải),9,22,11,28-28
26.71,53.04,48.29,Đất đỏ bazan,Các loại hạt (hạt mè, hạt  cải),37,0,0,28-28
34.59,63.22,42.17,Đất sét,Cây bắp,14,0,41,28-28
25.82,49.88,37.06,Đất thịt tơi xốp,Các loại đậu,27,0,18,14-35-14
32.62,66.69,34.48,Đất mùn,Khoai tây,23,2,18,DAP
36.46,69.63,49.78,Đất cát,Millets,11,2,8,14-35-14
28.63,48.69,39.09,Đất đỏ bazan,Cây mía,40,0,1,20-20
31.48,74.48,40.94,Đất đỏ bazan,Các loại đậu,21,0,24,DAP
30.1,61.63,36.49,Đất thịt tơi xốp,Cây bông,12,2,28,DAP
28.57,50.92,24.51,Đất sét,Khoai tây,7,10,25,20-20
24.06,52.41,28.87,Đất thịt tơi xốp,Cây chè,27,3,18,10-26-26
32.76,50.53,26.65,Đất cát,Cây chè,17,4,32,14-35-14
32.02,56.24,36.81,Đất đỏ bazan,Cây bắp,33,1,0,DAP
27.39,68.54,31.22,Đất cát,Cây bông,13,0,40,Urea
28.17,44.52,37.4,Đất cát,Cây bông,27,4,15,DAP
39.6,57.34,40.13,Đất cát,Cây lúa,11,0,36,DAP
27.83,67.66,56.62,Đất cát,Cây đậu phộng (Lạc),14,14,19,10-26-26
26.0,54.8,54.3,Đất đỏ bazan,Cây bông,7,6,30,14-35-14
27.72,53.82,38.47,Đất sét,Cây chè,40,1,0,10-26-26
26.97,44.41,51.42,Đất mùn,Millets,6,21,14,DAP
34.47,63.73,36.79,Đất đỏ bazan,Cây mía,14,0,35,20-20
39.41,72.15,42.56,Đất thịt tơi xốp,Millets,8,17,16,20-20
35.0,63.21,33.69,Đất đỏ bazan,Các loại đậu,6,15,18,DAP
33.33,65.37,31.42,Đất thịt tơi xốp,Cây mía,39,0,4,10-26-26
37.4,66.12,61.2,Đất mùn,Millets,23,0,22,17-17-17
21.33,59.53,34.34,Đất đỏ bazan,Các loại đậu,11,0,17,28-28
31.46,62.0,46.01,Đất thịt tơi xốp,Cây đậu phộng (Lạc),9,13,17,Urea
33.94,65.0,36.07,Đất đỏ bazan,Cây mía,44,0,4,10-26-26
31.36,59.58,69.23,Đất cát,Cây bắp,16,0,34,20-20
26.24,43.51,41.0,Đất đỏ bazan,Cây mía,25,4,23,20-20
37.57,60.17,47.52,Đất sét,Cây lúa,8,13,14,14-35-14
31.62,67.35,40.08,Đất mùn,Cây bông,12,16,11,DAP
32.76,52.66,70.0,Đất sét,Cây chè,18,4,30,20-20
33.93,52.27,42.0,Đất sét,Cây chuối,15,0,37,28-28
40.0,71.21,45.73,Đất sét,Cây mía,38,0,2,DAP
33.55,59.39,30.38,Đất sét,Cây bắp,14,0,34,17-17-17
31.97,58.12,24.71,Đất cát,Cây đậu phộng (Lạc),25,1,19,Urea
37.0,55.83,42.57,Đất thịt tơi xốp,Cây chè,23,0,18,10-26-26
22.38,50.14,29.26,Đất đỏ bazan,Khoai tây,17,3,44,Urea
29.83,52.91,34.01,Đất cát,Cây chuối,11,4,9,20-20
34.6,57.76,33.56,Đất cát,Cây chuối,18,0,42,Urea
24.63,50.31,63.27,Đất cát,Cây mía,36,0,0,17-17-17
28.46,54.38,40.69,Đất mùn,Cây bông,22,0,25,14-35-14
34.16,69.55,53.12,Đất sét,Cây mía,5,6,23,28-28
28.72,55.54,27.69,Đất cát,Cây mía,39,0,3,28-28
34.75,56.36,27.64,Đất thịt tơi xốp,Cây bông,3,16,21,Urea
27.34,54.86,36.42,Đất sét,Cây bông,28,3,21,20-20
31.48,49.9,41.72,Đất cát,Cây chuối,38,0,0,17-17-17
32.2,53.44,28.81,Đất cát,Cây bắp,12,1,15,28-28
32.88,64.12,33.49,Đất đỏ bazan,Khoai tây,9,0,36,Urea
27.04,49.54,35.64,Đất mùn,Cây bông,13,0,12,28-28
34.58,65.76,56.38,Đất cát,Millets,18,4,40,17-17-17
32.86,71.74,67.98,Đất sét,Cây bông,15,13,19,28-28
29.02,43.2,31.33,Đất cát,Cây đậu phộng (Lạc),34,0,4,Urea
35.62,63.55,49.96,Đất sét,Cây chè,13,2,36,Urea
26.47,64.77,23.03,Đất đỏ bazan,Millets,8,20,12,Urea
30.32,69.9,51.72,Đất thịt tơi xốp,Cây mía,5,6,29,10-26-26
37.98,63.73,31.31,Đất mùn,Cây chè,13,4,37,14-35-14
24.99,55.26,37.78,Đất sét,Các loại hạt (hạt mè, hạt  cải),9,18,13,DAP
27.03,63.04,37.86,Đất cát,Cây bắp,28,0,22,17-17-17
27.0,44.44,50.65,Đất cát,Cây chuối,25,0,14,28-28
22.74,59.33,60.29,Đất cát,Cây bông,14,0,4,DAP
33.12,67.93,44.16,Đất cát,Cây lúa,16,18,15,10-26-26
28.82,49.32,54.64,Đất thịt tơi xốp,Cây lúa,14,1,39,10-26-26
26.84,60.73,44.94,Đất sét,Cây chuối,36,0,0,17-17-17
33.36,58.08,48.3,Đất thịt tơi xốp,Cây chè,9,14,17,17-17-17
26.54,64.11,37.2,Đất cát,Cây chè,8,9,34,14-35-14
24.72,63.9,39.65,Đất cát,Các loại đậu,15,21,11,20-20
23.56,60.5,36.73,Đất mùn,Millets,9,0,5,20-20
30.38,63.85,24.8,Đất đỏ bazan,Cây mía,11,14,16,10-26-26
28.1,59.34,39.97,Đất mùn,Cây mía,4,18,16,17-17-17
27.21,55.78,28.17,Đất đỏ bazan,Khoai tây,7,6,27,Urea
34.83,66.32,48.03,Đất thịt tơi xốp,Các loại đậu,18,0,21,Urea
27.7,55.91,25.34,Đất mùn,Millets,38,0,0,10-26-26
24.39,46.09,36.57,Đất thịt tơi xốp,Cây bông,26,4,26,10-26-26
36.99,77.28,25.49,Đất thịt tơi xốp,Cây chuối,9,0,37,10-26-26
32.44,66.7,44.68,Đất thịt tơi xốp,Cây mía,6,2,14,14-35-14
34.35,65.77,49.74,Đất sét,Các loại đậu,22,1,20,28-28
31.54,64.72,32.88,Đất mùn,Cây lúa,6,10,27,28-28
31.63,63.91,42.19,Đất đỏ bazan,Cây chuối,40,4,1,10-26-26
32.04,75.94,20.1,Đất thịt tơi xốp,Cây chuối,8,6,27,10-26-26
28.35,58.1,36.8,Đất mùn,Khoai tây,34,4,0,28-28
30.62,58.67,46.57,Đất cát,Cây chuối,14,0,9,20-20
25.71,43.52,40.7,Đất mùn,Các loại hạt (hạt mè, hạt  cải),15,0,34,Urea
33.22,60.99,43.26,Đất đỏ bazan,Các loại hạt (hạt mè, hạt  cải),37,0,3,Urea
29.92,50.28,36.3,Đất sét,Khoai tây,32,0,2,Urea
26.25,53.05,28.22,Đất cát,Cây mía,7,3,9,Urea
27.4,59.79,36.45,Đất mùn,Cây lúa,12,0,11,10-26-26
39.29,62.84,52.03,Đất đỏ bazan,Millets,3,7,32,17-17-17
27.21,58.5,64.74,Đất thịt tơi xốp,Các loại đậu,13,4,31,14-35-14
28.88,60.38,31.01,Đất đỏ bazan,Cây chuối,12,0,40,14-35-14
26.97,51.01,56.59,Đất mùn,Các loại hạt (hạt mè, hạt  cải),14,4,11,10-26-26
30.38,63.18,56.23,Đất mùn,Cây chè,12,11,26,14-35-14
36.01,67.22,35.57,Đất đỏ bazan,Cây chè,35,0,0,DAP
33.67,56.87,39.33,Đất cát,Các loại hạt (hạt mè, hạt  cải),25,0,23,20-20
37.68,54.79,33.81,Đất cát,Cây mía,15,0,45,Urea
22.12,45.25,38.99,Đất đỏ bazan,Cây chè,7,12,19,17-17-17
32.18,53.93,42.41,Đất sét,Cây chuối,16,0,14,14-35-14
33.87,55.06,65.59,Đất đỏ bazan,Các loại hạt (hạt mè, hạt  cải),11,0,9,Urea
29.63,72.87,59.15,Đất sét,Cây lúa,8,11,28,Urea
24.32,45.16,50.1,Đất cát,Cây lúa,9,3,38,DAP
27.86,59.09,26.75,Đất thịt tơi xốp,Cây lúa,4,20,24,10-26-26
25.48,58.52,38.7,Đất sét,Cây bông,14,2,31,28-28
37.88,62.19,32.88,Đất mùn,Cây lúa,7,0,36,DAP
32.84,55.64,38.3,Đất thịt tơi xốp,Các loại đậu,33,4,3,28-28
29.85,63.07,35.41,Đất cát,Các loại đậu,9,2,36,DAP
24.47,48.15,50.29,Đất sét,Các loại đậu,18,0,19,20-20
25.43,56.68,51.55,Đất đỏ bazan,Cây chuối,24,0,14,14-35-14
32.52,76.7,58.47,Đất cát,Cây chè,18,0,42,14-35-14
22.93,53.13,31.62,Đất đỏ bazan,Cây chuối,35,0,0,Urea
27.23,57.59,62.86,Đất mùn,Cây lúa,13,7,26,Urea
34.29,77.99,23.79,Đất mùn,Cây lúa,8,1,11,10-26-26
35.01,59.29,60.12,Đất mùn,Các loại hạt (hạt mè, hạt  cải),4,10,29,14-35-14
28.79,50.73,37.84,Đất thịt tơi xốp,Khoai tây,30,1,2,10-26-26
25.3,56.4,43.77,Đất thịt tơi xốp,Khoai tây,20,3,22,DAP
29.81,61.85,63.84,Đất sét,Cây bắp,12,10,33,10-26-26
35.87,58.52,45.11,Đất mùn,Cây bông,15,14,14,28-28
21.58,47.1,30.17,Đất cát,Cây lúa,35,0,0,Urea
34.09,58.05,39.69,Đất sét,Các loại đậu,6,1,5,20-20
26.72,58.52,62.69,Đất sét,Cây lúa,11,3,12,Urea
22.04,58.49,29.03,Đất mùn,Khoai tây,8,19,17,14-35-14
22.5,51.88,36.58,Đất mùn,Millets,41,0,2,10-26-26
38.05,71.56,50.94,Đất sét,Khoai tây,11,9,15,10-26-26
28.21,59.97,54.67,Đất đỏ bazan,Cây chè,6,2,5,DAP
35.11,69.12,38.09,Đất đỏ bazan,Các loại hạt (hạt mè, hạt  cải),7,4,24,DAP
33.34,55.54,24.95,Đất mùn,Millets,18,0,22,10-26-26
28.36,53.52,39.93,Đất cát,Cây đậu phộng (Lạc),22,0,20,28-28
30.1,74.95,61.83,Đất cát,Cây mía,20,2,22,Urea
28.07,60.67,37.38,Đất sét,Cây chuối,5,8,27,20-20
27.75,63.56,36.82,Đất thịt tơi xốp,Cây chè,14,4,8,DAP
30.96,49.06,48.58,Đất đỏ bazan,Cây bắp,20,1,23,10-26-26
34.57,67.12,53.8,Đất mùn,Cây đậu phộng (Lạc),11,9,32,Urea
24.58,66.09,47.42,Đất sét,Millets,22,0,25,Urea
25.28,48.9,53.75,Đất mùn,Millets,27,4,22,10-26-26
21.29,52.95,54.28,Đất thịt tơi xốp,Các loại hạt (hạt mè, hạt  cải),15,3,12,28-28
34.65,67.45,27.77,Đất sét,Các loại đậu,13,3,37,DAP
32.71,63.72,42.47,Đất đỏ bazan,Cây đậu phộng (Lạc),41,0,0,DAP
31.56,58.38,47.62,Đất đỏ bazan,Cây bắp,44,0,4,10-26-26
29.88,57.23,30.93,Đất đỏ bazan,Cây bắp,36,2,0,DAP
29.61,74.1,58.36,Đất sét,Cây chè,40,0,1,10-26-26
27.26,59.75,46.54,Đất thịt tơi xốp,Cây mía,24,0,25,28-28
31.1,59.38,64.58,Đất thịt tơi xốp,Millets,20,0,20,20-20
27.62,42.65,34.2,Đất đỏ bazan,Khoai tây,19,13,15,DAP
23.39,51.7,38.58,Đất cát,Cây mía,17,0,40,Urea
30.76,65.37,56.76,Đất thịt tơi xốp,Cây chuối,8,0,41,14-35-14
27.59,52.68,22.3,Đất thịt tơi xốp,Cây chè,16,1,43,17-17-17
29.22,56.15,58.3,Đất sét,Cây lúa,7,0,14,17-17-17
29.0,51.21,32.58,Đất cát,Cây đậu phộng (Lạc),12,0,14,Urea
29.99,59.24,41.71,Đất mùn,Cây lúa,12,4,12,Urea
30.55,55.03,34.97,Đất cát,Cây mía,3,19,13,17-17-17
28.25,51.77,37.97,Đất mùn,Cây mía,25,0,26,10-26-26
21.43,41.07,57.57,Đất đỏ bazan,Cây chè,12,1,5,14-35-14
22.87,46.84,31.51,Đất cát,Các loại hạt (hạt mè, hạt  cải),22,0,19,20-20
37.21,59.96,69.61,Đất mùn,Cây lúa,24,3,15,10-26-26
32.81,69.92,24.3,Đất sét,Các loại đậu,8,11,29,DAP
26.37,67.22,61.02,Đất thịt tơi xốp,Cây chuối,10,0,39,20-20
33.72,60.97,44.56,Đất cát,Cây chuối,8,12,20,20-20
24.53,55.6,43.85,Đất thịt tơi xốp,Cây đậu phộng (Lạc),12,5,27,10-26-26
25.84,58.46,68.74,Đất mùn,Cây chè,6,9,33,20-20
20.28,44.28,64.04,Đất thịt tơi xốp,Cây bắp,33,4,0,17-17-17
32.16,62.49,27.24,Đất thịt tơi xốp,Cây bông,12,0,36,Urea
23.79,54.8,34.58,Đất thịt tơi xốp,Các loại hạt (hạt mè, hạt  cải),46,3,0,17-17-17
27.6,61.91,38.15,Đất cát,Các loại hạt (hạt mè, hạt  cải),22,0,22,DAP
38.17,72.1,28.01,Đất đỏ bazan,Các loại hạt (hạt mè, hạt  cải),10,0,34,28-28
27.77,55.5,48.92,Đất đỏ bazan,Cây chuối,12,12,24,20-20
30.42,47.39,30.58,Đất sét,Cây mía,9,15,22,28-28
32.29,54.87,41.39,Đất sét,Các loại đậu,26,3,19,DAP
32.93,56.43,53.21,Đất thịt tơi xốp,Khoai tây,8,8,34,28-28
22.42,43.59,46.16,Đất cát,Các loại đậu,1,23,15,28-28
23.83,55.37,70.0,Đất sét,Cây bông,40,0,0,Urea
29.0,67.64,61.06,Đất thịt tơi xốp,Cây mía,18,1,36,28-28
24.87,60.88,70.0,Đất thịt tơi xốp,Cây bông,18,0,39,28-28
40.0,78.73,39.93,Đất đỏ bazan,Cây mía,11,8,31,17-17-17
26.64,60.11,29.46,Đất mùn,Cây bắp,38,0,3,14-35-14
28.5,54.54,57.79,Đất mùn,Cây chè,9,10,32,Urea
25.4,49.86,56.53,Đất thịt tơi xốp,Cây bắp,35,0,0,20-20
26.35,59.75,53.03,Đất mùn,Cây bông,14,0,39,Urea
30.08,70.31,42.74,Đất cát,Các loại đậu,6,0,30,10-26-26
32.45,71.13,36.11,Đất cát,Cây đậu phộng (Lạc),10,0,35,28-28
26.64,54.15,42.1,Đất sét,Các loại hạt (hạt mè, hạt  cải),41,3,0,10-26-26
26.97,51.74,34.74,Đất đỏ bazan,Cây bắp,35,0,3,Urea
30.48,61.59,24.88,Đất mùn,Cây đậu phộng (Lạc),9,18,16,Urea
28.25,54.87,56.78,Đất đỏ bazan,Khoai tây,5,6,24,20-20
27.53,40.07,31.84,Đất cát,Các loại đậu,14,10,15,28-28
39.78,63.55,29.54,Đất sét,Các loại đậu,6,7,29,17-17-17
32.23,74.54,32.4,Đất cát,Cây chuối,7,3,32,Urea
29.54,68.62,31.48,Đất đỏ bazan,Các loại đậu,39,0,2,17-17-17
28.58,50.54,54.24,Đất cát,Cây bông,8,7,26,14-35-14
32.26,74.11,50.32,Đất sét,Cây chè,44,0,0,DAP
33.95,50.1,43.41,Đất sét,Cây bắp,10,0,11,20-20
27.46,56.08,46.59,Đất đỏ bazan,Cây chuối,14,11,33,Urea
28.55,51.94,70.0,Đất sét,Millets,31,3,3,14-35-14
31.04,62.08,37.18,Đất thịt tơi xốp,Cây lúa,25,2,23,Urea
35.4,62.35,43.09,Đất cát,Khoai tây,10,12,14,14-35-14
30.35,64.59,65.36,Đất mùn,Cây bắp,5,8,28,28-28
23.84,40.24,61.13,Đất cát,Cây chuối,12,3,5,14-35-14
31.09,60.88,24.64,Đất cát,Cây bông,17,0,16,Urea
32.89,59.55,40.12,Đất cát,Cây lúa,41,0,0,28-28
35.21,59.99,52.74,Đất mùn,Cây lúa,12,12,12,28-28
25.58,52.45,68.83,Đất thịt tơi xốp,Millets,42,0,0,Urea
25.2,53.17,48.13,Đất mùn,Cây lúa,6,2,9,28-28
27.49,58.98,48.37,Đất đỏ bazan,Cây chuối,11,8,31,17-17-17
32.08,71.52,31.79,Đất thịt tơi xốp,Cây bắp,24,0,27,DAP
26.85,59.85,50.57,Đất đỏ bazan,Cây bắp,10,12,29,20-20
30.72,67.49,51.07,Đất đỏ bazan,Các loại đậu,11,1,39,17-17-17
31.74,69.49,64.58,Đất sét,Millets,6,2,34,10-26-26
39.11,68.35,24.92,Đất cát,Khoai tây,7,4,36,17-17-17
28.91,63.15,33.04,Đất đỏ bazan,Các loại đậu,9,3,41,17-17-17
27.52,67.88,39.25,Đất thịt tơi xốp,Cây chè,37,0,0,14-35-14
25.41,59.6,47.88,Đất mùn,Cây đậu phộng (Lạc),25,0,22,17-17-17
32.18,68.67,33.89,Đất đỏ bazan,Cây chuối,36,2,0,10-26-26
26.93,61.89,55.88,Đất mùn,Cây chuối,8,11,13,20-20
34.46,54.47,58.14,Đất mùn,Cây mía,8,10,10,20-20
37.11,57.52,59.83,Đất thịt tơi xốp,Các loại hạt (hạt mè, hạt  cải),37,0,0,28-28
25.4,51.85,40.41,Đất sét,Cây đậu phộng (Lạc),17,0,20,10-26-26
23.08,56.85,34.73,Đất đỏ bazan,Khoai tây,33,0,1,10-26-26
29.05,51.18,54.12,Đất thịt tơi xốp,Millets,12,4,14,17-17-17
30.88,62.0,46.07,Đất đỏ bazan,Các loại đậu,45,0,0,Urea
36.5,67.29,49.74,Đất mùn,Cây lúa,25,0,18,20-20
35.86,73.75,44.57,Đất mùn,Khoai tây,43,2,0,10-26-26
26.9,58.33,26.84,Đất thịt tơi xốp,Cây chè,10,10,30,28-28
29.43,42.85,61.97,Đất sét,Cây chuối,34,0,0,10-26-26
23.2,42.49,28.19,Đất mùn,Cây bông,11,0,38,28-28
37.57,63.17,70.0,Đất mùn,Cây bắp,20,0,19,20-20
31.68,62.82,43.85,Đất mùn,Cây mía,18,1,15,20-20
31.14,61.64,50.47,Đất đỏ bazan,Các loại hạt (hạt mè, hạt  cải),19,2,18,28-28
24.57,61.8,37.23,Đất mùn,Cây chuối,11,0,14,20-20
28.82,61.83,41.27,Đất đỏ bazan,Cây chè,8,5,27,14-35-14
34.14,52.29,37.41,Đất đỏ bazan,Cây đậu phộng (Lạc),44,0,0,Urea
32.65,70.55,41.48,Đất sét,Cây chuối,37,0,0,DAP
32.84,66.23,49.59,Đất thịt tơi xốp,Khoai tây,1,19,22,14-35-14
29.04,61.31,47.24,Đất mùn,Các loại hạt (hạt mè, hạt  cải),25,3,18,DAP
32.43,58.32,61.02,Đất cát,Cây chuối,36,1,0,14-35-14
34.77,69.36,44.88,Đất sét,Khoai tây,36,0,0,14-35-14
29.15,57.25,55.55,Đất sét,Cây mía,21,0,16,28-28
39.99,72.77,49.75,Đất cát,Cây lúa,9,0,32,Urea
32.34,52.54,32.24,Đất thịt tơi xốp,Cây lúa,7,0,13,17-17-17
35.63,59.21,51.58,Đất mùn,Cây mía,40,0,0,20-20
34.29,63.96,28.02,Đất mùn,Cây bông,1,20,20,DAP
24.99,51.26,34.71,Đất cát,Khoai tây,6,3,29,20-20
25.09,62.93,34.08,Đất thịt tơi xốp,Millets,16,0,38,20-20
29.11,56.91,62.25,Đất thịt tơi xốp,Khoai tây,26,3,24,10-26-26
30.58,61.29,60.2,Đất thịt tơi xốp,Cây chè,5,3,32,14-35-14
24.25,57.38,30.23,Đất cát,Cây lúa,21,1,18,10-26-26
24.2,55.48,57.9,Đất thịt tơi xốp,Cây đậu phộng (Lạc),14,0,37,DAP
20.69,57.12,59.85,Đất cát,Cây chè,13,2,9,10-26-26
27.56,67.78,36.61,Đất đỏ bazan,Millets,10,11,28,10-26-26
21.97,48.06,43.61,Đất mùn,Cây bông,27,0,17,Urea
36.42,59.37,37.49,Đất đỏ bazan,Cây lúa,22,0,15,17-17-17
33.72,57.94,36.36,Đất thịt tơi xốp,Các loại hạt (hạt mè, hạt  cải),16,0,38,DAP
36.86,66.97,28.44,Đất sét,Khoai tây,14,0,36,17-17-17
20.76,48.98,63.92,Đất thịt tơi xốp,Cây chè,12,16,10,20-20
35.38,56.76,21.51,Đất thịt tơi xốp,Millets,37,0,0,20-20
28.96,64.48,27.52,Đất sét,Các loại hạt (hạt mè, hạt  cải),14,15,12,14-35-14
28.62,45.89,61.45,Đất cát,Cây bông,9,2,7,Urea
32.64,66.3,39.89,Đất thịt tơi xốp,Khoai tây,14,20,17,20-20
35.16,73.41,48.63,Đất sét,Cây lúa,13,17,18,DAP
23.55,54.07,32.68,Đất mùn,Các loại đậu,16,2,17,Urea
27.06,59.18,59.42,Đất thịt tơi xốp,Cây chè,9,1,4,10-26-26
22.0,57.32,45.85,Đất cát,Cây chè,5,17,18,28-28
31.75,57.58,30.58,Đất sét,Cây lúa,0,19,18,14-35-14
29.11,60.77,61.25,Đất đỏ bazan,Cây mía,10,0,41,28-28
28.85,63.24,39.74,Đất đỏ bazan,Các loại hạt (hạt mè, hạt  cải),27,0,19,28-28
30.29,53.7,25.09,Đất mùn,Cây chuối,4,4,26,DAP
33.04,63.52,47.86,Đất thịt tơi xốp,Cây lúa,7,0,8,Urea
21.37,53.85,26.22,Đất cát,Khoai tây,4,17,17,DAP
34.88,62.36,57.79,Đất sét,Các loại đậu,36,0,0,20-20
27.81,66.3,59.63,Đất sét,Cây bông,18,1,35,Urea
26.02,65.02,48.03,Đất mùn,Cây đậu phộng (Lạc),7,9,15,Urea
24.9,59.13,55.71,Đất mùn,Cây chè,6,0,12,DAP
39.86,74.47,42.82,Đất đỏ bazan,Cây đậu phộng (Lạc),9,10,29,10-26-26
34.01,55.99,29.3,Đất cát,Cây chuối,24,0,24,28-28
32.69,57.68,48.14,Đất mùn,Cây lúa,39,0,0,10-26-26
31.99,47.84,39.57,Đất thịt tơi xốp,Cây bắp,40,2,1,17-17-17
39.59,72.27,42.36,Đất cát,Cây chuối,43,0,0,DAP
29.71,48.75,26.24,Đất mùn,Cây chè,33,1,0,Urea
32.0,72.09,42.61,Đất mùn,Millets,22,0,22,28-28
39.03,74.51,65.94,Đất mùn,Cây chuối,18,0,37,10-26-26
39.83,65.33,33.3,Đất cát,Cây bông,9,0,10,10-26-26
30.53,70.52,56.87,Đất cát,Khoai tây,8,13,25,17-17-17
37.44,60.97,52.15,Đất đỏ bazan,Cây chuối,4,12,31,17-17-17
25.65,56.93,32.12,Đất sét,Cây mía,40,3,0,Urea
28.01,69.54,20.78,Đất mùn,Cây lúa,37,3,0,10-26-26
27.33,52.91,29.81,Đất mùn,Cây bắp,16,4,40,Urea
27.0,54.79,41.03,Đất mùn,Cây chè,41,0,2,28-28
28.27,45.54,63.35,Đất mùn,Millets,34,0,4,10-26-26
39.37,73.58,47.49,Đất cát,Cây đậu phộng (Lạc),44,0,4,14-35-14
29.14,54.24,24.55,Đất thịt tơi xốp,Các loại hạt (hạt mè, hạt  cải),40,1,2,DAP
31.76,43.24,56.29,Đất sét,Cây đậu phộng (Lạc),10,4,18,20-20
27.27,59.89,20.0,Đất cát,Cây chè,11,0,36,10-26-26
24.0,49.08,66.12,Đất đỏ bazan,Millets,10,2,9,Urea
34.15,67.47,27.11,Đất thịt tơi xốp,Millets,14,3,34,10-26-26
28.67,58.79,59.0,Đất cát,Các loại đậu,35,0,4,10-26-26
30.11,63.4,62.56,Đất cát,Các loại hạt (hạt mè, hạt  cải),10,9,13,20-20
38.97,55.72,35.47,Đất thịt tơi xốp,Cây chè,4,19,21,17-17-17
32.02,60.85,31.09,Đất thịt tơi xốp,Cây đậu phộng (Lạc),33,4,1,28-28
28.02,66.84,58.92,Đất cát,Cây lúa,5,12,33,Urea
30.66,52.06,46.15,Đất thịt tơi xốp,Cây bông,21,4,15,10-26-26
27.05,58.49,39.27,Đất cát,Khoai tây,9,2,15,28-28
28.21,57.07,40.54,Đất cát,Cây lúa,38,1,4,17-17-17
25.6,45.0,55.92,Đất đỏ bazan,Cây bông,10,0,17,28-28
29.75,61.63,34.96,Đất thịt tơi xốp,Cây chè,17,0,31,14-35-14
35.91,52.46,56.61,Đất cát,Cây chè,14,16,13,28-28
23.45,51.03,44.45,Đất thịt tơi xốp,Các loại đậu,36,2,0,DAP
35.86,70.31,54.4,Đất sét,Khoai tây,40,3,1,17-17-17
29.26,71.92,44.23,Đất sét,Các loại đậu,39,4,0,20-20
35.79,66.77,34.39,Đất mùn,Cây đậu phộng (Lạc),9,0,14,14-35-14
26.49,47.23,30.23,Đất đỏ bazan,Cây đậu phộng (Lạc),17,1,15,DAP
25.05,57.08,55.46,Đất sét,Cây chè,10,0,41,20-20
32.42,54.71,33.03,Đất cát,Cây lúa,13,3,37,Urea
39.85,60.31,29.29,Đất cát,Cây bông,6,9,33,10-26-26
27.87,61.38,57.51,Đất đỏ bazan,Các loại đậu,13,16,13,10-26-26
20.76,55.99,62.58,Đất sét,Cây chè,40,0,0,20-20
22.3,56.51,42.72,Đất cát,Cây chè,1,23,17,28-28
32.17,55.02,37.37,Đất cát,Cây mía,20,0,14,10-26-26
32.58,58.58,34.16,Đất mùn,Cây bắp,18,2,18,17-17-17
30.81,63.77,70.0,Đất đỏ bazan,Cây bắp,18,2,39,20-20
32.86,59.79,41.11,Đất sét,Cây mía,33,4,1,10-26-26
28.58,56.91,45.99,Đất đỏ bazan,Cây đậu phộng (Lạc),17,0,12,17-17-17
30.9,68.25,36.56,Đất cát,Cây chuối,5,3,29,Urea
28.35,48.46,32.32,Đất sét,Millets,22,0,26,28-28
30.44,69.49,24.3,Đất đỏ bazan,Cây mía,17,0,16,28-28
22.26,42.14,35.5,Đất mùn,Millets,22,0,17,10-26-26
27.59,59.58,58.65,Đất cát,Cây đậu phộng (Lạc),13,7,34,DAP
28.0,41.61,30.62,Đất đỏ bazan,Các loại hạt (hạt mè, hạt  cải),23,0,22,17-17-17
29.15,57.67,32.35,Đất thịt tơi xốp,Cây mía,34,0,1,10-26-26
31.09,62.05,42.38,Đất đỏ bazan,Cây bông,5,15,18,17-17-17
20.86,49.09,28.16,Đất mùn,Cây lúa,28,0,20,28-28
34.1,57.33,56.67,Đất thịt tơi xốp,Cây chè,34,0,4,Urea
26.9,52.19,33.57,Đất đỏ bazan,Cây bông,31,0,0,17-17-17
26.55,52.44,67.67,Đất thịt tơi xốp,Khoai tây,5,0,14,Urea
26.56,57.43,26.53,Đất đỏ bazan,Cây chè,7,17,15,14-35-14
31.72,58.72,70.0,Đất cát,Cây mía,13,0,42,28-28
25.55,50.88,27.55,Đất mùn,Cây bông,8,19,12,17-17-17
31.42,59.9,29.07,Đất thịt tơi xốp,Millets,11,8,30,17-17-17
28.24,51.23,42.62,Đất đỏ bazan,Cây bông,19,0,38,DAP
30.09,46.89,35.95,Đất mùn,Cây chuối,32,4,0,14-35-14
28.94,62.47,31.99,Đất mùn,Cây mía,38,2,3,17-17-17
39.33,59.27,40.62,Đất sét,Cây chuối,17,0,43,10-26-26
29.89,55.53,32.61,Đất mùn,Cây đậu phộng (Lạc),17,0,14,20-20
30.28,56.11,40.03,Đất cát,Các loại đậu,33,4,2,20-20
40.0,63.63,40.65,Đất sét,Millets,10,3,27,17-17-17
36.4,55.11,26.14,Đất đỏ bazan,Cây chuối,18,0,17,DAP
27.28,47.79,29.37,Đất sét,Millets,25,0,18,Urea
27.38,53.83,55.09,Đất đỏ bazan,Cây bắp,15,0,40,28-28
29.14,64.95,36.54,Đất thịt tơi xốp,Cây lúa,12,0,35,17-17-17
32.93,62.73,59.96,Đất mùn,Cây lúa,17,0,37,10-26-26
24.71,50.55,62.03,Đất đỏ bazan,Các loại đậu,8,0,10,17-17-17
29.94,58.85,54.14,Đất cát,Cây bông,12,14,12,DAP
29.48,59.59,66.35,Đất thịt tơi xốp,Các loại đậu,26,3,20,10-26-26
31.0,51.8,44.91,Đất cát,Cây mía,15,2,12,20-20
28.55,67.66,35.99,Đất mùn,Các loại đậu,12,3,39,20-20
31.06,58.49,40.24,Đất thịt tơi xốp,Cây bông,6,15,19,DAP
23.88,52.3,27.19,Đất thịt tơi xốp,Cây bông,35,0,0,DAP
30.3,45.03,57.51,Đất mùn,Cây mía,12,3,13,17-17-17
23.43,55.73,32.02,Đất cát,Millets,25,1,14,20-20
30.56,67.31,36.79,Đất sét,Cây mía,12,4,10,20-20
27.68,57.8,70.0,Đất đỏ bazan,Cây chuối,4,11,27,14-35-14
25.34,50.98,53.43,Đất mùn,Các loại hạt (hạt mè, hạt  cải),12,0,43,10-26-26
24.4,47.18,49.55,Đất mùn,Cây bông,7,18,16,17-17-17
31.8,56.53,35.42,Đất mùn,Cây đậu phộng (Lạc),7,0,5,14-35-14
22.54,58.92,51.76,Đất đỏ bazan,Cây bắp,10,4,11,10-26-26
35.49,77.62,56.57,Đất sét,Khoai tây,12,9,30,20-20
25.05,49.33,48.69,Đất mùn,Cây bắp,19,1,23,DAP
26.52,47.52,49.4,Đất đỏ bazan,Các loại hạt (hạt mè, hạt  cải),14,6,32,17-17-17
36.29,74.2,54.68,Đất cát,Cây lúa,42,3,0,17-17-17
32.94,50.95,43.98,Đất cát,Cây đậu phộng (Lạc),42,3,0,DAP
27.87,49.55,33.0,Đất sét,Cây chè,12,0,38,Urea
29.86,65.84,66.44,Đất đỏ bazan,Cây đậu phộng (Lạc),2,13,34,28-28
30.39,54.61,51.82,Đất thịt tơi xốp,Cây chè,27,0,20,14-35-14
23.19,50.83,60.22,Đất cát,Millets,7,0,11,17-17-17
25.12,58.07,40.47,Đất cát,Cây mía,12,2,10,14-35-14
29.41,52.87,50.35,Đất thịt tơi xốp,Cây bông,7,6,31,17-17-17
38.48,80.0,59.16,Đất đỏ bazan,Các loại hạt (hạt mè, hạt  cải),37,0,0,Urea
25.8,57.61,40.46,Đất đỏ bazan,Cây đậu phộng (Lạc),2,17,17,DAP
25.27,55.44,29.6,Đất sét,Khoai tây,16,3,12,10-26-26
26.56,58.48,45.6,Đất cát,Khoai tây,10,9,36,DAP
30.71,56.3,70.0,Đất thịt tơi xốp,Cây bắp,2,8,27,10-26-26
24.99,65.8,51.83,Đất thịt tơi xốp,Cây đậu phộng (Lạc),12,12,25,10-26-26
28.61,46.05,42.05,Đất cát,Các loại hạt (hạt mè, hạt  cải),11,16,20,28-28
32.63,64.54,36.41,Đất sét,Khoai tây,4,22,18,28-28
24.98,47.19,51.65,Đất cát,Các loại hạt (hạt mè, hạt  cải),30,3,2,28-28
27.93,46.76,56.5,Đất thịt tơi xốp,Cây lúa,7,2,15,28-28
31.01,66.62,62.69,Đất cát,Cây chè,17,2,36,Urea
39.26,60.36,29.14,Đất mùn,Cây bắp,14,0,40,17-17-17
31.29,59.62,56.81,Đất cát,Các loại hạt (hạt mè, hạt  cải),14,8,9,17-17-17
32.1,50.44,47.36,Đất đỏ bazan,Các loại đậu,10,4,32,Urea
28.35,59.56,34.46,Đất đỏ bazan,Các loại đậu,45,3,0,10-26-26
26.57,54.52,46.1,Đất thịt tơi xốp,Cây chuối,39,0,0,DAP
40.0,77.35,41.55,Đất cát,Khoai tây,6,5,28,10-26-26
37.24,59.64,30.67,Đất đỏ bazan,Khoai tây,41,0,2,28-28
28.4,57.3,49.24,Đất sét,Cây mía,8,17,10,DAP
33.83,56.31,25.41,Đất cát,Cây bắp,18,0,23,20-20
27.47,58.13,56.8,Đất thịt tơi xốp,Cây chè,10,13,9,14-35-14
32.01,56.9,39.16,Đất đỏ bazan,Cây mía,17,13,14,20-20
23.69,59.77,47.95,Đất sét,Các loại đậu,39,1,0,DAP
30.22,60.34,59.66,Đất thịt tơi xốp,Cây lúa,9,0,14,Urea
25.24,46.57,36.23,Đất mùn,Cây bắp,32,0,0,Urea
26.8,60.69,60.28,Đất mùn,Cây chuối,15,0,11,17-17-17
32.37,56.56,65.45,Đất cát,Khoai tây,37,3,0,10-26-26
23.86,55.45,24.43,Đất mùn,Millets,13,0,35,Urea
34.18,58.31,46.39,Đất cát,Cây bắp,36,0,0,28-28
39.42,76.38,57.33,Đất thịt tơi xốp,Cây bắp,13,3,43,17-17-17
24.86,54.46,36.36,Đất sét,Millets,37,0,0,Urea
32.95,62.26,50.04,Đất cát,Cây lúa,14,17,7,28-28
29.78,59.94,29.17,Đất cát,Các loại đậu,22,0,19,17-17-17
27.48,60.62,44.8,Đất thịt tơi xốp,Cây mía,14,2,11,20-20
36.73,71.35,70.0,Đất thịt tơi xốp,Cây mía,11,4,38,Urea
27.49,63.32,26.02,Đất đỏ bazan,Các loại đậu,13,0,38,Urea
30.69,59.81,37.29,Đất mùn,Các loại hạt (hạt mè, hạt  cải),21,0,23,Urea
29.14,58.46,36.98,Đất mùn,Cây đậu phộng (Lạc),40,0,3,10-26-26
32.52,57.58,57.94,Đất sét,Cây bắp,42,0,0,17-17-17
23.05,52.61,60.11,Đất thịt tơi xốp,Cây chè,31,0,3,28-28
29.48,60.63,42.23,Đất sét,Khoai tây,5,8,19,17-17-17
25.33,53.26,27.11,Đất đỏ bazan,Các loại đậu,12,3,38,10-26-26
26.0,57.01,31.36,Đất mùn,Các loại hạt (hạt mè, hạt  cải),42,0,0,17-17-17
30.09,62.9,44.53,Đất đỏ bazan,Cây mía,38,0,0,17-17-17
27.83,53.2,58.73,Đất mùn,Các loại đậu,14,0,32,17-17-17
37.81,73.97,40.95,Đất thịt tơi xốp,Cây bắp,13,2,36,17-17-17
36.87,61.5,54.95,Đất mùn,Cây chè,12,4,8,17-17-17
30.98,66.44,29.27,Đất cát,Cây bông,35,4,0,17-17-17
30.41,52.79,24.79,Đất đỏ bazan,Cây lúa,38,2,0,Urea
35.69,58.61,58.14,Đất đỏ bazan,Cây bắp,14,9,10,20-20
23.11,53.38,41.79,Đất thịt tơi xốp,Millets,20,0,23,17-17-17
23.82,59.74,65.58,Đất thịt tơi xốp,Cây chè,7,1,4,17-17-17
34.2,72.31,28.33,Đất thịt tơi xốp,Cây chè,33,0,0,14-35-14
34.22,74.96,58.79,Đất đỏ bazan,Các loại hạt (hạt mè, hạt  cải),13,0,9,28-28
36.98,73.11,41.32,Đất sét,Cây lúa,41,4,0,28-28
34.68,76.53,33.78,Đất thịt tơi xốp,Millets,9,0,44,Urea
24.22,50.03,55.39,Đất sét,Cây đậu phộng (Lạc),9,0,37,20-20
34.25,73.29,38.06,Đất mùn,Các loại hạt (hạt mè, hạt  cải),8,1,7,14-35-14
31.43,64.88,54.37,Đất cát,Cây đậu phộng (Lạc),1,8,27,28-28
31.14,61.27,45.36,Đất thịt tơi xốp,Cây đậu phộng (Lạc),14,1,17,17-17-17
24.69,54.86,47.9,Đất thịt tơi xốp,Khoai tây,26,0,18,28-28
30.39,67.95,35.69,Đất cát,Cây chuối,20,0,18,DAP
28.44,46.2,34.75,Đất sét,Millets,15,3,15,14-35-14
30.6,56.63,35.82,Đất thịt tơi xốp,Các loại đậu,1,23,25,10-26-26
25.64,56.54,49.67,Đất đỏ bazan,Cây bắp,12,12,22,28-28
33.35,59.4,66.69,Đất mùn,Các loại đậu,32,2,4,10-26-26
23.15,58.66,63.44,Đất mùn,Các loại đậu,37,1,2,17-17-17
34.48,70.08,59.13,Đất sét,Các loại đậu,25,4,18,17-17-17
28.39,51.27,70.0,Đất sét,Khoai tây,10,1,32,17-17-17
39.9,73.93,32.55,Đất thịt tơi xốp,Cây chuối,9,9,27,17-17-17
32.98,58.76,28.59,Đất sét,Cây bông,13,10,31,10-26-26
29.66,49.78,23.81,Đất thịt tơi xốp,Khoai tây,12,18,8,Urea
30.69,58.35,21.33,Đất thịt tơi xốp,Khoai tây,4,9,27,17-17-17
23.98,48.21,35.49,Đất thịt tơi xốp,Cây bắp,35,3,1,20-20
28.52,72.19,59.12,Đất sét,Cây chè,5,12,33,14-35-14
31.01,60.4,43.04,Đất sét,Millets,12,9,20,DAP
27.53,47.05,22.75,Đất sét,Cây bông,9,0,8,28-28
36.9,52.23,24.84,Đất thịt tơi xốp,Các loại hạt (hạt mè, hạt  cải),12,0,33,10-26-26
29.16,61.51,34.35,Đất thịt tơi xốp,Cây mía,35,0,0,20-20
27.28,53.81,39.02,Đất cát,Khoai tây,18,0,23,DAP
33.4,58.26,40.56,Đất đỏ bazan,Cây đậu phộng (Lạc),14,2,32,20-20
31.02,54.58,45.71,Đất đỏ bazan,Cây đậu phộng (Lạc),11,0,12,10-26-26
24.23,64.12,49.89,Đất mùn,Các loại hạt (hạt mè, hạt  cải),26,0,24,20-20
21.96,40.71,40.64,Đất sét,Các loại hạt (hạt mè, hạt  cải),9,19,11,20-20
34.33,69.34,32.53,Đất mùn,Cây bắp,44,4,4,14-35-14
30.88,66.31,38.96,Đất sét,Cây bắp,24,0,24,20-20
21.52,61.31,30.52,Đất mùn,Khoai tây,9,0,37,14-35-14
29.67,64.78,21.0,Đất thịt tơi xốp,Cây đậu phộng (Lạc),12,0,42,Urea
30.52,62.11,23.07,Đất thịt tơi xốp,Các loại đậu,33,1,4,28-28
26.59,52.55,41.35,Đất cát,Cây bắp,7,0,46,17-17-17
32.62,59.63,50.0,Đất sét,Các loại hạt (hạt mè, hạt  cải),9,19,22,10-26-26
32.95,59.16,69.03,Đất sét,Cây bông,33,1,0,20-20
28.56,43.97,24.88,Đất mùn,Cây chè,10,11,8,17-17-17
35.74,66.71,37.68,Đất cát,Các loại đậu,10,9,32,DAP
26.35,50.4,53.76,Đất thịt tơi xốp,Cây chè,12,0,32,10-26-26
33.8,70.5,42.98,Đất cát,Cây bông,7,4,32,20-20
28.08,58.23,37.23,Đất sét,Cây chè,39,2,0,14-35-14
32.56,71.98,46.27,Đất mùn,Cây chuối,20,1,21,14-35-14
29.64,49.17,34.47,Đất sét,Cây chuối,19,0,16,17-17-17
31.55,58.9,47.7,Đất cát,Khoai tây,5,16,18,DAP
35.51,53.67,32.47,Đất sét,Các loại đậu,33,0,0,DAP
33.2,60.31,55.18,Đất thịt tơi xốp,Cây lúa,12,10,30,28-28
23.28,48.32,43.9,Đất đỏ bazan,Cây lúa,8,11,13,20-20
40.0,65.13,40.28,Đất mùn,Cây đậu phộng (Lạc),9,0,39,Urea
27.91,62.4,41.2,Đất đỏ bazan,Các loại đậu,8,16,17,28-28
23.03,49.38,40.47,Đất thịt tơi xốp,Cây chuối,23,0,18,10-26-26
25.88,54.24,40.43,Đất sét,Cây chè,39,4,4,DAP
31.64,51.55,63.79,Đất mùn,Cây chè,35,2,2,28-28
27.32,59.41,44.2,Đất mùn,Cây chè,7,12,21,Urea
33.87,61.94,45.99,Đất mùn,Cây bông,10,19,16,14-35-14
30.04,44.44,43.27,Đất sét,Cây mía,8,10,10,17-17-17
37.53,59.1,32.18,Đất đỏ bazan,Khoai tây,10,3,37,14-35-14
33.8,60.2,43.21,Đất cát,Cây chè,16,0,27,Urea
21.7,60.92,26.89,Đất cát,Khoai tây,11,12,21,28-28
31.15,63.09,30.51,Đất sét,Khoai tây,4,5,32,20-20
27.1,42.29,35.96,Đất thịt tơi xốp,Cây lúa,9,4,39,Urea
33.97,66.11,59.93,Đất sét,Cây chuối,36,0,0,14-35-14
32.8,46.19,20.0,Đất đỏ bazan,Cây bắp,8,6,28,DAP
32.16,70.3,57.02,Đất thịt tơi xốp,Cây chè,30,0,0,20-20
24.65,46.46,27.78,Đất cát,Cây lúa,10,0,40,14-35-14
29.46,43.41,40.69,Đất thịt tơi xốp,Cây chuối,18,0,20,10-26-26
28.74,50.71,37.75,Đất mùn,Cây chè,18,1,19,20-20
40.0,74.62,44.27,Đất đỏ bazan,Cây mía,37,4,3,14-35-14
28.67,61.38,48.54,Đất thịt tơi xốp,Cây bắp,24,0,24,14-35-14
22.28,43.79,63.73,Đất sét,Cây bắp,11,3,6,28-28
32.21,72.67,58.11,Đất sét,Các loại hạt (hạt mè, hạt  cải),36,4,3,20-20
27.73,61.49,20.0,Đất sét,Cây bắp,14,0,35,Urea
25.85,55.63,47.46,Đất sét,Các loại hạt (hạt mè, hạt  cải),19,4,26,20-20
27.63,56.77,28.61,Đất sét,Cây bông,37,0,4,10-26-26
30.45,71.76,45.74,Đất đỏ bazan,Các loại hạt (hạt mè, hạt  cải),14,11,13,DAP
20.48,55.53,65.44,Đất mùn,Khoai tây,10,12,12,Urea
34.12,58.21,42.94,Đất cát,Các loại đậu,11,2,39,10-26-26
25.45,45.61,41.12,Đất sét,Cây bắp,0,17,19,10-26-26
21.54,58.62,46.04,Đất đỏ bazan,Cây lúa,22,4,20,20-20
27.08,64.97,38.34,Đất đỏ bazan,Khoai tây,9,3,18,Urea
27.06,51.6,51.94,Đất sét,Millets,39,3,0,14-35-14
31.67,48.24,38.06,Đất thịt tơi xốp,Cây lúa,28,1,21,14-35-14
39.89,63.45,47.15,Đất cát,Cây đậu phộng (Lạc),12,14,19,17-17-17
22.85,56.83,57.72,Đất đỏ bazan,Cây bông,9,4,14,28-28
33.18,56.59,53.96,Đất thịt tơi xốp,Các loại đậu,3,12,25,20-20
32.8,44.88,49.08,Đất đỏ bazan,Các loại đậu,34,0,1,DAP
25.71,51.75,70.0,Đất thịt tơi xốp,Cây chuối,18,3,38,14-35-14
37.03,70.38,61.08,Đất thịt tơi xốp,Cây bông,6,6,29,Urea
37.68,67.03,20.0,Đất đỏ bazan,Cây chè,7,7,33,17-17-17
24.32,56.65,22.81,Đất đỏ bazan,Cây mía,12,0,37,28-28
25.38,60.83,22.64,Đất sét,Cây chè,40,0,0,DAP
34.73,68.13,39.85,Đất cát,Cây đậu phộng (Lạc),24,0,21,20-20
35.89,52.9,44.55,Đất đỏ bazan,Cây đậu phộng (Lạc),20,0,19,20-20
34.17,68.22,31.05,Đất mùn,Cây chè,16,3,9,28-28
26.14,57.83,37.34,Đất cát,Cây bắp,38,0,0,14-35-14
34.08,62.7,32.05,Đất thịt tơi xốp,Cây bắp,21,1,18,DAP
24.46,65.27,48.51,Đất đỏ bazan,Millets,28,0,24,20-20
31.49,47.25,30.78,Đất mùn,Cây bông,35,0,0,17-17-17
25.74,52.83,35.38,Đất đỏ bazan,Cây bắp,7,17,13,14-35-14
40.0,63.46,40.95,Đất đỏ bazan,Cây bắp,11,1,35,Urea
36.68,65.54,46.65,Đất đỏ bazan,Cây chè,7,15,18,28-28
30.4,44.22,31.39,Đất mùn,Cây bắp,44,2,0,28-28
26.5,57.72,35.19,Đất đỏ bazan,Các loại đậu,16,0,8,28-28
29.16,51.64,30.31,Đất sét,Cây bắp,18,0,32,28-28
35.74,79.96,27.81,Đất sét,Millets,8,0,41,10-26-26
32.83,69.35,43.35,Đất đỏ bazan,Các loại đậu,25,0,32,20-20
32.97,44.31,46.49,Đất đỏ bazan,Cây bắp,33,2,0,DAP
33.07,62.75,57.16,Đất sét,Các loại đậu,7,11,27,DAP
26.12,46.35,49.55,Đất mùn,Các loại hạt (hạt mè, hạt  cải),0,22,14,Urea
30.64,61.94,52.25,Đất đỏ bazan,Các loại đậu,14,13,9,20-20
25.99,60.98,37.81,Đất mùn,Cây lúa,39,0,0,17-17-17
30.96,71.01,55.69,Đất đỏ bazan,Các loại hạt (hạt mè, hạt  cải),9,16,15,28-28
22.33,48.89,28.54,Đất thịt tơi xốp,Cây chè,6,19,17,DAP
25.13,69.36,50.28,Đất sét,Cây đậu phộng (Lạc),9,2,8,DAP
37.01,72.38,44.71,Đất cát,Các loại hạt (hạt mè, hạt  cải),8,0,13,DAP
37.11,61.41,60.83,Đất cát,Cây bắp,8,13,16,14-35-14
30.01,67.64,26.5,Đất đỏ bazan,Cây chuối,38,2,3,28-28
21.44,57.52,58.64,Đất thịt tơi xốp,Cây bông,7,0,5,28-28
30.58,53.33,39.94,Đất đỏ bazan,Cây bông,14,1,16,28-28
33.31,63.71,32.94,Đất mùn,Cây lúa,6,0,37,14-35-14
32.27,66.81,57.12,Đất đỏ bazan,Các loại hạt (hạt mè, hạt  cải),16,3,11,10-26-26
38.18,72.68,52.23,Đất sét,Cây đậu phộng (Lạc),42,0,0,14-35-14
28.07,57.06,54.6,Đất thịt tơi xốp,Các loại hạt (hạt mè, hạt  cải),12,0,17,14-35-14
28.94,58.91,26.54,Đất sét,Cây bắp,32,0,3,Urea
28.86,52.28,28.12,Đất đỏ bazan,Cây chuối,13,0,40,10-26-26
30.07,62.6,54.75,Đất sét,Khoai tây,8,15,17,20-20
38.21,60.25,49.83,Đất thịt tơi xốp,Cây đậu phộng (Lạc),13,4,38,17-17-17
40.0,80.0,53.26,Đất cát,Cây mía,39,0,4,17-17-17
34.24,66.72,42.15,Đất sét,Millets,26,4,23,DAP
24.27,51.0,30.89,Đất đỏ bazan,Cây mía,17,1,18,17-17-17
29.16,58.29,45.56,Đất đỏ bazan,Cây chè,23,0,19,14-35-14
36.0,70.93,50.56,Đất cát,Các loại hạt (hạt mè, hạt  cải),5,8,23,10-26-26
26.84,45.54,50.57,Đất mùn,Cây đậu phộng (Lạc),12,14,17,17-17-17
33.62,58.44,32.87,Đất sét,Cây bông,27,3,20,28-28
40.0,72.84,61.46,Đất mùn,Cây bông,13,0,37,28-28
38.79,66.25,48.58,Đất thịt tơi xốp,Cây bông,38,0,0,DAP
39.46,66.35,42.08,Đất cát,Cây mía,4,4,26,20-20
36.94,59.89,32.39,Đất thịt tơi xốp,Cây mía,5,9,34,20-20
25.12,58.53,38.28,Đất cát,Cây bắp,37,0,4,20-20
29.65,73.8,41.76,Đất thịt tơi xốp,Cây mía,16,0,6,17-17-17
28.43,60.42,24.64,Đất đỏ bazan,Cây chè,17,3,21,DAP
25.87,58.43,64.21,Đất mùn,Cây đậu phộng (Lạc),5,4,29,28-28
23.42,55.62,26.64,Đất cát,Các loại đậu,12,16,10,20-20
30.41,57.63,37.84,Đất đỏ bazan,Cây lúa,10,10,16,14-35-14
30.87,53.52,41.73,Đất thịt tơi xốp,Các loại hạt (hạt mè, hạt  cải),8,2,31,DAP
39.05,67.42,25.24,Đất thịt tơi xốp,Millets,7,1,32,10-26-26
27.98,63.97,45.35,Đất mùn,Cây đậu phộng (Lạc),12,17,18,17-17-17
29.25,42.98,64.69,Đất thịt tơi xốp,Cây đậu phộng (Lạc),10,11,16,28-28
29.23,44.55,33.21,Đất sét,Cây đậu phộng (Lạc),12,9,30,14-35-14
29.67,64.88,33.45,Đất cát,Millets,43,2,3,28-28
33.14,49.95,36.02,Đất sét,Cây đậu phộng (Lạc),5,2,27,DAP
25.08,59.42,37.34,Đất cát,Cây mía,42,0,2,20-20
33.11,79.52,30.26,Đất thịt tơi xốp,Khoai tây,14,0,40,10-26-26
22.22,54.98,60.43,Đất mùn,Cây lúa,15,8,18,10-26-26
27.93,47.92,50.02,Đất thịt tơi xốp,Khoai tây,19,4,17,17-17-17
32.24,72.15,27.8,Đất đỏ bazan,Cây chè,19,0,20,20-20
38.46,72.39,28.01,Đất thịt tơi xốp,Khoai tây,13,2,42,10-26-26
27.68,68.09,32.86,Đất đỏ bazan,Cây đậu phộng (Lạc),44,4,1,10-26-26
34.36,69.3,43.14,Đất mùn,Cây mía,24,2,16,Urea
36.56,56.18,45.38,Đất mùn,Cây chuối,24,0,14,10-26-26
30.88,44.61,40.83,Đất sét,Cây đậu phộng (Lạc),4,13,17,Urea
30.02,44.98,45.58,Đất mùn,Cây đậu phộng (Lạc),21,0,22,28-28
39.16,66.36,55.82,Đất sét,Cây bắp,14,16,20,17-17-17
32.33,57.56,43.39,Đất đỏ bazan,Cây bắp,15,0,39,DAP
27.38,66.23,51.93,Đất mùn,Cây lúa,9,13,8,10-26-26
20.05,52.7,59.86,Đất thịt tơi xốp,Các loại hạt (hạt mè, hạt  cải),36,0,0,10-26-26
24.55,42.48,48.77,Đất cát,Cây chè,20,0,23,17-17-17
26.95,60.35,33.66,Đất cát,Các loại đậu,7,9,9,10-26-26
30.28,66.13,41.03,Đất đỏ bazan,Các loại hạt (hạt mè, hạt  cải),42,1,1,28-28
27.97,47.42,60.83,Đất sét,Cây bắp,13,3,18,DAP
27.95,52.18,27.86,Đất đỏ bazan,Cây lúa,41,1,0,28-28
33.97,59.11,56.95,Đất thịt tơi xốp,Cây lúa,15,0,33,14-35-14
28.44,69.02,25.51,Đất mùn,Cây lúa,37,0,0,17-17-17
27.49,53.12,50.69,Đất sét,Cây chè,27,4,18,28-28
31.42,52.17,52.65,Đất cát,Khoai tây,11,8,17,10-26-26
38.35,71.0,65.66,Đất sét,Cây bắp,16,0,35,Urea
38.14,63.81,36.37,Đất mùn,Cây chè,11,3,34,14-35-14
24.54,57.8,26.75,Đất thịt tơi xốp,Khoai tây,15,15,15,10-26-26
33.14,50.91,52.07,Đất đỏ bazan,Cây bắp,16,0,38,14-35-14
30.52,62.93,53.95,Đất sét,Các loại hạt (hạt mè, hạt  cải),34,0,3,14-35-14
30.61,69.73,64.16,Đất mùn,Cây lúa,39,3,0,20-20
31.52,62.74,54.75,Đất cát,Cây bắp,33,0,3,DAP
26.58,56.37,50.42,Đất sét,Millets,18,3,16,10-26-26
36.99,56.66,46.46,Đất sét,Các loại hạt (hạt mè, hạt  cải),34,1,0,DAP
22.61,52.77,41.72,Đất thịt tơi xốp,Cây lúa,10,1,4,10-26-26
36.86,57.94,35.72,Đất mùn,Cây bông,7,9,35,Urea
23.83,51.13,40.03,Đất sét,Các loại hạt (hạt mè, hạt  cải),18,0,19,28-28
25.43,62.17,53.4,Đất đỏ bazan,Cây chè,39,0,0,17-17-17
38.58,64.3,54.91,Đất cát,Cây lúa,21,3,19,28-28
25.67,44.93,45.94,Đất cát,Millets,19,0,15,20-20
40.0,68.24,47.7,Đất thịt tơi xốp,Millets,10,10,32,20-20
29.44,68.03,20.57,Đất sét,Cây đậu phộng (Lạc),41,0,4,10-26-26
38.82,63.69,51.13,Đất cát,Cây chuối,4,23,20,28-28
28.68,58.87,64.36,Đất đỏ bazan,Cây đậu phộng (Lạc),8,16,12,14-35-14
36.07,68.41,54.45,Đất sét,Cây bắp,16,9,9,28-28
25.12,59.52,64.6,Đất sét,Các loại hạt (hạt mè, hạt  cải),39,0,0,17-17-17
23.48,47.79,30.27,Đất sét,Các loại đậu,14,14,7,10-26-26
27.05,69.98,52.83,Đất mùn,Cây bông,8,3,11,DAP
30.76,67.49,42.88,Đất cát,Khoai tây,14,3,35,10-26-26
26.44,47.39,51.83,Đất cát,Các loại hạt (hạt mè, hạt  cải),8,1,4,DAP
31.34,52.86,27.31,Đất đỏ bazan,Các loại đậu,34,0,1,DAP
29.79,66.3,62.12,Đất mùn,Cây lúa,6,0,10,DAP
29.14,69.95,21.5,Đất mùn,Khoai tây,0,16,17,10-26-26
30.96,59.31,60.38,Đất cát,Cây lúa,6,0,18,Urea
25.01,54.68,64.61,Đất sét,Các loại hạt (hạt mè, hạt  cải),11,4,8,10-26-26
31.64,68.37,49.45,Đất thịt tơi xốp,Cây lúa,41,0,0,28-28
30.97,55.28,50.63,Đất cát,Cây bông,11,0,36,20-20
33.8,58.8,28.44,Đất cát,Khoai tây,20,0,18,DAP
22.15,57.99,69.1,Đất đỏ bazan,Millets,40,1,0,14-35-14
26.8,54.9,42.04,Đất cát,Các loại đậu,14,4,44,Urea
28.23,66.99,61.65,Đất đỏ bazan,Cây bắp,8,0,34,28-28
25.96,52.8,57.24,Đất đỏ bazan,Cây chuối,18,0,21,17-17-17
30.27,58.16,31.73,Đất đỏ bazan,Cây bắp,11,8,12,20-20
32.92,63.87,70.0,Đất cát,Cây chuối,9,5,32,17-17-17
37.04,63.94,35.24,Đất cát,Cây đậu phộng (Lạc),6,16,22,28-28
29.99,45.6,70.0,Đất sét,Cây đậu phộng (Lạc),32,0,3,28-28
26.87,55.79,38.33,Đất sét,Cây bắp,17,0,22,10-26-26
22.21,46.25,51.97,Đất mùn,Cây đậu phộng (Lạc),9,0,9,28-28
26.15,60.28,36.97,Đất cát,Cây đậu phộng (Lạc),8,14,20,14-35-14
31.44,57.35,51.14,Đất sét,Cây chè,14,0,37,20-20
34.23,53.35,37.66,Đất sét,Cây lúa,5,0,11,28-28
35.68,57.04,20.58,Đất cát,Cây lúa,9,2,34,10-26-26
25.31,65.02,24.18,Đất sét,Cây đậu phộng (Lạc),10,18,17,17-17-17
26.8,52.7,41.8,Đất mùn,Khoai tây,6,3,15,DAP
34.58,76.12,42.72,Đất sét,Cây lúa,15,0,33,17-17-17
31.61,56.45,63.08,Đất cát,Cây mía,9,0,35,28-28
40.0,58.59,31.87,Đất cát,Cây mía,40,1,0,17-17-17
25.71,62.35,59.19,Đất cát,Cây lúa,10,0,34,10-26-26
33.66,63.43,49.93,Đất thịt tơi xốp,Cây lúa,5,22,19,Urea
35.45,74.57,35.05,Đất thịt tơi xốp,Cây chuối,12,0,36,Urea
37.13,72.24,29.37,Đất sét,Khoai tây,39,1,0,10-26-26
30.16,43.34,25.27,Đất sét,Các loại đậu,9,0,44,10-26-26
33.64,65.14,52.79,Đất cát,Cây chè,16,11,10,DAP
27.64,53.33,51.15,Đất đỏ bazan,Cây bông,11,1,34,10-26-26
35.7,73.21,36.23,Đất đỏ bazan,Cây mía,9,4,9,DAP
25.56,46.39,20.0,Đất thịt tơi xốp,Cây lúa,5,12,26,28-28
33.6,55.53,49.42,Đất thịt tơi xốp,Cây đậu phộng (Lạc),6,18,22,10-26-26
38.22,70.16,57.22,Đất sét,Cây bắp,7,0,9,Urea
30.18,51.81,29.94,Đất mùn,Cây đậu phộng (Lạc),11,11,27,20-20
25.29,59.98,64.0,Đất đỏ bazan,Cây lúa,8,2,12,28-28
28.19,58.08,28.22,Đất đỏ bazan,Millets,17,1,33,28-28
36.38,70.01,60.43,Đất mùn,Cây bắp,40,2,4,DAP
29.04,51.75,59.95,Đất cát,Các loại hạt (hạt mè, hạt  cải),18,0,38,14-35-14
24.23,60.43,28.52,Đất mùn,Cây chè,11,21,16,14-35-14
29.4,63.14,41.1,Đất đỏ bazan,Cây mía,10,4,40,17-17-17
38.43,75.91,25.65,Đất mùn,Cây chè,14,4,36,10-26-26
28.98,50.38,56.54,Đất mùn,Cây đậu phộng (Lạc),12,0,11,14-35-14
27.21,57.02,67.38,Đất đỏ bazan,Cây bắp,40,0,4,28-28
29.16,52.87,32.38,Đất mùn,Cây bông,8,0,14,17-17-17
26.2,58.33,54.24,Đất cát,Cây mía,13,0,35,14-35-14
21.05,42.39,70.0,Đất thịt tơi xốp,Cây đậu phộng (Lạc),12,3,8,Urea
31.39,65.28,47.83,Đất thịt tơi xốp,Cây chè,39,1,0,14-35-14
30.04,44.38,31.72,Đất cát,Cây chuối,16,0,14,20-20
26.62,52.74,33.14,Đất đỏ bazan,Cây bắp,15,3,45,28-28
29.37,46.93,59.62,Đất cát,Cây bông,12,0,4,20-20
24.04,48.68,40.49,Đất cát,Cây chè,7,4,31,20-20
28.58,67.94,28.77,Đất thịt tơi xốp,Khoai tây,37,0,0,Urea
29.46,52.94,48.45,Đất sét,Cây lúa,10,11,19,20-20
23.62,47.19,34.46,Đất mùn,Các loại đậu,15,1,42,DAP
27.88,43.64,55.1,Đất đỏ bazan,Cây đậu phộng (Lạc),5,0,17,DAP
32.45,66.79,49.1,Đất đỏ bazan,Cây bông,14,3,11,14-35-14
29.09,57.69,56.66,Đất đỏ bazan,Khoai tây,12,0,14,Urea
28.78,57.35,64.43,Đất cát,Các loại hạt (hạt mè, hạt  cải),31,3,0,20-20
25.5,45.0,31.33,Đất sét,Millets,34,0,0,20-20
26.98,68.44,39.49,Đất mùn,Các loại đậu,36,0,3,20-20
24.19,50.1,34.02,Đất thịt tơi xốp,Các loại đậu,15,0,40,28-28
28.26,55.11,46.68,Đất sét,Cây lúa,15,3,12,14-35-14
32.63,56.39,70.0,Đất mùn,Cây mía,41,3,0,20-20
30.92,56.11,55.05,Đất sét,Cây đậu phộng (Lạc),13,0,11,28-28
32.75,69.48,55.67,Đất sét,Cây bông,21,4,17,Urea
38.36,75.41,34.95,Đất đỏ bazan,Cây chuối,11,13,34,20-20
24.05,53.45,32.5,Đất mùn,Cây bông,17,19,13,14-35-14
38.64,57.63,62.51,Đất cát,Millets,7,7,29,17-17-17
29.68,62.09,51.54,Đất sét,Cây chuối,13,3,34,DAP
28.58,61.21,35.39,Đất cát,Cây chuối,17,3,10,Urea
30.2,51.36,29.87,Đất mùn,Cây bắp,33,0,0,DAP
23.88,54.05,34.53,Đất cát,Cây mía,1,22,15,10-26-26
24.53,47.17,38.35,Đất cát,Cây chè,32,0,0,Urea
40.0,73.73,30.74,Đất đỏ bazan,Cây bông,12,0,38,10-26-26
30.99,55.81,33.94,Đất sét,Khoai tây,6,1,10,14-35-14
32.0,44.93,39.49,Đất sét,Khoai tây,41,3,0,17-17-17
30.08,52.42,26.72,Đất đỏ bazan,Khoai tây,3,9,27,10-26-26
26.79,49.37,43.82,Đất đỏ bazan,Các loại đậu,5,0,16,17-17-17
25.77,47.79,44.15,Đất cát,Cây bắp,33,4,0,17-17-17
31.83,62.84,55.56,Đất thịt tơi xốp,Cây bông,9,15,15,14-35-14
26.57,60.41,53.33,Đất đỏ bazan,Cây bắp,8,8,18,Urea
27.96,62.45,52.25,Đất đỏ bazan,Cây lúa,14,11,28,20-20
27.01,52.69,27.55,Đất cát,Cây bông,18,0,36,DAP
26.62,49.63,47.94,Đất cát,Millets,22,0,21,28-28
26.5,59.39,29.76,Đất thịt tơi xốp,Cây bông,9,4,10,DAP
29.85,48.0,20.0,Đất đỏ bazan,Cây đậu phộng (Lạc),5,5,26,17-17-17
31.28,71.0,67.55,Đất đỏ bazan,Các loại hạt (hạt mè, hạt  cải),26,4,22,28-28
31.03,56.07,46.54,Đất cát,Khoai tây,9,0,10,DAP
28.53,50.22,28.54,Đất cát,Cây mía,12,0,12,28-28
31.99,68.1,31.15,Đất mùn,Khoai tây,0,15,21,17-17-17
27.62,54.8,31.39,Đất đỏ bazan,Cây lúa,17,0,22,DAP
25.22,48.85,64.83,Đất sét,Cây mía,5,0,9,DAP
27.44,49.87,29.06,Đất thịt tơi xốp,Các loại đậu,43,3,0,14-35-14
37.45,74.47,28.23,Đất đỏ bazan,Cây bông,10,2,28,Urea
34.81,64.86,33.36,Đất thịt tơi xốp,Các loại hạt (hạt mè, hạt  cải),16,0,39,10-26-26
26.17,55.85,65.64,Đất mùn,Cây bắp,9,9,32,20-20
33.55,63.26,49.37,Đất thịt tơi xốp,Cây mía,4,6,19,DAP
30.57,51.96,42.72,Đất cát,Cây chuối,23,1,22,DAP
37.14,69.78,61.72,Đất cát,Khoai tây,17,0,35,17-17-17
32.97,79.08,28.62,Đất mùn,Millets,9,4,41,14-35-14
34.1,66.26,41.39,Đất cát,Cây chè,6,2,9,10-26-26
23.94,60.79,50.62,Đất đỏ bazan,Cây mía,2,17,13,20-20
26.45,51.02,41.39,Đất mùn,Cây đậu phộng (Lạc),14,0,11,14-35-14
27.91,56.12,55.18,Đất cát,Cây đậu phộng (Lạc),32,0,1,Urea
24.34,62.48,28.71,Đất mùn,Cây lúa,17,0,10,DAP
35.04,52.38,29.33,Đất đỏ bazan,Cây lúa,18,0,20,10-26-26
29.04,45.29,36.71,Đất sét,Cây bông,9,4,33,28-28
26.81,64.56,70.0,Đất sét,Các loại đậu,9,16,10,14-35-14
32.4,61.69,38.95,Đất thịt tơi xốp,Cây lúa,9,4,36,10-26-26
20.3,51.89,24.85,Đất thịt tơi xốp,Millets,18,10,11,20-20
37.37,58.9,54.37,Đất sét,Cây mía,10,18,8,14-35-14
32.64,56.48,33.02,Đất cát,Cây lúa,1,15,16,DAP
35.42,55.91,25.75,Đất sét,Cây lúa,12,4,37,28-28
35.12,60.79,26.45,Đất cát,Cây lúa,27,4,22,10-26-26
31.46,59.07,67.98,Đất sét,Cây lúa,16,0,38,20-20
35.93,61.57,37.5,Đất mùn,Khoai tây,8,9,31,28-28
20.63,44.57,64.79,Đất sét,Cây chè,36,1,3,Urea
29.83,63.99,61.91,Đất sét,Cây lúa,9,10,34,17-17-17
26.37,58.84,50.54,Đất sét,Cây đậu phộng (Lạc),13,10,25,28-28
25.42,58.73,53.39,Đất đỏ bazan,Các loại hạt (hạt mè, hạt  cải),4,11,27,Urea
33.06,62.55,67.51,Đất thịt tơi xốp,Cây lúa,11,16,14,17-17-17
24.37,42.57,25.32,Đất đỏ bazan,Millets,12,2,6,17-17-17
37.26,67.14,45.88,Đất cát,Các loại hạt (hạt mè, hạt  cải),18,3,16,20-20
22.49,47.55,30.52,Đất thịt tơi xốp,Cây chuối,40,0,0,17-17-17
31.89,62.35,27.3,Đất thịt tơi xốp,Cây bông,8,0,43,14-35-14
29.67,64.14,54.58,Đất thịt tơi xốp,Millets,10,8,25,14-35-14
37.95,60.75,56.21,Đất mùn,Cây mía,35,2,0,17-17-17
35.78,62.29,42.45,Đất mùn,Khoai tây,1,23,22,17-17-17
30.73,70.83,42.3,Đất sét,Cây chuối,11,1,12,28-28
31.43,49.67,32.78,Đất sét,Millets,9,2,33,20-20
23.5,46.98,44.43,Đất cát,Cây mía,1,20,20,17-17-17
28.49,56.61,36.96,Đất đỏ bazan,Cây đậu phộng (Lạc),6,0,12,Urea
31.64,69.93,26.31,Đất mùn,Các loại hạt (hạt mè, hạt  cải),17,0,12,20-20
29.38,53.5,37.11,Đất sét,Cây đậu phộng (Lạc),9,1,3,14-35-14
30.63,48.47,42.44,Đất đỏ bazan,Millets,45,0,1,10-26-26
22.8,50.13,24.57,Đất cát,Cây bắp,11,3,44,14-35-14
32.25,63.55,56.37,Đất mùn,Các loại hạt (hạt mè, hạt  cải),11,3,39,14-35-14
28.23,46.91,30.9,Đất cát,Khoai tây,14,17,9,14-35-14
31.75,46.07,32.2,Đất đỏ bazan,Các loại đậu,39,3,3,20-20
28.62,60.33,42.04,Đất cát,Cây chuối,12,0,12,20-20
32.22,48.92,28.62,Đất thịt tơi xốp,Cây mía,11,1,34,DAP
24.96,57.15,41.93,Đất mùn,Millets,22,0,23,Urea
24.72,49.17,70.0,Đất mùn,Cây đậu phộng (Lạc),16,0,33,28-28
30.52,69.57,57.08,Đất đỏ bazan,Cây đậu phộng (Lạc),8,0,11,28-28
35.87,63.1,51.54,Đất sét,Cây chè,12,10,13,28-28
30.23,51.35,46.67,Đất thịt tơi xốp,Cây bắp,38,0,0,28-28
34.48,80.0,52.95,Đất đỏ bazan,Cây chè,41,3,4,DAP
27.91,58.92,33.61,Đất đỏ bazan,Cây bông,24,0,24,14-35-14
28.2,46.89,48.92,Đất thịt tơi xốp,Cây mía,9,7,33,14-35-14
27.32,55.2,41.01,Đất thịt tơi xốp,Cây đậu phộng (Lạc),10,2,40,28-28
23.91,44.08,34.26,Đất đỏ bazan,Cây bắp,16,0,17,14-35-14
27.49,50.47,40.81,Đất sét,Cây chuối,32,2,0,Urea
33.2,59.06,38.13,Đất thịt tơi xốp,Cây lúa,35,1,3,28-28
26.61,64.82,70.0,Đất thịt tơi xốp,Cây lúa,9,7,16,17-17-17
26.96,57.09,63.16,Đất thịt tơi xốp,Cây bông,13,4,41,DAP
32.7,66.93,54.09,Đất thịt tơi xốp,Cây đậu phộng (Lạc),9,8,34,28-28
30.35,64.11,45.1,Đất cát,Cây mía,34,0,4,14-35-14
38.32,58.04,29.6,Đất thịt tơi xốp,Cây đậu phộng (Lạc),4,13,32,14-35-14
38.87,66.29,56.82,Đất thịt tơi xốp,Millets,42,3,0,28-28
25.68,65.12,32.55,Đất sét,Millets,11,1,35,10-26-26
28.68,54.9,52.05,Đất thịt tơi xốp,Khoai tây,11,4,6,20-20
22.25,51.9,65.54,Đất mùn,Cây chè,13,0,19,28-28
22.04,60.41,51.67,Đất cát,Cây lúa,19,0,19,17-17-17
21.1,51.51,46.0,Đất sét,Các loại hạt (hạt mè, hạt  cải),9,20,19,10-26-26
28.23,63.31,41.67,Đất mùn,Cây bông,17,0,15,DAP
22.8,50.11,38.86,Đất mùn,Cây bông,18,0,16,10-26-26
29.82,63.7,20.39,Đất đỏ bazan,Cây lúa,4,9,30,14-35-14
25.57,54.15,30.23,Đất đỏ bazan,Cây đậu phộng (Lạc),43,0,3,DAP
38.7,70.68,55.4,Đất cát,Cây lúa,11,0,33,DAP
29.85,48.35,49.94,Đất đỏ bazan,Cây chè,4,9,37,20-20
29.5,46.63,46.49,Đất sét,Cây bông,27,4,16,17-17-17
28.04,63.25,67.45,Đất thịt tơi xốp,Cây bắp,14,2,35,Urea
29.12,44.13,29.35,Đất đỏ bazan,Các loại đậu,14,3,10,DAP
26.52,58.92,34.29,Đất sét,Cây chè,5,9,34,DAP
21.31,57.18,24.62,Đất đỏ bazan,Cây bông,22,0,16,10-26-26
28.53,56.5,53.26,Đất mùn,Cây chè,21,0,23,28-28
29.74,67.01,62.02,Đất mùn,Cây lúa,15,11,15,17-17-17
31.09,49.95,49.7,Đất mùn,Cây mía,7,13,18,17-17-17
30.64,48.22,36.77,Đất cát,Khoai tây,18,1,25,14-35-14
25.61,54.53,30.19,Đất thịt tơi xốp,Cây mía,6,9,28,14-35-14
27.97,47.17,23.87,Đất sét,Các loại đậu,7,0,10,17-17-17
33.96,74.09,54.5,Đất thịt tơi xốp,Các loại đậu,33,2,0,Urea
31.13,63.28,33.21,Đất sét,Khoai tây,31,0,0,20-20
30.16,48.47,29.99,Đất thịt tơi xốp,Cây bông,11,0,12,DAP
27.03,54.61,29.22,Đất cát,Cây chè,17,1,36,14-35-14
34.33,61.44,37.09,Đất thịt tơi xốp,Millets,11,0,14,28-28
32.45,57.39,37.81,Đất mùn,Cây chuối,38,0,0,20-20
20.25,57.16,58.47,Đất cát,Cây bắp,10,13,13,28-28
29.45,64.13,38.78,Đất mùn,Cây bông,18,4,22,17-17-17
33.61,71.46,47.12,Đất mùn,Các loại đậu,20,0,20,DAP
27.8,66.95,64.26,Đất sét,Cây chuối,14,11,34,10-26-26
26.61,57.49,20.0,Đất mùn,Cây mía,17,0,42,17-17-17
22.94,62.54,60.3,Đất cát,Cây bắp,7,3,19,Urea
21.09,58.26,53.18,Đất cát,Các loại đậu,25,0,22,DAP
26.66,64.42,45.56,Đất cát,Các loại hạt (hạt mè, hạt  cải),23,0,24,14-35-14
27.71,49.09,20.19,Đất mùn,Các loại hạt (hạt mè, hạt  cải),14,2,40,17-17-17
29.06,51.8,55.09,Đất cát,Cây đậu phộng (Lạc),15,4,37,Urea
30.52,56.23,50.8,Đất đỏ bazan,Các loại đậu,35,2,2,20-20
34.08,50.64,63.2,Đất cát,Cây bông,9,5,28,DAP
27.39,44.22,57.71,Đất sét,Các loại hạt (hạt mè, hạt  cải),42,0,0,14-35-14
35.58,59.73,38.2,Đất đỏ bazan,Các loại đậu,11,0,40,10-26-26
31.55,56.81,69.3,Đất đỏ bazan,Cây mía,11,9,17,10-26-26
21.26,40.17,21.0,Đất mùn,Cây chuối,13,10,12,14-35-14
23.21,54.01,47.49,Đất mùn,Cây chuối,11,14,19,DAP
24.72,56.71,42.09,Đất sét,Cây chè,21,0,25,DAP
30.01,73.84,51.09,Đất sét,Cây đậu phộng (Lạc),38,1,0,28-28
26.1,43.22,23.24,Đất cát,Millets,8,0,7,14-35-14
30.85,57.89,52.46,Đất mùn,Cây mía,11,4,12,17-17-17
31.0,66.62,40.41,Đất thịt tơi xốp,Cây bắp,8,0,10,17-17-17
32.4,63.31,54.7,Đất đỏ bazan,Cây đậu phộng (Lạc),36,0,0,14-35-14
29.03,60.03,35.31,Đất mùn,Cây bắp,33,2,3,10-26-26
32.36,59.53,47.64,Đất đỏ bazan,Cây đậu phộng (Lạc),8,4,14,10-26-26
30.19,57.73,35.0,Đất mùn,Cây đậu phộng (Lạc),6,10,25,28-28
29.96,55.46,24.12,Đất mùn,Cây bông,8,19,16,Urea
36.83,69.28,25.17,Đất đỏ bazan,Cây chuối,17,0,28,28-28
26.95,60.64,35.66,Đất đỏ bazan,Cây đậu phộng (Lạc),35,4,3,Urea
31.23,44.6,25.08,Đất đỏ bazan,Cây bắp,17,3,12,DAP
33.78,51.39,47.6,Đất thịt tơi xốp,Cây bông,9,9,34,28-28
30.05,43.14,35.86,Đất mùn,Khoai tây,31,3,0,DAP
32.02,65.43,53.07,Đất mùn,Cây mía,7,14,32,Urea
32.6,70.04,38.74,Đất thịt tơi xốp,Các loại hạt (hạt mè, hạt  cải),45,1,3,14-35-14
30.26,62.42,39.3,Đất sét,Khoai tây,5,10,28,20-20
32.38,64.54,42.94,Đất cát,Các loại hạt (hạt mè, hạt  cải),38,3,1,14-35-14
26.34,51.73,64.26,Đất đỏ bazan,Cây bắp,6,4,10,14-35-14
35.41,64.82,37.5,Đất đỏ bazan,Cây chè,6,13,28,20-20
36.97,62.88,35.83,Đất sét,Cây bắp,39,0,0,20-20
37.09,64.38,48.85,Đất thịt tơi xốp,Cây bắp,9,9,13,Urea
27.52,63.71,48.66,Đất cát,Cây mía,8,0,7,28-28
24.48,64.2,53.94,Đất đỏ bazan,Các loại đậu,10,4,33,10-26-26
25.66,59.28,49.09,Đất thịt tơi xốp,Cây đậu phộng (Lạc),10,0,17,10-26-26
21.42,48.7,23.99,Đất cát,Cây chuối,15,15,14,28-28
27.59,55.45,46.99,Đất cát,Cây chuối,27,3,24,28-28
25.31,54.96,42.95,Đất mùn,Cây lúa,10,1,32,20-20
27.77,46.81,52.26,Đất mùn,Cây mía,25,1,22,DAP
27.99,49.45,28.34,Đất mùn,Các loại hạt (hạt mè, hạt  cải),5,1,10,14-35-14
25.31,52.69,46.3,Đất đỏ bazan,Cây chè,10,16,16,14-35-14
20.9,47.22,38.74,Đất mùn,Cây lúa,18,4,20,20-20
38.93,73.79,39.95,Đất đỏ bazan,Cây bắp,17,3,12,10-26-26
32.5,52.21,45.37,Đất cát,Millets,11,0,33,Urea
27.51,56.22,31.72,Đất sét,Cây chè,17,0,20,28-28
30.2,52.48,47.01,Đất thịt tơi xốp,Millets,17,0,23,17-17-17
30.46,57.4,50.66,Đất đỏ bazan,Cây bông,10,6,25,Urea
29.85,70.42,53.9,Đất mùn,Millets,5,13,15,20-20
32.1,63.87,62.18,Đất mùn,Cây lúa,14,17,9,17-17-17
29.02,56.08,69.64,Đất cát,Cây chè,41,0,3,20-20
37.77,68.79,52.51,Đất thịt tơi xốp,Các loại đậu,40,0,1,17-17-17
28.96,44.12,38.64,Đất cát,Cây đậu phộng (Lạc),38,3,1,20-20
30.78,67.39,59.69,Đất thịt tơi xốp,Các loại đậu,6,7,29,20-20
32.45,58.34,40.46,Đất đỏ bazan,Các loại đậu,20,2,23,20-20
29.13,44.19,38.55,Đất cát,Millets,14,3,9,20-20
22.56,53.06,45.6,Đất mùn,Cây chè,32,1,4,14-35-14
24.66,54.0,32.86,Đất sét,Cây mía,39,0,4,14-35-14
32.23,60.35,52.66,Đất thịt tơi xốp,Các loại đậu,7,0,12,Urea
33.28,59.63,23.84,Đất sét,Millets,10,5,29,10-26-26
30.38,53.03,38.43,Đất đỏ bazan,Các loại hạt (hạt mè, hạt  cải),22,0,23,14-35-14
33.24,67.38,66.34,Đất sét,Các loại hạt (hạt mè, hạt  cải),33,1,1,10-26-26
24.63,45.95,37.32,Đất sét,Cây mía,11,2,39,17-17-17
30.39,55.03,47.02,Đất đỏ bazan,Millets,37,0,0,14-35-14
21.24,47.35,32.53,Đất sét,Khoai tây,28,0,20,14-35-14
20.85,58.5,65.7,Đất thịt tơi xốp,Cây đậu phộng (Lạc),34,0,1,20-20
30.07,53.75,28.21,Đất cát,Các loại đậu,13,3,42,14-35-14
25.05,54.36,40.75,Đất thịt tơi xốp,Cây mía,8,0,37,10-26-26
28.08,63.94,40.47,Đất đỏ bazan,Các loại đậu,26,2,16,Urea
26.74,46.67,64.2,Đất cát,Cây mía,36,2,0,14-35-14
35.21,54.52,33.97,Đất cát,Cây bắp,10,1,5,14-35-14
32.32,54.98,49.88,Đất cát,Cây mía,12,0,8,10-26-26
30.34,56.6,37.66,Đất cát,Các loại hạt (hạt mè, hạt  cải),13,0,13,28-28
28.58,65.43,55.68,Đất thịt tơi xốp,Cây mía,22,0,21,Urea
32.16,62.99,55.68,Đất đỏ bazan,Cây đậu phộng (Lạc),8,10,14,17-17-17
31.59,52.6,26.27,Đất đỏ bazan,Cây đậu phộng (Lạc),11,1,37,17-17-17
30.47,71.93,28.93,Đất sét,Cây chuối,15,4,42,DAP
33.94,69.58,46.01,Đất đỏ bazan,Cây đậu phộng (Lạc),4,21,24,28-28
40.0,61.0,41.55,Đất đỏ bazan,Cây bắp,13,0,37,17-17-17
30.63,52.83,40.16,Đất sét,Các loại đậu,23,0,28,28-28
32.25,54.93,32.87,Đất đỏ bazan,Cây bông,5,4,30,Urea
31.06,58.28,27.05,Đất đỏ bazan,Các loại đậu,21,3,21,17-17-17
30.28,50.57,45.48,Đất sét,Cây chè,14,4,5,14-35-14
34.28,70.67,55.22,Đất cát,Cây chè,9,13,12,Urea
23.05,52.71,38.47,Đất mùn,Cây bông,6,13,17,14-35-14
31.1,68.24,34.24,Đất đỏ bazan,Millets,14,0,12,28-28
37.04,63.65,37.66,Đất sét,Cây bắp,10,9,29,17-17-17
38.43,57.96,69.57,Đất sét,Cây bông,11,0,38,10-26-26
32.22,54.27,38.62,Đất thịt tơi xốp,Khoai tây,35,0,3,28-28
40.0,74.57,47.73,Đất cát,Cây chuối,36,0,0,20-20
33.61,58.4,53.84,Đất thịt tơi xốp,Các loại đậu,12,7,35,10-26-26
26.21,55.82,40.52,Đất thịt tơi xốp,Millets,10,7,29,17-17-17
33.44,74.2,47.96,Đất cát,Khoai tây,6,13,30,28-28
34.14,73.42,43.02,Đất cát,Cây đậu phộng (Lạc),45,0,0,20-20
39.52,67.73,51.76,Đất cát,Cây mía,11,4,26,10-26-26
40.0,77.82,37.44,Đất đỏ bazan,Cây chuối,40,3,3,Urea
27.95,53.87,46.04,Đất sét,Cây bắp,7,4,13,14-35-14
39.18,73.57,58.33,Đất đỏ bazan,Cây bắp,9,17,18,DAP
33.75,69.57,30.0,Đất mùn,Cây mía,11,0,11,28-28
27.3,49.58,30.5,Đất sét,Cây bắp,5,9,25,20-20
32.94,51.34,51.7,Đất sét,Cây bắp,33,1,4,28-28
32.4,61.14,47.06,Đất thịt tơi xốp,Cây chuối,17,4,37,20-20
32.91,58.24,59.48,Đất cát,Cây đậu phộng (Lạc),10,22,22,10-26-26
30.55,64.61,50.52,Đất cát,Các loại đậu,11,0,8,DAP
31.55,43.6,51.07,Đất đỏ bazan,Cây bông,13,0,12,DAP
33.23,66.86,28.43,Đất cát,Cây chè,24,0,17,Urea
26.63,59.52,31.78,Đất đỏ bazan,Các loại hạt (hạt mè, hạt  cải),16,0,22,17-17-17
29.89,58.63,68.75,Đất cát,Millets,7,8,27,10-26-26
33.19,68.69,31.4,Đất thịt tơi xốp,Các loại đậu,9,4,32,20-20
29.76,65.67,57.62,Đất đỏ bazan,Các loại đậu,36,0,0,20-20
35.42,62.94,37.99,Đất cát,Cây chè,10,0,43,DAP
35.64,61.77,28.86,Đất đỏ bazan,Millets,18,0,16,DAP
29.43,66.72,40.93,Đất thịt tơi xốp,Cây chuối,12,4,11,17-17-17
28.46,63.35,51.28,Đất cát,Cây bắp,12,2,31,Urea
23.12,47.76,27.04,Đất thịt tơi xốp,Khoai tây,12,1,15,14-35-14
26.9,71.54,43.14,Đất đỏ bazan,Cây chè,25,0,23,20-20
28.92,72.65,58.39,Đất cát,Cây chè,3,7,25,10-26-26
30.08,54.89,41.18,Đất thịt tơi xốp,Millets,20,2,16,28-28
27.52,65.37,24.05,Đất mùn,Cây lúa,33,0,0,10-26-26
23.17,50.04,33.92,Đất sét,Cây chuối,8,15,11,Urea
23.79,58.36,23.74,Đất đỏ bazan,Cây đậu phộng (Lạc),11,13,32,17-17-17
39.81,59.87,36.5,Đất mùn,Các loại hạt (hạt mè, hạt  cải),19,0,39,28-28
32.65,57.34,24.75,Đất đỏ bazan,Millets,19,0,24,28-28
28.79,52.18,55.68,Đất cát,Millets,14,0,12,10-26-26
24.47,49.03,26.52,Đất sét,Cây bông,7,5,33,14-35-14
33.78,59.21,54.84,Đất thịt tơi xốp,Cây chuối,24,2,14,Urea
26.11,42.23,33.59,Đất thịt tơi xốp,Millets,41,0,0,DAP
27.98,66.44,24.95,Đất đỏ bazan,Khoai tây,43,0,0,DAP
29.68,59.22,36.21,Đất đỏ bazan,Cây đậu phộng (Lạc),30,0,0,DAP
40.0,65.25,38.68,Đất thịt tơi xốp,Các loại đậu,8,0,42,Urea
29.82,66.48,26.27,Đất sét,Cây mía,26,0,24,14-35-14
32.46,44.86,30.71,Đất mùn,Cây mía,41,0,0,17-17-17
36.43,68.37,45.11,Đất cát,Cây chè,33,0,1,17-17-17
28.53,50.93,32.94,Đất đỏ bazan,Cây bông,8,12,14,Urea
26.17,68.6,21.39,Đất mùn,Các loại hạt (hạt mè, hạt  cải),5,14,19,28-28
22.65,53.88,25.63,Đất thịt tơi xốp,Các loại hạt (hạt mè, hạt  cải),30,0,0,DAP
25.65,61.88,34.2,Đất thịt tơi xốp,Cây chuối,11,12,28,Urea
35.88,60.02,54.82,Đất sét,Cây lúa,8,11,25,10-26-26
28.12,57.98,53.96,Đất thịt tơi xốp,Cây chuối,6,4,19,14-35-14
28.17,63.82,46.27,Đất đỏ bazan,Cây chuối,35,0,0,17-17-17
25.59,61.86,35.24,Đất cát,Cây bông,13,0,37,Urea
28.26,52.27,34.48,Đất đỏ bazan,Cây mía,8,18,11,14-35-14
28.77,60.04,35.99,Đất đỏ bazan,Cây bắp,32,2,4,20-20
22.67,44.94,57.31,Đất mùn,Cây mía,21,0,19,14-35-14
27.56,44.94,44.87,Đất cát,Cây bông,37,1,0,28-28
33.77,55.55,39.11,Đất đỏ bazan,Cây lúa,11,4,13,10-26-26
35.02,69.63,29.61,Đất đỏ bazan,Cây lúa,11,0,36,10-26-26
29.26,45.19,22.33,Đất đỏ bazan,Các loại hạt (hạt mè, hạt  cải),37,0,0,DAP
31.71,69.4,32.98,Đất mùn,Cây bông,12,2,9,Urea
30.16,60.67,37.22,Đất mùn,Cây đậu phộng (Lạc),14,13,9,14-35-14
28.65,60.71,44.52,Đất cát,Các loại đậu,39,0,1,14-35-14
35.76,59.0,37.95,Đất thịt tơi xốp,Cây bông,15,4,15,20-20
31.26,61.46,56.74,Đất thịt tơi xốp,Millets,4,13,35,DAP
28.83,56.35,43.69,Đất sét,Cây đậu phộng (Lạc),13,0,9,28-28
26.81,68.51,57.27,Đất cát,Millets,9,15,8,14-35-14
32.28,64.92,25.67,Đất thịt tơi xốp,Khoai tây,23,0,25,14-35-14
40.0,63.6,26.39,Đất thịt tơi xốp,Các loại đậu,11,0,37,17-17-17
22.96,56.23,30.77,Đất sét,Cây bông,18,4,39,Urea
29.48,41.38,29.63,Đất đỏ bazan,Khoai tây,24,0,20,28-28
29.52,62.66,29.65,Đất mùn,Cây chuối,8,4,10,14-35-14
32.92,58.25,66.52,Đất sét,Cây bắp,6,9,27,14-35-14
37.61,60.04,49.05,Đất đỏ bazan,Cây bắp,13,4,39,14-35-14
31.96,60.24,45.23,Đất sét,Cây lúa,19,0,39,14-35-14
23.7,42.61,38.64,Đất thịt tơi xốp,Các loại đậu,7,0,8,17-17-17
34.45,67.14,34.11,Đất cát,Cây lúa,15,0,43,10-26-26
27.28,53.74,47.89,Đất cát,Cây bông,8,0,12,DAP
38.56,64.33,25.81,Đất sét,Cây chuối,14,0,18,10-26-26
38.58,73.91,42.11,Đất sét,Cây chuối,7,0,39,20-20
27.56,59.15,37.01,Đất cát,Các loại đậu,32,0,1,28-28
27.37,64.83,49.57,Đất cát,Millets,21,0,25,Urea
30.47,57.1,59.57,Đất cát,Cây chuối,10,4,5,DAP
26.9,53.02,26.55,Đất cát,Cây lúa,14,13,12,14-35-14
29.88,58.26,34.56,Đất đỏ bazan,Cây bắp,5,21,19,14-35-14
27.71,44.46,32.7,Đất thịt tơi xốp,Cây chuối,23,0,25,Urea
23.54,58.86,47.16,Đất cát,Cây mía,40,0,0,28-28
24.47,59.99,64.4,Đất cát,Cây chuối,12,0,11,17-17-17
38.93,50.59,50.36,Đất đỏ bazan,Cây mía,10,0,43,10-26-26
25.11,48.56,39.33,Đất sét,Cây mía,40,0,0,28-28
31.42,61.64,53.25,Đất đỏ bazan,Cây bắp,9,22,21,DAP
24.66,55.05,22.56,Đất mùn,Các loại đậu,10,2,8,DAP
31.54,53.53,57.76,Đất thịt tơi xốp,Cây chè,10,11,27,28-28
29.19,57.91,29.68,Đất thịt tơi xốp,Cây bắp,16,13,16,10-26-26
28.72,60.25,48.31,Đất thịt tơi xốp,Cây chuối,17,12,15,10-26-26
26.53,50.82,58.73,Đất thịt tơi xốp,Cây bắp,9,0,6,DAP
34.81,72.24,37.11,Đất đỏ bazan,Cây bắp,35,3,2,DAP
33.3,71.48,57.21,Đất thịt tơi xốp,Cây chuối,10,16,23,20-20
27.97,58.72,44.33,Đất mùn,Khoai tây,1,21,19,10-26-26
29.4,53.94,34.97,Đất thịt tơi xốp,Các loại hạt (hạt mè, hạt  cải),12,0,10,10-26-26
32.02,65.33,38.04,Đất sét,Cây mía,15,0,8,17-17-17
32.62,69.47,40.77,Đất cát,Khoai tây,23,3,16,17-17-17
31.58,64.65,54.87,Đất mùn,Cây mía,8,0,40,14-35-14
33.71,68.66,44.72,Đất đỏ bazan,Cây bông,39,1,0,17-17-17
36.71,62.34,27.09,Đất đỏ bazan,Cây chè,22,4,22,Urea
28.42,50.81,31.81,Đất cát,Millets,19,9,11,17-17-17
29.25,74.15,45.73,Đất mùn,Cây đậu phộng (Lạc),39,2,0,DAP
27.35,67.26,42.1,Đất cát,Các loại hạt (hạt mè, hạt  cải),10,3,8,10-26-26
23.17,50.72,53.22,Đất đỏ bazan,Cây bắp,26,2,19,14-35-14
24.09,57.64,70.0,Đất cát,Millets,5,0,10,17-17-17
29.97,50.7,36.33,Đất sét,Cây chuối,23,0,21,17-17-17
36.49,70.7,60.17,Đất cát,Các loại hạt (hạt mè, hạt  cải),10,3,36,20-20
29.51,65.1,65.25,Đất đỏ bazan,Các loại hạt (hạt mè, hạt  cải),16,4,30,10-26-26
29.27,66.78,50.96,Đất mùn,Cây bắp,23,4,24,14-35-14
29.88,57.24,45.44,Đất sét,Millets,25,0,18,14-35-14
28.64,46.68,31.48,Đất cát,Cây chè,11,0,15,DAP
27.42,44.23,32.95,Đất đỏ bazan,Cây đậu phộng (Lạc),36,2,4,20-20
36.89,66.29,60.84,Đất đỏ bazan,Khoai tây,11,1,38,20-20
34.42,59.76,42.39,Đất mùn,Cây bắp,26,2,20,DAP
29.88,70.26,34.36,Đất sét,Các loại đậu,35,2,0,10-26-26
34.97,68.96,25.98,Đất thịt tơi xốp,Cây lúa,41,4,1,17-17-17
29.62,68.68,36.49,Đất sét,Cây bắp,4,19,12,Urea
32.64,55.94,53.27,Đất cát,Cây chuối,6,5,31,20-20
32.31,48.95,63.07,Đất mùn,Các loại đậu,13,1,40,28-28
36.78,57.38,22.77,Đất sét,Cây chuối,7,4,29,17-17-17
37.71,66.52,23.68,Đất đỏ bazan,Cây mía,12,0,15,Urea
36.08,75.9,30.95,Đất đỏ bazan,Cây bông,12,4,15,DAP
27.5,71.05,41.74,Đất thịt tơi xốp,Cây đậu phộng (Lạc),17,0,23,10-26-26
37.1,64.48,57.39,Đất mùn,Millets,8,18,15,20-20
24.74,60.57,32.84,Đất thịt tơi xốp,Cây bông,11,1,11,10-26-26
29.31,65.95,20.69,Đất thịt tơi xốp,Các loại hạt (hạt mè, hạt  cải),12,15,16,14-35-14
25.02,47.4,28.38,Đất đỏ bazan,Cây chuối,15,4,8,20-20
30.86,57.51,25.42,Đất sét,Cây mía,10,0,38,10-26-26
29.43,67.48,32.15,Đất mùn,Millets,4,3,18,10-26-26
32.19,54.53,52.95,Đất mùn,Millets,9,12,29,Urea
25.53,52.33,58.88,Đất đỏ bazan,Cây mía,13,0,30,Urea
32.93,62.95,42.75,Đất thịt tơi xốp,Cây mía,26,0,23,DAP
23.13,57.17,30.1,Đất sét,Cây đậu phộng (Lạc),12,1,45,28-28
34.3,61.63,47.02,Đất thịt tơi xốp,Cây chuối,2,5,28,20-20
36.18,59.14,62.07,Đất đỏ bazan,Cây bắp,11,2,8,10-26-26
24.32,42.11,32.47,Đất mùn,Các loại đậu,10,0,38,14-35-14
32.82,51.38,44.81,Đất thịt tơi xốp,Khoai tây,16,0,40,17-17-17
34.62,70.94,56.04,Đất cát,Các loại đậu,14,8,10,20-20
34.0,66.54,55.39,Đất đỏ bazan,Khoai tây,43,0,4,DAP
28.62,47.01,27.51,Đất mùn,Cây mía,19,18,12,17-17-17
35.35,71.27,70.0,Đất mùn,Cây đậu phộng (Lạc),19,0,22,14-35-14
35.0,59.47,32.84,Đất sét,Cây mía,16,0,42,14-35-14
33.59,57.66,54.37,Đất mùn,Cây chuối,11,3,32,28-28
32.15,69.95,36.68,Đất mùn,Cây lúa,7,2,41,Urea
24.84,52.43,64.91,Đất đỏ bazan,Cây lúa,12,0,37,17-17-17
33.7,53.48,55.24,Đất thịt tơi xốp,Cây mía,8,14,12,Urea
31.05,66.1,67.51,Đất thịt tơi xốp,Cây chuối,10,4,31,28-28
31.65,52.45,40.07,Đất cát,Các loại hạt (hạt mè, hạt  cải),23,0,20,28-28
29.95,51.27,44.42,Đất thịt tơi xốp,Các loại đậu,37,3,1,Urea
36.15,75.78,34.18,Đất đỏ bazan,Khoai tây,4,6,29,DAP
28.74,59.78,62.23,Đất đỏ bazan,Cây chuối,32,0,0,DAP
29.69,64.42,57.32,Đất thịt tơi xốp,Cây chuối,17,4,31,17-17-17
32.92,74.73,37.68,Đất mùn,Cây chuối,3,9,27,Urea
40.0,71.69,45.98,Đất sét,Các loại đậu,6,6,28,10-26-26
29.82,57.59,58.76,Đất sét,Cây chuối,16,1,33,28-28
31.74,63.6,38.22,Đất đỏ bazan,Cây bắp,8,17,21,20-20
25.58,56.58,54.54,Đất cát,Cây bắp,10,0,40,14-35-14
36.47,69.23,46.99,Đất cát,Cây chè,6,17,20,17-17-17
28.88,68.91,22.41,Đất mùn,Cây đậu phộng (Lạc),8,8,27,14-35-14
29.26,62.18,50.45,Đất thịt tơi xốp,Cây chuối,8,0,5,DAP
32.44,64.0,39.76,Đất cát,Cây chè,18,16,16,DAP
27.83,54.18,53.54,Đất sét,Cây chuối,7,0,9,17-17-17
24.36,56.1,54.7,Đất mùn,Millets,15,0,13,20-20
32.16,64.74,23.88,Đất thịt tơi xốp,Cây chuối,12,0,41,10-26-26
28.08,51.05,51.19,Đất thịt tơi xốp,Cây lúa,9,1,39,DAP
26.09,60.39,70.0,Đất đỏ bazan,Các loại hạt (hạt mè, hạt  cải),35,0,0,Urea
28.7,50.97,22.32,Đất mùn,Cây bắp,19,18,14,Urea
31.44,60.25,50.87,Đất sét,Cây đậu phộng (Lạc),9,0,9,10-26-26
39.86,58.58,45.17,Đất thịt tơi xốp,Các loại đậu,3,7,29,28-28
28.69,43.52,47.72,Đất thịt tơi xốp,Cây lúa,24,0,16,10-26-26
31.16,66.55,38.16,Đất mùn,Các loại hạt (hạt mè, hạt  cải),2,22,24,Urea
31.87,65.45,31.98,Đất cát,Cây đậu phộng (Lạc),22,0,20,DAP
33.32,63.9,66.9,Đất sét,Cây lúa,17,0,36,DAP
31.98,63.51,24.19,Đất cát,Cây chuối,41,0,0,10-26-26
29.3,52.52,59.05,Đất cát,Cây đậu phộng (Lạc),13,12,26,28-28
28.2,46.6,47.75,Đất thịt tơi xốp,Các loại đậu,8,0,35,17-17-17
26.86,63.11,40.03,Đất đỏ bazan,Cây chuối,7,0,15,10-26-26
25.75,46.01,43.13,Đất đỏ bazan,Cây lúa,19,0,24,Urea
32.35,49.24,48.5,Đất mùn,Millets,33,0,3,DAP
30.13,64.72,39.08,Đất thịt tơi xốp,Millets,26,0,25,20-20
34.0,66.67,32.44,Đất mùn,Khoai tây,10,20,13,14-35-14
27.52,64.0,39.0,Đất cát,Khoai tây,17,0,39,14-35-14
28.04,57.31,37.69,Đất sét,Cây bắp,40,3,2,Urea
26.14,57.9,20.0,Đất đỏ bazan,Cây bông,9,9,25,14-35-14
25.63,43.51,39.59,Đất mùn,Cây bắp,19,2,23,28-28
29.22,73.79,56.71,Đất sét,Cây lúa,30,0,0,28-28
30.34,61.61,33.6,Đất cát,Cây mía,11,4,37,DAP
36.52,68.56,47.25,Đất cát,Các loại đậu,9,2,32,Urea
23.28,56.67,68.46,Đất sét,Cây bắp,34,4,3,20-20
29.37,63.97,20.0,Đất cát,Cây chuối,15,0,41,DAP
24.55,46.15,28.78,Đất cát,Millets,16,3,11,Urea
29.21,62.99,20.75,Đất thịt tơi xốp,Các loại đậu,13,12,14,DAP
33.56,64.48,49.59,Đất sét,Cây chè,5,9,36,17-17-17
28.72,54.05,46.87,Đất cát,Cây chuối,6,13,26,17-17-17
32.29,67.95,50.47,Đất thịt tơi xốp,Khoai tây,7,5,28,Urea
28.08,56.34,41.97,Đất đỏ bazan,Cây chè,11,1,8,Urea
32.86,67.54,58.78,Đất sét,Cây bắp,9,16,14,14-35-14
25.52,48.3,60.18,Đất cát,Cây chuối,13,2,11,28-28
37.23,62.96,32.84,Đất sét,Cây đậu phộng (Lạc),6,10,31,14-35-14
31.69,58.52,66.67,Đất đỏ bazan,Cây chè,15,3,40,DAP
25.23,42.61,57.32,Đất sét,Cây bông,13,0,12,17-17-17
31.22,60.38,20.0,Đất cát,Cây chuối,6,8,33,20-20
36.36,66.52,63.86,Đất mùn,Cây mía,37,0,2,17-17-17
27.29,59.32,68.93,Đất sét,Cây bắp,6,12,26,20-20
36.39,71.0,65.23,Đất mùn,Cây đậu phộng (Lạc),16,0,42,28-28
29.78,63.98,40.9,Đất cát,Cây mía,10,2,41,28-28
31.27,60.81,33.61,Đất thịt tơi xốp,Các loại đậu,11,0,10,10-26-26
23.99,48.68,20.0,Đất sét,Các loại hạt (hạt mè, hạt  cải),11,13,34,14-35-14
27.91,45.32,31.67,Đất mùn,Cây chuối,28,3,19,28-28
34.26,74.07,39.31,Đất thịt tơi xốp,Cây lúa,10,0,9,DAP
22.06,52.67,39.56,Đất sét,Cây bắp,35,0,0,Urea
33.9,52.87,59.39,Đất sét,Cây bông,13,16,10,DAP
30.95,58.67,49.62,Đất thịt tơi xốp,Cây bắp,11,8,33,28-28
28.93,43.63,41.64,Đất cát,Cây bông,17,3,19,Urea
28.89,65.73,67.41,Đất thịt tơi xốp,Các loại đậu,12,9,27,20-20
23.75,41.84,36.89,Đất mùn,Các loại đậu,1,23,12,28-28
32.89,73.2,61.14,Đất đỏ bazan,Cây đậu phộng (Lạc),13,0,41,28-28
25.18,44.54,29.17,Đất cát,Cây mía,34,3,0,10-26-26
25.16,62.12,48.45,Đất mùn,Cây bông,37,0,0,17-17-17
31.85,66.55,47.93,Đất đỏ bazan,Cây lúa,25,4,25,Urea
31.23,56.4,57.12,Đất thịt tơi xốp,Cây bắp,15,12,12,Urea
33.73,55.28,55.87,Đất cát,Cây chuối,6,4,32,28-28
29.48,62.99,28.37,Đất đỏ bazan,Các loại đậu,13,4,35,28-28
35.22,74.25,40.93,Đất sét,Khoai tây,9,0,42,17-17-17
29.55,69.77,43.55,Đất thịt tơi xốp,Cây bắp,13,14,18,20-20
31.42,62.68,53.13,Đất thịt tơi xốp,Cây lúa,34,3,4,14-35-14
31.87,70.05,30.84,Đất mùn,Cây mía,17,4,26,14-35-14
28.52,53.09,38.5,Đất sét,Các loại hạt (hạt mè, hạt  cải),46,3,0,10-26-26
31.18,54.18,36.66,Đất thịt tơi xốp,Cây mía,37,0,1,14-35-14
34.43,56.84,51.15,Đất sét,Các loại đậu,3,5,33,10-26-26
31.91,60.89,34.53,Đất cát,Cây chuối,30,0,0,10-26-26
29.88,43.2,21.33,Đất thịt tơi xốp,Khoai tây,19,14,15,Urea
27.52,52.93,58.25,Đất sét,Cây lúa,14,15,12,28-28
35.82,64.69,38.55,Đất đỏ bazan,Cây lúa,7,16,23,10-26-26
22.52,49.65,29.74,Đất cát,Cây chuối,20,2,15,DAP
25.12,54.96,33.96,Đất sét,Các loại hạt (hạt mè, hạt  cải),5,17,18,14-35-14
28.0,51.97,28.7,Đất đỏ bazan,Millets,42,2,4,28-28
36.28,59.06,26.66,Đất thịt tơi xốp,Cây bắp,13,0,9,17-17-17
27.91,59.9,44.02,Đất sét,Cây bông,27,1,22,14-35-14
26.35,57.93,25.04,Đất mùn,Các loại đậu,15,8,11,20-20
33.47,57.91,25.73,Đất sét,Cây chè,35,1,0,DAP
30.31,50.75,39.01,Đất thịt tơi xốp,Các loại hạt (hạt mè, hạt  cải),13,16,13,20-20
28.95,60.12,46.69,Đất đỏ bazan,Khoai tây,26,2,21,10-26-26
28.04,68.04,35.47,Đất sét,Cây chè,41,0,0,DAP
28.77,46.44,53.68,Đất cát,Cây bắp,21,0,18,14-35-14
27.5,46.3,38.5,Đất cát,Cây bắp,15,3,11,14-35-14
35.03,73.63,57.92,Đất mùn,Cây bông,2,4,27,17-17-17
37.17,56.02,62.53,Đất sét,Cây chuối,12,0,34,14-35-14
24.05,46.54,42.61,Đất thịt tơi xốp,Cây bắp,20,0,18,Urea
33.73,61.96,28.3,Đất đỏ bazan,Cây mía,3,13,34,DAP
20.72,56.64,38.74,Đất sét,Cây đậu phộng (Lạc),7,18,20,Urea
25.39,54.64,36.2,Đất mùn,Khoai tây,14,5,33,17-17-17
33.49,64.59,37.02,Đất mùn,Cây bông,20,3,19,20-20
34.24,73.77,56.36,Đất đỏ bazan,Các loại đậu,19,0,15,28-28
27.58,65.51,52.06,Đất sét,Cây chè,6,4,37,Urea
40.0,66.7,39.73,Đất mùn,Millets,13,4,42,14-35-14
36.43,71.29,30.73,Đất sét,Các loại hạt (hạt mè, hạt  cải),15,3,14,14-35-14
35.3,59.61,44.25,Đất mùn,Các loại hạt (hạt mè, hạt  cải),10,14,10,Urea
39.39,71.67,49.34,Đất thịt tơi xốp,Cây đậu phộng (Lạc),35,0,0,10-26-26
35.79,67.64,45.04,Đất đỏ bazan,Cây đậu phộng (Lạc),41,0,0,Urea
37.78,73.38,36.03,Đất thịt tơi xốp,Cây chè,10,3,30,DAP
31.38,48.73,62.27,Đất mùn,Millets,11,2,33,28-28
